,station no.,station name,latitude,longitude,altitude,meanSpeed-100m,closestZone,distanceToZone,distanceToCentroid,inZone,scaleFactor,meanSpeed-10m,startTime,meanRes,Observations,Storm no.,1-in-5-year duration,1-in-10-year duration,1-in-20-year duration,1-in-25-year duration,1-in-50-year duration,1-in-100-year duration
0,046128,FOWLERS GAP AWS                         ,-31.0863,141.7008,181.0,7.20423,0,0.0,78.92933688746743,True,1.6668822861902048,4.32197875721711,2004-10-26 18:00:00,39.30806173333334,246944,608,20.500234611060687,28.69124308556118,39.90747611061841,44.33573257134119,61.330020132737914,84.60088964494392
1,047048,BROKEN HILL AIRPORT AWS                 ,-32.0012,141.4694,281.3,7.2803807,0,0.0,4.8697153601037115,True,1.510156694768192,4.820943913358692,1989-01-01 13:30:00,43.69179196666666,412572,611,10.341970801353455,11.791226983070374,13.240483224391937,13.707039475440979,15.156295716762543,16.605551958084106
2,050137,CONDOBOLIN AIRPORT AWS                  ,-33.0682,147.2133,192.6,6.2185802,2,0.0,64.94867294409343,True,1.6705240033520772,3.7225327103911483,1993-06-15 00:00:00,40.80438598333333,384341,660,14.263312549801032,19.549052936842838,26.578479171103194,29.302422295460186,39.54933763588331,53.17655544075542
3,051049,TRANGIE RESEARCH STATION AWS            ,-31.9861,147.9489,215.0,6.804929,2,0.0,94.46676618741554,True,1.9720005302805932,3.4507743152755577,1997-10-10 10:00:00,41.305167266666665,324717,1166,35.94777098368603,54.23156186321056,81.5469589103523,92.94393605358542,139.38200409410632,208.75898805699546
4,053000,MOREE AUTOSONDE                         ,-29.4917,149.8461,213.0,5.68134,4,0.0,20.045573924969155,True,1.870091479738585,3.0380012310330997,2000-06-30 11:00:00,43.10469313333333,16066,18,4.9538596868515015,5.627752810716629,6.301645934581757,6.518591076135635,7.192484214901924,7.866377368569374
5,053115,MOREE AERO                              ,-29.4898,149.8471,213.0,5.6745696,4,0.0,20.248033274148483,True,1.355206585984666,4.187235854272341,1989-01-06 12:30:00,38.92014833333334,462839,74,2.081483855843544,2.498308852314949,2.915133848786354,3.0493215322494507,3.4661465287208557,3.8829715251922607
6,054038,NARRABRI AIRPORT AWS                    ,-30.3154,149.8302,229.0,5.81251,4,0.0,59.6512911221819,True,1.4672360909929882,3.9615369668602978,2001-07-13 15:00:00,36.697000116666665,311647,180,12.092133324544902,20.918473057550926,36.10891835018018,43.03375755848022,74.17011126869535,127.75688584958877
7,055202,GUNNEDAH AIRPORT AWS                    ,-30.9537,150.2494,262.6,4.8859096,4,44.67226203158852,130.79116924476878,False,1.375874598691903,3.551129995413646,2001-09-14 09:00:00,39.56758396666667,286599,43,2.4965241104364395,3.092953100800514,3.6893820762634277,3.881389334797859,4.477818325161934,5.074247315526009
8,056018,INVERELL RESEARCH CENTRE                ,-29.7752,151.082,664.0,4.4586205,5,34.99835947532844,77.66540453676389,False,1.6372325773438365,2.7232664497073054,2002-12-18 10:30:00,36.9749743,288943,22,2.2171651124954224,2.910312294960022,3.6034594774246216,3.826603025197983,4.519750207662582,5.212897419929504
9,056238,ARMIDALE AIRPORT AWS                    ,-30.5273,151.6158,1079.0,6.852955,5,0.0,63.967852382740155,True,1.5273942636037203,4.486696740848792,1993-06-19 11:00:00,36.2931182,431895,650,33.591383696627005,58.25986627636366,100.87795444800358,120.35235920841832,208.15100336869352,359.8348512128776
10,056243,GLEN INNES AIRPORT AWS                  ,-29.678,151.694,1044.3,6.608227,5,0.0,23.26756889181711,True,1.5310068698609485,4.316262001308479,1996-10-16 10:00:00,41.633888266666666,334570,472,26.509163988732958,44.17276547925865,73.37872000485126,86.36508064529608,143.14177703088964,237.01943916229362
11,061287,MERRIWA (ROSCOMMON)                     ,-32.1852,150.1737,375.0,6.1609936,1,0.0,70.67059676433898,True,1.7090515017914305,3.604919787140318,2007-08-02 16:00:00,30.210638833333334,273169,464,6.688186794519424,7.546404629945755,8.404622435569763,8.680906891822815,9.539124727249146,10.397342562675476
12,061363,SCONE AIRPORT AWS                       ,-32.0335,150.8264,221.4,4.981134,1,45.34951925279463,144.05970612910008,False,1.5054648073923536,3.308701680289437,1989-01-01 11:00:00,43.59807285,413401,281,15.474951368320577,28.95272911784897,54.17212885390955,66.27832612621367,124.01518227375276,232.0514536641947
13,061392,MURRURUNDI GAP AWS                      ,-31.7416,150.7937,729.4,7.8514023,1,49.99778151680812,151.35095374999375,False,1.2842677111841594,6.113524629125384,2003-06-20 11:00:00,33.894088583333335,307389,682,33.96448526813238,50.436076472864315,74.53690424913692,84.46118928425525,124.32161379801887,182.64440813857345
14,062100,NULLO MOUNTAIN AWS                      ,-32.7244,150.229,1130.0,7.790032,1,0.0,75.64847009668368,True,2.1100605945458106,3.69185222930502,1989-01-03 10:00:00,40.01174375,450387,4295,86.738061147271,136.26507698816548,213.81006229576408,247.13394060027983,387.39864327318236,607.0126079604814
15,062101,MUDGEE AIRPORT AWS                      ,-32.5628,149.6149,471.0,4.7964463,1,0.0,9.798327415789108,True,1.5440259155630025,3.1064545452566668,1989-01-01 11:00:00,44.13489081666667,408372,169,8.284160069799345,14.584053315315831,25.626618817791805,30.71800352293744,53.90649516460706,94.55169784942872
16,063291,BATHURST AIRPORT AWS                    ,-33.4119,149.654,744.5,4.5955534,1,5.55431310321705,91.0366398030891,False,1.3483903003444417,3.408177437169643,1989-01-01 11:00:00,42.8830494,420294,41,2.2008247793146607,3.649359649883925,5.992104816416524,7.019528171300318,11.442747513644578,18.596510909563452
17,063292,MOUNT BOYCE AWS                         ,-33.6185,150.2741,1080.0,7.1276574,1,47.65103812316338,134.69995987124432,False,1.7638215170714941,4.041030991229118,1989-09-25 00:00:00,40.2407047,438357,4103,282.8431228211565,481.00429651835685,817.2336360564724,969.1625898168429,1645.514663481886,2793.112887599005
18,063303,ORANGE AIRPORT AWS                      ,-33.3768,149.1263,944.7,6.7261634,1,9.685537974233744,101.03440774729987,False,1.6167724230440303,4.1602412877841415,1996-03-14 14:00:00,38.950355566666666,365534,590,6.732299745082855,7.645139396190643,8.557978987693787,8.85184770822525,9.764687299728394,10.677526950836182
19,063308,MARRANGAROO (DEFENCE)                   ,-33.4346,150.135,955.0,5.7547545,1,23.827611160233698,111.32898653299529,False,3.4914237818838454,1.6482543806811636,2017-12-07 12:00:00,30.042342516666668,93523,1849,14.813958585262299,16.144396364688873,17.474834144115448,17.90313947200775,19.233577251434326,20.5640150308609
20,064017,COONABARABRAN AIRPORT AWS               ,-31.333,149.2699,645.0,6.5363307,1,31.947061335618326,114.04844284397078,False,1.5259125841973034,4.283555144385319,2001-07-02 11:00:00,35.025353216666666,326980,191,4.089160352945328,4.746017128229141,5.402873903512955,5.6143345683813095,6.271191358566284,6.928048148751259
21,065070,DUBBO AIRPORT AWS                       ,-32.2206,148.5753,284.0,6.046174,1,19.994079250135037,114.84572783127625,False,1.4027621075831547,4.3101920252141035,1989-01-02 09:00:00,49.58289548333333,363465,94,2.231106236577034,2.6440449953079224,3.0569837391376495,3.189920336008072,3.6028590947389603,4.015797853469849
22,068072,NOWRA RAN AIR STATION AWS               ,-34.9469,150.5353,109.0,5.3677278,7,13.393728138892065,73.76237285744793,False,1.3663950540379755,3.9283864067258705,2000-11-29 10:00:00,30.982478216666667,379642,744,7.536790430545807,8.488936230540276,9.441082045435905,9.74760453402996,10.699750363826752,11.651896208524704
23,068076,NOWRA RAN AIR STATION                   ,-34.9449,150.545,109.0,5.51312,7,14.191128372693921,74.7415866428796,False,0.5498059131952945,10.027393380270292,1989-06-10 16:00:00,2193.0752453500004,2746,0,0,0,0,0,0,0
24,068151,JERVIS BAY (POINT PERPENDICULAR AWS)    ,-35.0936,150.8049,85.0,7.490162,7,41.64353978815259,106.6773214823823,False,1.6763151175962985,4.468230237338815,2004-10-08 10:00:00,40.42147885,240795,1096,116.65351434060179,203.83084811393104,355.8071807979931,425.64282985256335,742.4922292037875,1294.8561022692131
25,068192,CAMDEN AIRPORT AWS                      ,-34.039,150.689,73.9,4.4065576,7,46.834713285423575,110.03662940057141,False,1.7381329220235417,2.5352247254122013,1994-09-19 15:00:00,38.34953711666667,391678,676,5.980200752615929,6.75332647562027,7.526452228426933,7.775343120098114,8.548468872904778,9.321594640612602
26,068228,BELLAMBI AWS                            ,-34.3691,150.9291,10.0,6.8187523,7,48.47666806111386,119.53672667019396,False,1.3736961642016496,4.963799467825704,1989-01-01 11:00:00,32.986001316666666,546354,1171,54.91486379802206,95.58134839832762,166.15739985977103,198.49805715822902,344.76774705532165,598.6165186637905
27,068239,MOSS VALE AWS                           ,-34.5253,150.4217,678.4,7.361471,7,0.0,61.172380764914685,True,1.5477370466333291,4.756280268770649,2001-02-26 16:00:00,34.980666066666664,332576,1806,169.64316361645078,305.07542504467085,548.2877745966421,662.1189449861497,1189.474685762038,2136.5121745495267
28,068241,ALBION PARK (SHELLHARBOUR AIRPORT)      ,-34.5639,150.7924,8.0,4.9378114,7,27.811621508566045,100.46458494379252,False,1.315078554489503,3.754765339155807,1999-06-04 15:00:00,37.18340791666667,337390,538,7.32929565012455,8.323923274874687,9.318550914525986,9.63874951004982,10.63337716460228,11.6280048340559
29,068242,KIAMA (BOMBO HEADLAND)                  ,-34.6532,150.8609,15.5,6.930965,7,33.572348317022,107.07767773400798,False,1.5128483940997774,4.581400868572231,2001-12-17 16:00:00,38.39180955,291999,1173,52.553262664632726,81.50562488431768,126.07837470328032,145.03097569180963,223.87694282076924,345.2619110111604
30,068253,PORT KEMBLA NTC AWS                     ,-34.4734,150.9118,0.0,6.519816,7,41.390687480515055,115.13710921580761,False,1.677188800384536,3.8873476380766565,2012-07-11 14:30:00,30.0291607,188267,690,9.90658974647522,11.036218792200089,12.16584786772728,12.52950718998909,13.659136265516281,14.788765341043472
31,068262,HIGH RANGE AWS (WANGANDERRY)            ,-34.3335,150.267,813.6,7.0253158,7,0.0,55.68943686419033,True,1.3149055028630108,5.342829386803526,2014-07-01 12:30:00,30.19680686666667,152891,484,7.851281434297562,8.75709879398346,9.66291618347168,9.954524248838425,10.860341638326645,11.766159027814865
32,068264,JERVIS BAY NSW (JERVIS BAY AIRFIELD AWS),-35.144,150.6974,57.2,6.817914,7,35.03006849873485,97.39032594272564,False,1.4376342985483386,4.742453637881814,2018-10-12 14:30:00,30.01599471666667,78776,144,10.176798522472382,11.498110383749008,12.819422274827957,13.244789689779282,14.566101610660553,15.887413531541824
33,069128,NERRIGA AWS                             ,-35.1103,150.0826,622.0,5.4236255,7,1.9042467591422496,42.14242708632019,False,1.5703449110642864,3.453779759461858,2013-06-25 13:00:00,30.2003377,170562,775,11.616487801074982,12.903505682945251,14.190523594617844,14.604850798845291,15.891868710517883,17.178886651992798
34,069132,BRAIDWOOD RACECOURSE AWS                ,-35.4253,149.7835,665.2,5.866378,7,30.128087703773357,68.40036167039757,False,1.8626190335904476,3.149531774727515,1989-01-01 11:00:00,42.95744573333333,419563,2539,29.642333180584163,37.54776971862802,47.225733090864416,50.781639631745186,63.426850850241706,78.90732310725579
35,069138,ULLADULLA AWS                           ,-35.3635,150.4828,35.7,7.3889804,7,43.78369521582845,89.29233831963126,False,2.024134696030028,3.6504390755879528,1992-09-22 00:00:00,40.43750706666666,397312,3388,84.43366591068316,125.9361415999392,187.39648844430113,212.89795036509003,316.1768284157514,469.1208531101732
36,070014,CANBERRA AIRPORT COMPARISON             ,-35.3049,149.2014,578.4,4.76841,7,30.314461154781977,95.42872297371119,False,1.280914765514499,3.72266003501471,1985-01-02 16:00:00,61.41043788333333,215465,65,6.801496105283487,12.333815839885602,22.429518758647113,27.20161796210739,49.561159820906674,90.36416883612733
37,070330,GOULBURN AIRPORT AWS                    ,-34.8085,149.7311,640.0,6.5079293,7,0.0,20.363916317541115,True,1.5400127848848397,4.225893050355692,1989-01-03 10:00:00,42.593235033333336,423088,1955,31.37208072873908,41.36667865366915,54.18258897794379,59.03413050440816,76.83727506718887,99.66595771359874
38,070339,TUGGERANONG (ISABELLA PLAINS) AWS       ,-35.4184,149.0937,586.7,4.302654,7,44.99090976141262,111.4906405705364,False,1.6003172704363555,2.688625480088125,1996-08-09 13:00:00,32.37487131666667,433167,164,2.420065313577652,2.8025642186403275,3.185063138604164,3.3082002848386765,3.690699189901352,4.073198109865189
39,070351,CANBERRA AIRPORT                        ,-35.3088,149.2004,577.1,4.7843604,7,30.596918016366327,95.73648665176074,False,1.3231189952323381,3.6159713722066478,2010-03-01 10:30:00,30.255991783333332,227937,62,1.9298225343227386,2.2428567484021187,2.5558909699320793,2.6566654816269875,2.9696997106075287,3.2827339321374893
40,074037,YANCO AGRICULTURAL INSTITUTE            ,-34.6222,146.4326,164.0,6.437553,27,42.713018135724276,282.68794071239506,False,1.7747778326827817,3.6272443853963714,1999-08-05 17:00:00,41.063755433333334,303331,664,19.77274289535408,28.350970860685056,40.41653591624765,45.262084120490066,64.2025833403598,90.84303011394772
41,074037,YANCO AGRICULTURAL INSTITUTE            ,-34.6222,146.4326,164.0,6.437553,3,42.713018135724276,282.68794071239506,False,1.7747778326827817,3.6272443853963714,1999-08-05 17:00:00,41.063755433333334,303331,664,19.77274289535408,28.350970860685056,40.41653591624765,45.262084120490066,64.2025833403598,90.84303011394772
42,074258,DENILIQUIN AIRPORT AWS                  ,-35.5575,144.9458,94.0,6.8295126,27,25.715732628327657,139.46321271422818,False,1.5404647033959262,4.43341063321661,1997-05-23 10:00:00,39.161910733333336,347636,402,6.62806499004364,7.6005401611328125,8.573015362024307,8.8860824406147,9.858557641506195,10.83103284239769
43,074258,DENILIQUIN AIRPORT AWS                  ,-35.5575,144.9458,94.0,6.8295126,3,25.715732628327657,139.46321271422818,False,1.5404647033959262,4.43341063321661,1997-05-23 10:00:00,39.161910733333336,347636,402,6.62806499004364,7.6005401611328125,8.573015362024307,8.8860824406147,9.858557641506195,10.83103284239769
44,075019,HAY AIRPORT AWS                         ,-34.5412,144.8345,92.0,6.8656693,27,0.0,106.10447354520424,True,1.50978304544869,4.547454199585268,2007-06-26 09:00:00,35.587693433333335,233404,333,6.1994559317827225,7.046635881066322,7.893815830349922,8.16654685139656,9.013726815581322,9.860906794667244
45,075019,HAY AIRPORT AWS                         ,-34.5412,144.8345,92.0,6.8656693,3,0.0,106.10447354520424,True,1.50978304544869,4.547454199585268,2007-06-26 09:00:00,35.587693433333335,233404,333,6.1994559317827225,7.046635881066322,7.893815830349922,8.16654685139656,9.013726815581322,9.860906794667244
46,075041,GRIFFITH AIRPORT AWS                    ,-34.2487,146.0695,134.0,6.419528,27,3.47176768783417,245.9691264350595,False,1.593124933967018,4.029519512648734,2000-06-13 18:00:00,36.1413063,332172,433,5.5820596516132355,6.351244926452637,7.12043023109436,7.368052572011948,8.137237876653671,8.906423181295395
47,075041,GRIFFITH AIRPORT AWS                    ,-34.2487,146.0695,134.0,6.419528,3,3.47176768783417,245.9691264350595,False,1.593124933967018,4.029519512648734,2000-06-13 18:00:00,36.1413063,332172,433,5.5820596516132355,6.351244926452637,7.12043023109436,7.368052572011948,8.137237876653671,8.906423181295395
48,075174,GRIFFITH CSIRO                          ,-34.3229,146.0684,125.0,6.6753535,27,4.627198956071963,244.75514866971326,False,2.975672484475571,2.2433092223338376,1989-03-01 12:00:00,68.24389636666666,112489,459,12.095274567604065,13.579727113246918,15.064179688692093,15.54206669330597,17.026519298553467,18.510971903800964
49,075174,GRIFFITH CSIRO                          ,-34.3229,146.0684,125.0,6.6753535,3,4.627198956071963,244.75514866971326,False,2.975672484475571,2.2433092223338376,1989-03-01 12:00:00,68.24389636666666,112489,459,12.095274567604065,13.579727113246918,15.064179688692093,15.54206669330597,17.026519298553467,18.510971903800964
50,075175,HAY CSIRO AWS                           ,-34.5471,144.867,90.0,6.8976617,27,0.0,109.5990357866981,True,2.256258826371676,3.057123413910734,1996-09-13 12:00:00,67.02405705,86087,199,10.716121196746826,12.17556181550026,13.635002464056015,14.104837417602539,15.564278095960617,17.023718774318695
51,075175,HAY CSIRO AWS                           ,-34.5471,144.867,90.0,6.8976617,3,0.0,109.5990357866981,True,2.256258826371676,3.057123413910734,1996-09-13 12:00:00,67.02405705,86087,199,10.716121196746826,12.17556181550026,13.635002464056015,14.104837417602539,15.564278095960617,17.023718774318695
52,015590,ALICE SPRINGS AIRPORT                   ,-23.7951,133.889,546.0,5.714463,32,0.0,8.927277973743195,True,1.5642290312279274,3.6532138963447522,1990-08-08 12:00:00,38.18442996666667,450056,177,3.6073583364486694,4.218267738819122,4.829177141189575,5.025846034288406,5.6367554515600204,6.247664853930473
53,015643,TERRITORY GRAPE FARM                    ,-22.4518,133.6377,565.6,6.7526736,32,35.44579446716831,105.10764343094569,False,2.0222022360885394,3.3392672134550976,2000-08-05 09:30:00,53.71027216666666,222105,554,5.138880401849747,5.735687658190727,6.332494929432869,6.524623945355415,7.121431216597557,7.71823850274086
54,030022,HUGHENDEN AIRPORT                       ,-20.8192,144.2333,316.4,6.97717,12,0.0,177.11476095400414,True,1.7101170437202122,4.0799371108315015,2001-02-23 11:00:00,40.23045918333333,289292,137,3.1312226057052612,3.6599370539188385,4.188651502132416,4.358859539031982,4.887574017047882,5.416288465261459
55,030024,HUGHENDEN POST OFFICE                   ,-20.8447,144.1986,324.0,6.97508,12,0.0,177.95682314736928,True,1.922932077686575,3.627314814814815,2001-02-21 17:00:00,102.5,24,0,0,0,0,0,0,0
56,030124,GEORGETOWN AIRPORT                      ,-18.3039,143.5306,301.8,5.753821,12,0.0,62.02129923827779,True,1.9208331024138994,2.9954819546361886,2004-06-01 18:00:00,37.11525723333333,267237,116,2.6209040135145187,3.048145607113838,3.4753872007131577,3.61292827129364,4.04016986489296,4.467411458492279
57,030161,RICHMOND AIRPORT                        ,-20.7001,143.1137,206.3,6.192665,12,0.0,166.96859787752314,True,1.4399694853565064,4.300553006902422,1998-11-07 19:00:00,41.9743175,306044,50,2.003767341375351,2.4473815262317657,2.890995740890503,3.0338076055049896,3.4774217903614044,3.9210360050201416
58,033045,MACKAY AERO                             ,-21.1706,149.1794,5.3,6.210302,11,7.562863103179123,93.45354629179857,False,1.2695788692468393,4.891623534780706,1995-11-14 01:00:00,33.150592616666664,434842,23,3.799647331237793,5.306488990783691,6.81333065032959,7.298425316810608,8.805267095565796,10.312108755111694
59,033106,HAMILTON ISLAND AIRPORT                 ,-20.3658,148.9536,58.7,7.59709,11,39.01323976833973,98.75835869673249,False,1.0044092421031035,7.563739409196125,2002-07-19 12:00:00,39.75673615,274229,43,9.46922738080934,23.927662619987156,60.721321475052825,81.98379458657634,208.46189496638166,530.3219027078529
60,033119,MACKAY M.O                              ,-21.1172,149.2169,30.3,6.8704095,11,14.139447045315475,97.48899831898383,False,1.5338396423465268,4.4792227942207585,1995-10-15 13:00:00,41.18888011666666,351011,259,14.664590776803832,21.75769061191842,31.938275494352524,36.07966026360194,52.49431320875116,76.05393756318405
61,033210,ST LAWRENCE                             ,-22.3472,149.5242,9.2,4.921065,11,29.331704801005266,176.18666247837456,False,1.6753931641643056,2.93725971845114,2004-08-09 18:00:00,37.183977033333335,264071,10,1.3454289510846138,1.9346040561795235,2.5237791687250137,2.713451199233532,3.3026263266801834,3.8918014615774155
62,033247,PROSERPINE AIRPORT                      ,-20.4925,148.555,19.7,6.4205017,11,0.1631072460927245,63.89445161965711,False,1.6858516845965297,3.8084617808600263,1996-03-22 08:00:00,45.0386002,315931,352,14.857884704178376,22.93170747165801,35.204024465167045,40.38057859682661,61.72653849526068,94.1726788117738
63,033255,HAMILTON ISLAND                         ,-20.3528,148.9511,22.6,7.22885,11,39.76581228046294,99.4639190574183,False,0.9139429622369912,7.909519725557462,2002-03-14 17:00:00,62.61406516666667,2915,0,0,0,0,0,0,0
64,033317,HAY POINT                               ,-21.2894,149.3008,7.0,7.2941017,11,10.503650209684006,108.0569523144602,False,1.1715599557456131,6.225973907110646,2005-11-24 14:00:00,30.418649683333335,300465,36,6.173024892807007,7.848130464553833,9.523236274719238,10.062499761581421,11.737605571746826,13.412711143493652
65,033327,BOWEN AIRPORT AWS                       ,-20.0153,148.2138,5.9,7.54576,11,14.992843196237716,105.22872992161204,False,1.7126049764976121,4.40601321278167,2015-03-19 12:30:00,30.47228308333333,139175,77,4.557709574699402,5.282363414764404,6.007017254829407,6.2403037548065186,6.964957594871521,7.689611434936523
66,033329,OORALEA RACECOURSE (MACKAY TURF CLUB)   ,-21.17,149.1515,10.3,5.663748,11,5.2071024178980085,90.35263315913467,False,1.9247752294980052,2.9425502264764343,2016-06-27 10:00:00,30.29505108333333,117844,113,5.421512424945831,6.191335141658783,6.961157858371735,7.208985447883606,7.978808224201202,8.748630940914154
67,034035,MORANBAH AIRPORT                        ,-22.0644,148.0758,232.2,5.8115926,11,20.125792067787767,94.16103535337861,False,1.432854536612899,4.055954341761632,2012-02-27 09:00:00,30.03898545,194688,12,5.138331174850464,7.044485807418823,8.950640559196472,9.564285397529602,11.470440149307251,13.3765949010849
68,036034,BLACKALL AIRPORT                        ,-24.4303,145.4306,281.3,6.916158,8,35.49191641839256,132.53787850009053,False,1.8980710935569378,3.6437824814820794,2001-03-13 11:00:00,37.49755395,309685,292,4.047176077961922,4.632315754890442,5.217455431818962,5.405828341841698,5.990968033671379,6.5761077255010605
69,039089,THANGOOL AIRPORT                        ,-24.4935,150.5709,193.1,5.087457,10,0.0,38.713701639612005,True,1.8944111713858265,2.685508434951608,2009-10-01 14:30:00,31.879949266666664,223139,65,2.6783577501773834,3.152897000312805,3.6274362206459045,3.780203729867935,4.2547429502010345,4.729282200336456
70,039123,GLADSTONE RADAR                         ,-23.8553,151.2628,74.5,6.699093,10,4.210244063959086,77.99496233498554,False,1.4479017531760239,4.626759274443543,1994-08-10 15:00:00,31.701080016666666,475638,228,5.369188189506531,6.27514374256134,7.18109929561615,7.472751796245575,8.378707349300385,9.284662902355194
71,039322,RUNDLE ISLAND                           ,-23.5322,151.2771,19.8,7.608096,10,30.765086729826862,107.0548305326289,False,1.041075531013508,7.307919450700243,1996-01-20 04:00:00,34.823724250000005,411174,21,2.3492029160261154,3.2073851376771927,4.065567389130592,4.341840356588364,5.200022608041763,6.058204874396324
72,039326,GLADSTONE AIRPORT                       ,-23.8697,151.2214,16.6,5.8156376,10,0.0845978517541118,74.55870495599487,False,1.4861767396465972,3.913153418000537,1996-01-09 08:30:00,31.907905866666667,449236,39,2.390524208545685,3.0392388999462128,3.6879535615444183,3.8967930376529694,4.545507729053497,5.194222390651703
73,040004,AMBERLEY AMO                            ,-27.6297,152.7111,24.2,4.7296977,9,25.6910013451838,132.60134378987183,False,1.5675023050510641,3.0173465704480145,1995-10-14 14:00:00,40.774853416666666,354609,83,2.680657207965851,3.210956573486328,3.7412559390068054,3.9119741916656494,4.442273572087288,4.972572937607765
74,040082,UNIVERSITY OF QUEENSLAND GATTON         ,-27.5436,152.3375,89.0,5.0312443,9,0.0,90.45102278246777,True,1.644844678968021,3.058795971611566,2002-07-16 12:00:00,36.77464056666667,296584,192,20.55288518816365,38.83019482071427,73.27761569632551,89.88690403188447,169.50468554848578,319.5610824812375
75,040651,JIMNA FORESTRY                          ,-26.6644,152.4606,523.0,5.4292564,9,17.786618341232447,131.11962898052002,False,2.3506270019664224,2.3097056379711147,2000-07-24 13:00:00,54.26036055,107113,109,7.896831551033587,10.829736052005812,14.687212737971635,16.171450187522197,21.712854975561452,29.001138576434904
76,040922,KINGAROY AIRPORT                        ,-26.5737,151.8398,433.7,6.441113,9,0.0,95.22970247332205,True,2.1602612309961717,2.981636157113037,2001-01-19 12:00:00,40.15200386666667,291111,849,7.5887532234191895,8.514990597963333,9.441227942705154,9.739409774541855,10.665647119283676,11.59188449382782
77,041097,INGLEWOOD FOREST                        ,-28.3661,150.9539,379.0,5.4786572,9,0.0,107.36237465396395,True,1.5548534859766727,3.523584244463135,2000-07-24 13:00:00,52.14789945,145058,13,2.8536925371475115,19.736582789785285,156.7809807216177,307.1883303238605,2490.1285939423715,20209.827630783435
78,041175,APPLETHORPE                             ,-28.6217,151.9533,871.6,7.269514,9,11.441098714347786,121.59045518412834,False,3.14054458262395,2.3147304209859576,1997-03-24 00:00:00,40.32258443333333,339787,6185,327.45334647615505,554.2419801668491,937.6285021899103,1110.469181386569,1877.9314118193727,3175.3274520062278
79,041359,OAKEY AERO                              ,-27.4034,151.7413,405.7,5.9872656,9,0.0,25.0478721338488,True,1.352256566574585,4.4276106582491455,1995-11-06 15:00:00,38.416543716666666,375513,46,2.5407038927078247,3.188645824790001,3.8365877717733383,4.0451785027980804,4.693120449781418,5.341062411665916
80,041522,DALBY AIRPORT                           ,-27.1605,151.2633,345.9,6.016582,9,0.0,42.65994431236344,True,1.3950321399132881,4.31286265028309,2006-07-06 15:00:00,35.768355449999994,246507,28,1.6765429303050041,2.060249410569668,2.4439558908343315,2.5674817860126495,2.951188273727894,3.3348947539925575
81,041525,WARWICK                                 ,-28.2061,152.1003,475.4,5.808574,9,0.0,95.69029715611128,True,2.164506700935776,2.6835556559678504,1998-11-13 00:30:00,43.617628466666666,294342,958,7.4836825132369995,8.364948987960815,9.246215492486954,9.529919922351837,10.411186426877975,11.292452961206436
82,041529,TOOWOOMBA AIRPORT                       ,-27.5425,151.9134,640.9,7.552426,9,0.0,43.51803632523433,True,1.3554594995861566,5.571856528110591,1996-06-25 15:00:00,38.328849983333335,367657,154,5.002126038074493,5.927072465419769,6.852018862962723,7.149785101413727,8.074731528759003,8.999677956104279
83,041560,GOONDIWINDI AIRPORT                     ,-28.5226,150.3223,216.5,5.778338,4,32.33015222240148,126.68232404108339,False,1.9280334793674632,2.997011212362647,2021-09-29 11:30:00,30.071706,26776,30,5.1634958535432816,5.86819551885128,6.572895184159279,6.799757808446884,7.504457503557205,8.209157183766365
84,016092,PORT AUGUSTA ARID LANDS                 ,-32.4783,137.7386,18.5,6.2530103,16,0.0,23.87043207947336,True,1.348337470088707,4.637570646589204,1994-10-31 13:00:00,104.01381313333333,33736,7,828.761631140381,51465.70437667947,3197857.054562874,12083346.260940416,750814179.388333,46652801492.253395
85,017110,LEIGH CREEK AIRPORT                     ,-30.5963,138.4219,258.8,7.4333596,14,0.0,90.60418599786759,True,1.6466827062096459,4.514142035332064,1992-07-29 09:30:00,47.97146141666666,336597,1330,73.88619836743943,119.08041702844716,191.44283456381032,222.97880848473932,357.7990413213115,573.6655452631207
86,018012,CEDUNA AMO                              ,-32.1297,133.6976,15.3,7.64024,19,40.772089426910625,136.64317443516234,False,1.4099227424851364,5.418906981347508,1992-04-14 09:30:00,35.41178386666666,460290,452,42.95975261941261,84.2379602556005,165.10915389117238,205.03890475094917,401.7792307449607,787.2277739476585
87,018083,WUDINNA AERO                            ,-33.043,135.4519,86.4,7.041612,19,33.43271118544003,81.63869449769744,False,1.534067820588156,4.59015700204518,1999-07-13 17:30:00,41.152801849999996,303478,720,19.56321519071624,25.992561857095552,34.23489950008769,37.35462284793198,48.800911859704414,63.47490343145259
88,018115,NEPTUNE ISLAND                          ,-35.3365,136.1174,32.0,8.759283,13,29.516244247020122,124.61894140520258,False,1.0764266443852888,8.137371098611213,1995-08-15 13:00:00,40.146253949999995,362314,557,29.30097901975255,46.333441836583866,72.95058608983565,84.37526109214369,132.39968641492823,207.44890685022602
89,018116,CLEVE AERODROME                         ,-33.7081,136.5026,175.0,7.49255,13,0.0,20.607509210781885,True,1.384112515994506,5.413252036707957,1996-07-16 17:30:00,43.45663291666666,323575,668,19.823314875963234,26.533386191739957,35.18267660174444,38.4679241523981,50.56631112262525,66.16114722400151
90,018120,WHYALLA AERO                            ,-33.0539,137.5206,9.3,6.8054705,16,0.0,45.55464904957605,True,1.3974593545902072,4.869887946479427,1992-04-06 10:30:00,34.55202128333334,472076,471,9.77119368314743,11.211939096450806,12.652684569358826,13.116501033306122,14.557246446609497,15.997991919517517
91,018191,COULTA (COLES POINT)                    ,-34.3749,135.3741,28.0,7.9129443,19,29.22198182604306,123.37705835709525,False,1.5169313099305037,5.21641571049551,1992-04-06 10:30:00,37.826146683333334,349397,698,42.420430932188914,68.74632236764432,111.06089542292698,129.5464473718283,208.78717138084858,336.1537000036065
92,018192,NORTH SHIELDS (PORT LINCOLN AWS)        ,-34.5993,135.8784,8.5,6.7399406,13,0.0,80.79364418587852,True,1.2969900822094667,5.1966015282312945,1992-04-06 10:30:00,35.22567853333333,463048,464,19.86804807518031,31.34444705535095,49.23120452601772,56.89575981580727,89.05468358013054,139.17657903566197
93,018195,MINNIPA PIRSA                           ,-32.8427,135.1515,165.0,7.5427666,19,17.450262727413516,52.42869425809194,False,1.493868637339216,5.049149826506579,1996-07-19 04:30:00,42.7346265,328959,374,11.425797834827542,15.61445085762977,21.111551069358452,23.223715091227,31.097789557459635,41.431559430462585
94,018200,THEVENARD WIND                          ,-32.1803,133.6343,8.5,8.405201,19,43.55664469396604,140.4765406704714,False,1.340730996158099,6.269118102242198,2002-07-12 12:00:00,31.427733049999997,269230,236,21.956490320553492,38.91031691848948,68.88052856127906,82.77163450784867,146.41659179107427,258.92528289723435
95,018201,PORT AUGUSTA AERO                       ,-32.5073,137.7169,14.0,6.0209565,16,0.0,23.32411475541118,True,1.168011238782022,5.1548789226929,2001-07-02 17:30:00,37.97463316666666,301575,45,2.7472708970308304,3.40961155295372,4.07195220887661,4.2851782739162445,4.947518944740295,5.609859615564346
96,018207,CEDUNA (THEVENARD NTC AWS)              ,-32.149,133.6416,5.0,8.236557,19,44.53450938013751,141.04681009420113,False,1.7264081948489427,4.770920939445969,2021-06-04 14:00:00,30.027759783333334,32421,202,191.7543141388352,338.45168810205337,597.019787919179,716.6487821194869,1263.6282030160412,2227.7315518306514
97,018217,CUMMINS AERO                            ,-34.2524,135.7135,60.1,6.980287,13,5.6885947437206585,77.39337746580242,False,1.576538852040701,4.4276023175751815,2007-05-25 08:30:00,35.470366399999996,235476,560,15.774462961429352,20.57119021366208,26.6024895802099,28.857054348387425,37.02095293641045,47.28605949621907
98,018229,CULTANA (DEFENCE)                       ,-32.6845,137.3689,171.0,7.730015,16,0.0,53.66668038788573,True,1.3638009662638504,5.667993345247336,2017-12-06 14:30:00,30.020505366666665,93634,182,7.627860128879547,8.589506685733795,9.55115321278572,9.86073425412178,10.822380810976028,11.784027367830276
99,018230,COFFIN BAY (POINT AVOID)                ,-34.675,135.3362,35.0,8.706226,13,27.89589910588641,130.47859142418767,False,1.5833697407210847,5.498542838713109,2017-06-13 08:30:00,30.570362683333332,100252,433,10.706900596618652,11.898697555065155,13.090494513511658,13.474167466163635,14.665964424610138,15.857761442661285
100,020062,YUNTA AIRSTRIP                          ,-32.5707,139.5645,300.0,6.627433,15,4.468270897390742,116.00585589786168,False,1.6220279988416535,4.085892985764754,1998-07-05 09:30:00,41.9709252,310372,851,19.426412970692958,24.686811524866936,31.061040174294224,33.38762435065435,41.604152034788214,51.56043683405377
101,021131,CLARE HIGH SCHOOL                       ,-33.8226,138.5933,395.0,7.7164545,15,0.0,52.11554976770564,True,2.561943282543884,3.0119536831659866,1993-10-02 21:30:00,45.43586021666667,341738,5285,306.1188516774844,525.2361923366133,900.7726452987354,1071.5242811361154,1837.0339678672954,3149.010425770677
102,021133,SNOWTOWN (RAYVILLE PARK)                ,-33.7676,138.2182,109.1,5.9311748,20,11.178617933349027,94.38521401682829,False,1.2432397469543641,4.770740936835695,1998-10-10 09:30:00,36.88141606666667,349415,185,4.982119917869568,5.832630276679993,6.68314066529274,6.956943839788437,7.807454243302345,8.657964631915092
103,021139,PORT PIRIE AERODROME AWS                ,-33.2371,137.9971,12.0,5.8863773,16,6.303378476874106,45.25485774108825,False,1.1522652141986136,5.108526459065789,2015-01-22 11:00:00,30.40866585,142121,14,1.5777146618347615,1.924288748530671,2.270863064331934,2.3824351222719997,2.72900974098593,3.0755845888052136
104,022031,MINLATON AERO                           ,-34.748,137.5276,32.0,7.4820786,20,0.0,17.54518921687631,True,1.220844676884311,6.128608080874735,2001-03-29 14:30:00,34.760692133333336,333399,221,5.601873874664307,6.503592550754547,7.405311226844788,7.695599809288979,8.59731850028038,9.499037206172943
105,022046,EDITHBURGH                              ,-35.1121,137.7395,6.0,7.637971,20,0.0,47.130799715664615,True,1.4026918671035902,5.445223647121474,1993-01-20 10:30:00,35.79894956666667,444008,697,22.59006405782674,34.297251172448824,51.82256067927198,59.14402577251937,89.0174402732483,133.7370496913651
106,022049,STENHOUSE BAY                           ,-35.2795,136.9392,42.0,7.8783484,20,0.0,94.69393963108958,True,1.3589176025150411,5.79751732992781,1996-06-25 19:30:00,41.56115343333333,339057,599,21.5981664450415,32.28175355757543,47.99095728086102,54.47991971420094,80.63125971529995,119.08433014817558
107,022050,KADINA AWS                              ,-33.9703,137.6628,41.1,6.9595814,20,0.0,49.29126448004593,True,1.2916520498532478,5.3881239734128,2005-07-19 18:30:00,31.526231783333333,295748,171,5.121285170316696,5.94617086648941,6.771056577563286,7.036610469222069,7.861496180295944,8.68638189136982
108,022053,MOONTA (WARBURTO POINT)                 ,-34.0041,137.528,1.0,7.919856,20,0.0,47.021105009498406,True,1.2845935808020221,6.165262064074375,2003-07-14 16:00:00,30.77030895,337462,297,6.143821686506271,7.044679641723633,7.945537626743317,8.235549122095108,9.136407107114792,10.037265092134476
109,023000,ADELAIDE (WEST TERRACE / NGAYIRDAPIRA)  ,-34.9257,138.5832,29.3,4.7036448,15,0.0,109.93397815530429,True,1.5203872744812774,3.093714891889779,2017-05-08 12:30:00,30.0378806,103747,24,3.2583078891038895,3.893692821264267,4.5290777534246445,4.733626008033752,5.369010955095291,6.00439590215683
110,023013,PARAFIELD AIRPORT                       ,-34.7977,138.6281,9.5,5.23368,15,0.0,98.1714317011677,True,1.224865961251545,4.272859183771965,1992-04-06 10:30:00,36.71002081666666,444323,62,3.3707315325737,4.170086741447449,4.9694419503211975,5.226776838302612,6.026132047176361,6.825487315654755
111,023034,ADELAIDE AIRPORT                        ,-34.9524,138.5196,2.0,5.6294746,15,2.197003137548614,115.37815608614018,False,1.1864819230626604,4.7446779680901,1985-01-30 00:00:00,47.13487296666666,426200,119,4.88533353805542,5.840595185756683,6.7958568930625916,7.103382468223572,8.058644115924835,9.013905823230743
112,023046,ADELAIDE AIRPORT OLD SITE               ,-34.9566,138.5356,6.0,5.2303467,15,0.78869943302836,114.77333735502556,False,,,,,,,,,,,,
113,023052,OUTER HARBOUR (BLACK POLE)              ,-34.7343,138.4653,6.3,7.1756344,15,4.8129961328407544,103.97225420502983,False,1.304061600026681,5.502527168968445,2001-12-28 16:00:00,31.790146699999998,350502,238,5.516098082065582,6.367970108985901,7.219842195510864,7.494083762168884,8.345955848693848,9.197827935218811
114,023083,EDINBURGH RAAF                          ,-34.7111,138.6222,16.5,5.537941,15,0.0,92.261644134127,True,1.2293102649732883,4.504917218050108,1992-04-06 10:30:00,37.357069716666665,436629,102,7.7399805085113815,14.411963422911517,26.81232636795593,32.74024054010675,60.876755388006515,113.17050382815196
115,023090,ADELAIDE (KENT TOWN)                    ,-34.9211,138.6216,48.0,4.9347153,15,0.0,107.61871593118045,True,1.6504870658312343,2.9898539486650413,1993-10-07 12:30:00,34.75504001666666,405801,335,5.223104402422905,5.990739077329636,6.7583737671375275,7.005496934056282,7.773131638765335,8.540766343474388
116,023109,ADELAIDE AIRPORT (ANEMOMETER SOUTH WEST),-34.9573,138.5152,3.0,5.7327433,15,2.6487583360895117,115.98034648480773,False,1.6017716346214625,3.57900161254848,2011-10-11 13:30:00,30.080870566666665,201062,207,5.3391536474227905,6.084203124046326,6.829252660274506,7.06910502910614,7.81415456533432,8.559204041957855
117,023122,ROSEWORTHY AWS                          ,-34.5106,138.6763,65.0,6.5599585,15,0.0,74.9480476762825,True,1.4084702862477407,4.657505750741072,1997-08-11 10:30:00,37.345997000000004,361451,318,14.410551494951058,22.83999571678127,36.02609593588682,41.68941237054079,65.51206090905549,102.777605688373
118,023123,ADELAIDE AIRPORT (ANEMOMETER NORTHEAST) ,-34.9382,138.5435,5.0,4.97509,15,0.0,113.0062779311049,True,1.4236216445374963,3.494671527329698,2011-10-20 12:30:00,30.187118283333334,199927,74,3.2034505903720856,3.742044687271118,4.280638784170151,4.454027354717255,4.992621451616287,5.53121554851532
119,023124,ADELAIDE AIRPORT (ANEMOMETER NORTHWEST) ,-34.9435,138.5232,2.0,5.444234,15,1.7752434295982935,114.536483389761,False,1.353149889132253,4.023378295392995,2009-08-23 19:30:00,35.41080768333334,202467,76,2.8901060223579407,3.3643646240234375,3.8386232256889343,3.991300404071808,4.465559005737305,4.9398176074028015
120,023373,NURIOOTPA PIRSA                         ,-34.4761,139.0056,275.0,7.282921,15,0.0,59.14477167715563,True,1.8356496115019347,3.967489651493693,1996-09-03 09:30:00,41.51356546666667,337032,1979,43.430213949974686,60.29599342501881,83.32942215824846,92.40775907974749,127.18414389231525,174.67790973724087
121,023842,MOUNT LOFTY                             ,-34.9784,138.7088,685.0,9.25294,15,0.0,108.10071226933994,True,2.0111575194743936,4.600803312679204,1993-03-01 10:30:00,31.747796433333335,498851,6404,4712.666945519091,11120.115727586362,26238.71277964856,34591.310995061554,81619.80994451203,192585.1800574649
122,023849,GOOLWA (HINDMARSH ISLAND MARINA)        ,-35.5147,138.7989,3.0,6.9932194,18,14.627068716164919,219.88629664700548,False,1.14010944229415,6.133814102564103,2003-01-28 10:00:00,42.1153846,208,0,0,0,0,0,0,0
123,023878,MOUNT CRAWFORD AWS                      ,-34.7253,138.9278,525.0,8.107694,15,0.0,81.06051174534976,True,1.382657658855445,5.86384751153201,1994-10-07 10:00:00,38.92715103333333,385208,1159,72.81204770178502,128.07272560221955,225.03739598398306,269.77416667401553,473.67773208154523,831.4627387193667
124,023885,NOARLUNGA                               ,-35.1586,138.5057,55.0,6.789034,15,6.082143366891394,131.1159795089572,False,1.5629292795692888,4.34378828173302,2000-09-04 13:30:00,33.2851106,357093,639,7.53681480884552,8.520129263401031,9.503443747758865,9.820000290870667,10.8033147752285,11.786629259586334
125,023886,SELLICKS HILL (MOUNT TERRIBLE RADAR)    ,-35.3294,138.5019,385.7,9.093616,15,21.709668031361197,144.05608157540505,False,1.7705462527703004,5.136050819171192,1998-03-16 10:30:00,55.79174951666666,236350,2066,623.2496498772666,1184.7894216048335,2251.582546752628,2768.468741140778,5260.199737524608,9993.900947114984
126,023887,KUITPO FOREST RESERVE                   ,-35.1712,138.6783,365.0,7.7959957,15,0.0,124.38750740056248,True,1.6927845664576653,4.6054269791661895,1998-10-10 09:30:00,35.485027466666665,363165,1863,11.147368907928467,12.385397493839264,13.623426139354706,14.021982312202454,15.260010957717896,16.498039603233337
127,023894,HINDMARSH ISLAND AWS                    ,-35.5194,138.8177,11.0,7.1058564,18,12.88556127473192,217.94494148300512,False,1.202385610330563,5.909798285639877,2003-02-03 12:30:00,36.484756,290967,196,5.404613554477692,6.278120458126068,7.151627421379089,7.4328338503837585,8.306340754032135,9.179847657680511
128,024024,LOXTON RESEARCH CENTRE                  ,-34.439,140.5978,30.1,6.1853004,17,8.37512453676722,57.52319648010907,False,1.8138794254572688,3.409984292991211,1996-12-22 10:30:00,41.87295485,330355,786,7.457848876714706,8.413792371749878,9.36973586678505,9.677480936050415,10.633424431085587,11.589367926120758
129,024024,LOXTON RESEARCH CENTRE                  ,-34.439,140.5978,30.1,6.1853004,6,8.37512453676722,57.52319648010907,False,1.8138794254572688,3.409984292991211,1996-12-22 10:30:00,41.87295485,330355,786,7.457848876714706,8.413792371749878,9.36973586678505,9.677480936050415,10.633424431085587,11.589367926120758
130,024048,RENMARK AERO                            ,-34.1983,140.6766,31.5,6.4385605,17,0.0,40.30406887669372,True,1.6021455067860932,4.018711445726055,1995-06-26 12:30:00,41.00360171666667,356496,553,18.61614778661296,28.31149121627204,42.84794351954725,48.92678799790791,73.75693406312683,110.98534547311101
131,024048,RENMARK AERO                            ,-34.1983,140.6766,31.5,6.4385605,6,0.0,40.30406887669372,True,1.6021455067860932,4.018711445726055,1995-06-26 12:30:00,41.00360171666667,356496,553,18.61614778661296,28.31149121627204,42.84794351954725,48.92678799790791,73.75693406312683,110.98534547311101
132,024580,STRATHALBYN RACECOURSE                  ,-35.2836,138.8934,58.0,6.433199,15,0.0,127.87682685447174,True,1.4570075618677227,4.415350405310428,1996-05-14 09:30:00,40.82240855,346689,588,13.395281201483915,17.2751078898325,22.02968524461267,23.77777366882592,29.998450331814613,37.62164867778273
133,024584,MURRAY BRIDGE (PALLAMANA AERODROME)     ,-35.065,139.2273,45.0,6.1888323,15,0.0,110.02520178510612,True,1.3578596635487474,4.557784908968864,2006-03-02 11:30:00,30.819074750000002,291988,214,4.80364453792572,5.524323299527168,6.2450020760297775,6.477008819580078,7.197687596082687,7.918366387486458
134,025557,KEITH (MUNKORA)                         ,-36.1058,140.3273,27.0,7.2506366,18,3.6435667712326207,75.28615192669076,False,1.8366252588755354,3.9478040185755514,2001-07-04 10:30:00,39.138121383333335,292547,1463,27.050087591629254,35.60437913709918,46.574699243895665,50.72789530324646,65.96962079889079,85.51613809706338
135,026021,MOUNT GAMBIER AERO                      ,-37.7473,140.7739,63.0,7.405189,18,0.0,76.43604204932846,True,1.6327374125261978,4.535443960866659,1992-04-06 10:00:00,35.212739533333334,463214,1730,11.753958404064178,13.104193091392517,14.4544278383255,14.889106333255768,16.23934108018875,17.589575827121735
136,026091,COONAWARRA                              ,-37.2906,140.8254,57.0,7.557906,18,0.0,51.28468523610861,True,1.8636114040468623,4.055516152351158,1997-08-13 09:30:00,35.98560153333334,375040,1688,40.42161576593792,61.168247925613194,92.34743500878638,105.40529332491995,158.82931524343172,239.11789226713864
137,026095,CAPE JAFFA (THE LIMESTONE)              ,-36.9655,139.7164,17.0,8.554711,18,0.0,79.86971368625717,True,1.4232810085998873,6.010556798107893,1992-04-06 10:30:00,35.94235535,453815,1281,48.750077692229105,77.20279066324045,121.9222061643998,141.1859222766512,222.48513844439807,350.26393519491495
138,026099,NARACOORTE AERODROME                    ,-36.9813,140.727,49.7,7.5468345,18,0.0,32.51370630175277,True,1.603288836666838,4.707095999327898,1998-06-17 09:30:00,36.2838097,359734,939,30.78238313849952,47.43726163847592,72.88715347231431,83.6579143380254,128.23500205349688,196.3521042363797
139,026100,PADTHAWAY SOUTH                         ,-36.6539,140.5212,37.0,7.533033,18,0.0,29.064791454432317,True,2.016064448440322,3.7365040090669055,2000-06-19 17:30:00,42.283253083333335,283718,1877,32.87565212468445,44.12329266655648,58.920903708242584,64.61561371668647,85.88099325878468,113.85813334845417
140,026105,ROBE AIRFIELD                           ,-37.1776,139.8054,3.0,8.015584,18,0.0,72.10217795050151,True,1.7946081858041805,4.4664813497507465,2003-07-03 09:30:00,37.74503326666666,275534,1949,57.4292067714098,81.91478007205731,116.44811956508467,130.3406870229839,184.74581733429056,261.4763399214556
141,091104,LAUNCESTON AIRPORT COMPARISON           ,-41.5397,147.2033,166.0,6.223383,24,36.695534063899764,70.57334730489566,False,1.4909193926062076,4.1741914289211115,1990-10-05 17:00:00,63.351648700000005,155243,261,12.46161295817563,16.496745983333554,21.629436799714927,23.562419232105817,30.616975988490257,39.590374994514036
142,091107,WYNYARD AIRPORT                         ,-40.9964,145.7311,12.0,6.9946613,23,0.0,54.82590586925484,True,1.5503654522360408,4.511620999480212,1990-10-02 11:00:00,44.30986338333333,386054,1217,6.617683604359627,7.396263942122459,8.174844279885292,8.42549116909504,9.204071521759033,9.982651874423027
143,091126,DEVONPORT AIRPORT                       ,-41.1701,146.4289,8.0,6.906388,23,25.144577574636923,128.66562971505462,False,1.3034997353350704,5.298342315476883,1990-10-20 11:00:00,43.50844435,392569,547,20.67248227654523,33.29560918527007,53.474594208319886,62.25987531245404,99.77607692415505,159.7484495318382
144,091219,SCOTTSDALE (WEST MINSTONE ROAD)         ,-41.1708,147.4883,197.5,5.9942064,22,19.62934675654306,86.89548504957223,False,1.6847450655085587,3.557930841434704,2003-01-22 13:30:00,33.54749555,316956,1015,7.01091942191124,7.82596492767334,8.64101043343544,8.903396487236023,9.718441992998123,10.533487528562546
145,091237,LAUNCESTON (TI TREE BEND)               ,-41.4194,147.1219,5.0,5.517305,24,48.94056732854982,83.88673383795758,False,1.8513470775453171,2.980156970147213,1999-10-15 13:00:00,34.245167683333335,360748,1091,8.484854817390442,9.494079649448395,10.503304541110992,10.828202366828918,11.837427198886871,12.846652090549469
146,091245,CAPE GRIM BAPS (COMPARISON)             ,-40.6828,144.69,94.0,9.765862,23,0.0,80.9325324424094,True,0.9846949212506754,9.917652923913755,1997-05-19 11:00:00,37.00723491666667,367523,1720,195.37129049465543,364.4392439941615,679.4102516968503,830.1998298162971,1547.115088882667,2882.7172353066157
147,091259,LUNCHEON HILL (FORESTRY)                ,-41.1492,145.1517,344.0,7.2476306,23,0.0,14.736750398402783,True,1.2598274562240301,5.75287557066233,1997-11-05 12:00:00,39.25881896666667,340686,571,6.384028613567352,7.226487755775452,8.068946838378906,8.340158104896545,9.1826171875,10.0250763297081
148,091291,SHEFFIELD SCHOOL FARM                   ,-41.389,146.3173,277.3,6.3933864,23,11.232108921923144,117.27351653788678,False,1.848260604589222,3.4591368490506196,2003-04-15 13:00:00,36.4676603,288299,1890,10.229935646057129,11.294595122337341,12.359254568815231,12.701998382806778,13.76665785908699,14.831317335367203
149,091292,SMITHTON AERODROME                      ,-40.8347,145.0847,7.5,7.9246025,23,0.0,40.57206173570849,True,1.4876672116941623,5.3268650718733985,1998-07-24 05:00:00,36.62958485,354891,1589,9.42057728767395,10.488870233297348,11.55716323852539,11.901076763868332,12.969369739294052,14.037662744522095
150,091306,CRESSY RESEARCH STATION                 ,-41.7256,147.0794,148.0,6.325494,24,14.67260816655126,59.72670976178143,False,1.487997410707174,4.251011303544426,2000-06-30 12:00:00,35.890999566666665,326751,655,6.229616180062294,7.000544056296349,7.771471932530403,8.019655272364616,8.790583163499832,9.561511069536209
151,091311,LAUNCESTON AIRPORT                      ,-41.5476,147.2156,166.9,6.3953533,24,35.97779037324929,69.53499015799555,False,1.3446034673564617,4.756311784495272,2004-07-14 16:00:00,30.21269225,326246,261,4.306359618902206,4.927801936864853,5.549244269728661,5.749304011464119,6.370746344327927,6.9921886920928955
152,091331,CAPE GRIM                               ,-40.6764,144.6922,86.0,10.401933,23,0.0,81.08905217130861,True,1.211115849138681,8.588718183951812,2010-12-17 12:00:00,31.16633225,207831,1617,15.526665568351746,17.12300455570221,18.719343543052673,19.23324990272522,20.829588890075684,22.425927877426147
153,091344,BURNIE NTC AWS                          ,-41.05,145.9149,0.0,7.120767,23,0.0,73.04450149500258,True,1.6192552788297443,4.39755683346785,2013-05-16 10:00:00,30.912085166666667,168504,500,9.130398213863373,10.206162691116333,11.281927168369293,11.6282459795475,12.704010486602783,13.779774993658066
154,091375,CRESSY (BRUMBYS CREEK)                  ,-41.7114,147.082,152.0,6.2882853,24,16.269569427486456,60.717248314173794,False,1.6979753499933976,3.703401969561325,2022-12-16 06:30:00,30.005371516666667,5585,11,28.90548247759137,44.00958571687134,66.76274195827851,76.30602859279438,115.41482008274403,174.32917130813584
155,092012,FINGAL (LEGGE STREET)                   ,-41.6428,147.9664,237.0,4.9386673,24,34.81220245130358,89.67681114091394,False,1.864837310763516,2.6483099994075374,2001-04-10 11:00:00,37.0378447,292564,904,5.45852492749691,6.086114525794983,6.713704138994217,6.915742859244347,7.543332472443581,8.170922100543976
156,092037,SWAN ISLAND LIGHTHOUSE                  ,-40.7314,148.1253,11.0,9.959597,22,0.0,22.130108695870653,True,1.7684117327783015,5.631944444444446,2001-02-15 15:30:00,29.166666666666668,36,0,0,0,0,0,0,0
157,092045,LARAPUNA (EDDYSTONE POINT)              ,-40.9928,148.3467,19.7,8.358269,22,0.0,56.19429254037292,True,1.2253283415690712,6.821248194659355,1994-06-27 17:30:00,44.453562899999994,340579,1205,72.69461791332037,116.77977439748693,187.15812689259755,217.77273824458925,348.38514696018774,556.8971921453857
158,092100,STORYS CREEK (STORYS CREEK ROAD)        ,-41.635,147.7292,779.2,7.4738994,24,32.72581270692133,72.48129912179398,False,3.576469724136467,2.0897421035141006,1992-05-27 10:00:00,41.244209500000004,71885,2308,35.027554631233215,38.04886782169342,41.070181012153625,42.042826652526855,45.06413984298706,48.085453152656555
159,092114,FRIENDLY BEACHES                        ,-41.9953,148.2794,55.0,6.8681216,24,0.0,105.56219013169246,True,1.733732224959168,3.961466208632463,1997-11-02 17:00:00,36.42800546666667,367270,2066,592.6092672012719,1378.4638433598325,3206.6571020282568,4208.167348921754,9789.611544045085,22774.149600726483
160,092120,ST HELENS AERODROME                     ,-41.3381,148.2792,48.0,6.887335,22,2.83084617371552,81.79223111897683,False,1.9727731885515865,3.491194458428894,2001-01-10 12:30:00,35.065866750000005,333704,2640,11.003545671701431,12.140937209129333,13.278328746557236,13.644487053155899,14.781878650188446,15.91927021741867
161,092123,SWAN ISLAND                             ,-40.7292,148.125,15.0,9.807541,22,0.0,21.927678449386004,True,1.46946179150229,6.6742401539600715,2003-12-09 10:30:00,31.9722746,318120,2721,293.163834672809,501.1272846475257,855.957637715259,1016.8471035172416,1735.8865167370714,2962.7223328047544
162,092124,MARIA ISLAND (POINT LESUEUR)            ,-42.6621,148.0179,28.0,7.994164,24,17.733069751225077,81.95228860928222,False,1.2241734469692713,6.5302543604520915,2004-10-08 17:00:00,31.39483573333333,310015,978,9.510147601366043,10.625349193811417,11.74055078625679,12.099565505981445,13.214767098426819,14.329968690872192
163,092133,SPRING BAY NTC AWS                      ,-42.5464,147.9308,0.0,6.9264793,24,3.523716478752306,68.6253738604691,False,1.46341437160419,4.733095064528323,2013-05-16 10:00:00,32.29507531666666,24692,128,35.81237373401708,49.992912383871634,69.53173717321069,77.27639745343699,107.1246134087259,148.25133477137496
164,092163,FINGAL (FLEMING ST)                     ,-41.643,147.98,255.0,4.9750752,24,34.9590672377405,90.8115400529074,False,2.103789191919527,2.3648164293325586,2022-07-22 16:00:00,30.014266449999997,12617,77,10.37132242321968,11.460553765296936,12.549785137176514,12.900439292192459,13.989670664072037,15.078902035951614
165,094008,HOBART AIRPORT WEST                     ,-42.8339,147.5033,4.0,7.273921,24,26.961531606275194,55.13215257713982,False,1.566326765120504,4.643935847140303,1984-12-02 01:00:00,44.73759915,442852,2038,65.8709723673522,107.98759313010873,176.84902444041006,207.25462003309747,339.1523961416538,554.8076288026725
166,094029,HOBART (ELLERSLIE ROAD)                 ,-42.8897,147.3278,50.5,5.7155623,24,29.804675733043222,58.028656890004285,False,1.3146775774623185,4.3475011984535294,1994-10-20 11:00:00,31.076064016666667,481871,768,5.698308140039444,6.430264353752136,7.1622205674648285,7.397857844829559,8.129814088344574,8.861770331859589
167,094087,KUNANYI (MOUNT WELLINGTON PINNACLE)     ,-42.895,147.2358,1260.5,14.577116,24,28.686139539899767,59.97970635628504,False,1.595045665409515,9.138996035471301,1990-07-05 10:30:00,32.6188223,528352,12434,4615.509602159887,9438.150478902266,19298.41819270496,24295.168023877985,49674.75642025168,101565.31647852552
168,094195,TUNNACK FIRE STATION                    ,-42.4543,147.4612,461.5,8.39643,24,0.0,20.584014914166975,True,1.8269023623869383,4.595992751683573,1998-02-13 12:00:00,39.64347351666667,333748,4358,293.8905468267523,525.5159850301566,939.4385668226691,1132.5814196517836,2024.285265719102,3617.7905431271306
169,094212,CAMPANIA (KINCORA)                      ,-42.6867,147.4258,45.0,6.586143,24,9.498342829898844,39.63918183849851,False,1.6003500492023162,4.115439006671075,2001-05-23 14:00:00,38.83216825,296404,1119,6.213779374957085,6.901041954755783,7.5883045345544815,7.809553653001785,8.496816232800484,9.184078842401505
170,094220,GROVE (RESEARCH STATION)                ,-42.9844,147.0756,65.0,5.5539703,24,35.47113603520961,73.77299969603516,False,2.1241851054886074,2.614635759644182,2005-03-07 08:00:00,32.256174216666665,295057,2683,7.195971518754959,7.893252283334732,8.590533047914505,8.815007328987122,9.512288123369217,10.20956888794899
171,094250,HOBART AIRPORT                          ,-42.8333,147.5119,2.2,7.2654095,24,27.05470099162954,55.36656427789508,False,1.6309811686794957,4.454624988396919,2022-08-04 13:30:00,30.085213016666668,11970,32,5.87005652487278,6.552373319864273,7.2346901297569275,7.45434707403183,8.136663883924484,8.8189807087183
172,094254,DUNALLEY (STROUD POINT)                 ,-42.9017,147.7894,12.4,8.562824,24,39.62063752844143,76.1121383664902,False,1.5774831741638144,5.428155678304793,2012-04-05 20:00:00,30.0451233,192805,1689,12.587064146995544,13.848189890384674,15.109315633773804,15.515307426452637,16.776433169841766,18.037558913230896
173,094255,DENNES POINT                            ,-43.0639,147.3567,5.7,7.348834,24,49.31209545856068,74.24426422075543,False,1.7465985467019243,4.207511824430092,2012-09-28 10:30:00,30.01853135,184552,1355,8.906697422266006,9.80778881907463,10.708880186080933,10.998966813087463,11.900058209896088,12.801149606704712
174,095003,BUSHY PARK (BUSHY PARK ESTATES)         ,-42.7097,146.8983,27.0,4.6503453,24,2.2803352174754457,65.61306151493173,False,1.5052935226454602,3.0893279320682097,1998-07-22 13:30:00,39.60642993333333,328277,461,4.291021794080734,4.852606356143951,5.414190918207169,5.594980776309967,6.156565353274345,6.718149930238724
175,095048,OUSE FIRE STATION                       ,-42.4842,146.7106,90.0,4.970779,24,0.0,74.81149762772262,True,1.6595788607425284,2.995205024414525,1999-12-10 11:00:00,37.86634126666667,324124,727,5.595200836658478,6.2788137048482895,6.962426573038101,7.1825007647275925,7.866113662719727,8.5497265458107
176,096003,BUTLERS GORGE                           ,-42.2753,146.2758,667.0,6.9902415,24,15.185724580286116,120.46659971995736,False,3.038804141460002,2.300326444928067,2008-05-21 12:00:00,30.1636269,259615,5891,10.341207683086395,11.239381045103073,12.137554436922073,12.426701664924622,13.324875056743622,14.223048448562622
177,096033,LIAWENEE                                ,-41.8997,146.6694,1057.0,7.8315535,24,3.4887791029880297,84.1543065498708,False,1.5521028627919866,5.04576961160922,2001-01-11 15:00:00,35.29676355,331476,2436,11.13019734621048,12.294690310955048,13.45918333530426,13.834066331386566,14.998559355735779,16.163052320480347
178,096075,BARREN TIER                             ,-42.0197,146.7533,1186.0,9.670485,24,0.0,71.33391683370968,True,1.6275021006155923,5.9419183171492564,1997-01-31 12:30:00,35.84332678333333,60622,828,189.94411436478472,304.51038527155714,487.7616296847098,567.5729805341865,908.5359776567054,1453.9137142893205
179,097000,CAPE SORELL                             ,-42.1986,145.17,19.3,9.040999,23,26.846950102562786,90.47584450139848,False,1.3261500159561752,6.817478644011414,2011-06-02 13:00:00,31.75668175,196393,1395,13.770921111106873,15.200692534446716,16.630464017391205,17.090747594833374,18.520519077777863,19.950290590524673
180,097024,WARRA                                   ,-43.0609,146.704,495.0,7.7259054,24,36.954147126973034,103.62330531941325,False,2.1362482084261454,3.616576663667731,2004-09-28 15:00:00,30.627032516666667,318261,6128,16.873981952667236,18.402570605278015,19.931159257888794,20.42325484752655,21.95184350013733,23.480432152748108
181,097072,STRAHAN AERODROME                       ,-42.155,145.2908,21.0,7.043267,23,24.677427472386295,85.86160812539309,False,1.453367702346372,4.846169872808485,1993-05-30 03:30:00,42.580141483333335,368910,1545,173.99228685717424,351.5848946266081,710.4172013141584,890.9535515617051,1800.231139821447,3637.4594935959426
182,097083,SCOTTS PEAK DAM                         ,-43.0425,146.2722,408.0,6.941533,24,34.579637959077175,140.5822464910523,False,1.076563090046345,6.4478646471014125,1998-10-15 14:00:00,41.424477499999995,310914,1421,9.845921471714973,10.931982189416885,12.018042922019958,12.367676392197609,13.453737139701843,14.539797887206078
183,097085,MOUNT READ                              ,-41.8444,145.5417,1119.5,10.757934,23,0.0,64.86198949410579,True,1.3865089018147312,7.75900796782312,1998-01-12 11:00:00,51.8688226,255974,3992,1919.9678346689434,4119.404418417174,8838.19081070924,11300.31443838575,24244.491104524976,52015.60538130329
184,098017,KING ISLAND AIRPORT                     ,-39.8804,143.8857,35.4,8.519295,21,0.0,10.021744396071574,True,1.3541329580275954,6.291328106494488,1990-11-21 15:00:00,48.096040783333336,354155,1790,620.7813365651625,1474.1526742971457,3500.831962059581,4624.868276670343,10983.494866968611,26084.65451387441
185,099005,FLINDERS ISLAND AIRPORT                 ,-40.0911,148.0024,9.0,8.648583,22,0.0,40.55754384617775,True,1.3089021150884748,6.607509692644826,1993-06-07 16:00:00,44.09723548333333,355940,1861,110.5140609883422,182.81230370992537,301.9651432398419,354.8385891855156,585.477157039951,965.5865377174646
186,076031,MILDURA AIRPORT                         ,-34.2358,142.0867,50.0,7.036588,27,0.0,205.28819477744526,True,1.9209311940489133,3.663113084833849,1989-01-16 12:00:00,40.209146616666665,447772,1474,131.10139147577289,255.36421389655104,497.3330073863045,616.358231510883,1200.2728344198013,2337.2912057585413
187,076031,MILDURA AIRPORT                         ,-34.2358,142.0867,50.0,7.036588,3,0.0,205.28819477744526,True,1.9209311940489133,3.663113084833849,1989-01-16 12:00:00,40.209146616666665,447772,1474,131.10139147577289,255.36421389655104,497.3330073863045,616.358231510883,1200.2728344198013,2337.2912057585413
188,076064,WALPEUP RESEARCH                        ,-35.1201,142.004,105.0,7.2197957,27,15.039522183087026,212.85047455456947,False,1.6997975697918093,4.24744442055663,1998-11-19 12:00:00,32.071481766666665,400018,1058,8.174144864082336,9.160798609256744,10.147452414035797,10.465083956718445,11.451737701892853,12.438391506671906
189,076064,WALPEUP RESEARCH                        ,-35.1201,142.004,105.0,7.2197957,3,15.039522183087026,212.85047455456947,False,1.6997975697918093,4.24744442055663,1998-11-19 12:00:00,32.071481766666665,400018,1058,8.174144864082336,9.160798609256744,10.147452414035797,10.465083956718445,11.451737701892853,12.438391506671906
190,077010,HOPETOUN AIRPORT                        ,-35.7151,142.3569,77.3,7.087376,27,26.220448948208908,192.16491026394186,False,1.5873515978276453,4.464906279998495,2004-06-18 18:00:00,30.21585171666667,327447,876,8.101839259266853,9.067972585558891,10.03410591185093,10.345131382346153,11.311264723539352,12.277398079633713
191,077010,HOPETOUN AIRPORT                        ,-35.7151,142.3569,77.3,7.087376,3,26.220448948208908,192.16491026394186,False,1.5873515978276453,4.464906279998495,2004-06-18 18:00:00,30.21585171666667,327447,876,8.101839259266853,9.067972585558891,10.03410591185093,10.345131382346153,11.311264723539352,12.277398079633713
192,077094,SWAN HILL AERODROME                     ,-35.3766,143.5416,71.0,6.9382935,27,0.0,70.4203493249769,True,1.6383400275862396,4.234953269898076,1997-05-01 10:00:00,32.99706198333333,413545,1162,9.792253360152245,10.979611024260521,12.16696871817112,12.549212530255318,13.736570253968239,14.923927992582321
193,077094,SWAN HILL AERODROME                     ,-35.3766,143.5416,71.0,6.9382935,3,0.0,70.4203493249769,True,1.6383400275862396,4.234953269898076,1997-05-01 10:00:00,32.99706198333333,413545,1162,9.792253360152245,10.979611024260521,12.16696871817112,12.549212530255318,13.736570253968239,14.923927992582321
194,078015,NHILL AERODROME                         ,-36.3093,141.6486,138.9,7.3155065,28,0.0,158.0104302542047,True,1.5936726585298382,4.59034445946448,2003-06-12 11:30:00,30.321554716666665,343985,909,7.887550115585327,8.828903526067734,9.770256906747818,10.073305010795593,11.014658421278,11.956011831760406
195,078018,KELLALAC (WARRACKNABEAL AIRPORT)        ,-36.3204,142.4161,118.3,7.216289,28,0.0,86.53906203330594,True,1.4393066524141673,5.013725901511356,2016-12-08 15:00:00,30.18553395,110438,133,4.475881367921829,5.067401766777039,5.658922165632248,5.849349208176136,6.440869621932507,7.032390050590038
196,078031,NHILL                                   ,-36.3347,141.6367,133.0,7.247029,28,0.0,158.3391083857528,True,1.781708550802091,4.067460317460318,2003-06-11 14:30:00,29.285714283333334,42,0,0,0,0,0,0,0
197,078072,DONALD                                  ,-36.3611,143.0038,118.0,6.998784,28,9.210214621394725,60.02172284735243,False,2.625463217515519,2.6657330480026857,1999-03-07 16:00:00,378.7839879,2648,37,28.35223328771851,34.698277599090915,42.2221421762564,44.92983949084227,54.35267299344105,65.52437614081714
198,079028,LONGERENONG                             ,-36.6722,142.2991,133.0,7.2650747,28,0.0,79.00255827935077,True,1.6840213039057155,4.314122816065152,1997-05-01 10:00:00,30.5969945,445984,1429,8.832628190517426,9.85876739025116,10.884906530380249,11.215249598026276,12.24138879776001,13.267527997493744
199,079097,KANAGULK                                ,-37.1169,141.8031,188.8,7.6156607,28,17.06057250626218,127.62034762844694,False,2.02835433338055,3.754600733258877,2004-05-22 10:00:00,30.422365683333332,326518,2001,9.353340715169907,10.330189868807793,11.307039022445679,11.621514201164246,12.598363384604454,13.575212568044662
200,079099,EDENHOPE AIRPORT                        ,-37.0222,141.2657,155.0,7.620792,18,0.0,92.50265162814405,True,2.1374063937235146,3.56543890504739,2005-04-06 15:00:00,30.313314916666666,312529,2549,11.0544094145298,12.168502867221832,13.282596319913864,13.641254305839539,14.75534775853157,15.869441241025925
201,079100,HORSHAM AERODROME                       ,-36.6699,142.1733,133.8,7.1194725,28,0.0,92.03188946330914,True,1.3931931113312495,5.110183538633191,1997-10-16 14:00:00,32.253477733333334,415571,425,5.44433730840683,6.217400312423706,6.990463316440582,7.239334017038345,8.012397021055222,8.785460025072098
202,079101,PYRENEES (BEN NEVIS)                    ,-37.2281,143.2005,875.0,10.447852,28,0.0,32.8813393534058,True,2.0042151162372934,5.21293949439886,2007-12-19 10:30:00,30.463605716666667,264341,5685,2423.3738500624227,5028.315446878211,10432.947704541806,13196.269387469634,27379.503205210724,56806.32916670851
203,079103,GRAMPIANS (MOUNT WILLIAM)               ,-37.295,142.6039,1150.0,12.2171545,28,0.0,44.80124455204108,True,1.6947246373790499,7.208931901623206,2005-12-13 15:30:00,31.09858231666667,293014,6856,7446.593937132772,17057.67446516071,39072.92834180735,51021.744163181116,116871.42507761848,267707.4771529359
204,079105,STAWELL AERODROME                       ,-37.072,142.7402,235.4,6.538388,28,0.0,23.455844583121905,True,1.844039321956705,3.545687826484783,1996-02-11 12:00:00,31.524473383333333,453186,1435,6.423538759350777,7.156777426600456,7.890016078948975,8.126066192984581,8.8593048453331,9.59254352748394
205,080128,CHARLTON                                ,-36.2846,143.3341,131.7,6.930858,28,29.123937791894953,79.22180505279707,False,2.0936006895906325,3.310496681474918,2004-07-15 17:30:00,30.31971055,325044,1831,9.946202367544174,11.002579927444458,12.058957487344742,12.399035096168518,13.455412685871124,14.51179027557373
206,081123,BENDIGO AIRPORT                         ,-36.7411,144.3274,209.2,5.8997536,28,47.20851225846312,155.5027368517212,False,1.5959073465870734,3.696802062584369,1994-01-06 17:00:00,38.063412666666665,404304,292,4.071212932467461,4.678903624415398,5.286594316363335,5.482227027416229,6.089917749166489,6.697608441114426
207,085072,EAST SALE                               ,-38.1156,147.1323,4.6,6.2333097,25,37.35946780207274,57.079261112578024,False,1.433640792744814,4.347888102328917,1993-11-22 07:00:00,35.71655295,350330,930,8.956991702318192,10.037403464317322,11.117815226316452,11.465630114078522,12.546041905879974,13.626453667879105
208,085096,WILSONS PROMONTORY LIGHTHOUSE           ,-39.1297,146.4246,95.0,9.255765,25,49.112407565168695,65.76584022220996,False,1.0561623972508891,8.76358123081709,2000-09-18 12:00:00,32.8925141,360745,3058,16.66011893749237,18.36941361427307,20.078708291053772,20.62897825241089,22.3382728099823,24.047567486763
209,085151,YARRAM AIRPORT                          ,-38.5647,146.7479,17.9,7.0969987,25,0.0,6.420679963081325,True,1.5852659571070291,4.476850499275362,2007-10-18 11:30:00,30.11061266666667,270403,1382,9.82855549454689,10.888087689876556,11.947619885206223,12.288713067770004,13.348245292901993,14.407777518033981
210,085280,MORWELL (LATROBE VALLEY AIRPORT)        ,-38.2094,146.4746,55.7,6.304288,25,43.38150136458279,50.52079858749647,False,1.5988609541919774,3.9429869707759853,1997-05-01 10:00:00,33.65677696666667,405439,1242,7.5074180364608765,8.388362377882004,9.269306719303131,9.552907466888428,10.433851808309555,11.314796179533005
211,085301,CORNER INLET (YANAKIE)                  ,-38.8051,146.1936,13.3,8.239087,25,35.279579034994484,70.76115095206738,False,1.7707991096499982,4.652750873827712,2013-01-18 10:00:00,30.465070166666667,176554,1724,17.281928181648254,19.0047447681427,20.72756141424179,21.28218448162079,23.005001068115234,24.727817714214325
212,085314,EAST SALE AIRPORT                       ,-38.1016,147.1398,5.3,6.18991,25,39.048835288032535,58.6172261049266,False,1.445787777549928,4.2813406165925345,2017-10-03 10:30:00,30.055590633333335,96599,227,6.5080306231975555,7.2897296994924545,8.071428790688515,8.323079690337181,9.104778781533241,9.886477887630463
213,086038,ESSENDON AIRPORT                        ,-37.7276,144.9066,78.4,5.988158,28,47.90313257995047,226.439462863342,False,1.231331483221514,4.863156922087669,1999-05-31 11:00:00,35.745987883333335,351124,178,3.595780670642853,4.162370100617409,4.728959530591965,4.911360591650009,5.477950036525726,6.0445394814014435
214,086282,MELBOURNE AIRPORT                       ,-37.6654,144.8322,113.4,6.9967537,28,40.61085676165025,216.96234383444425,False,1.2583599350599284,5.560216514914502,1970-07-01 11:00:00,64.55406101666667,430014,1593,51.422895225876,80.7687301679897,126.61304542899397,146.28632980955274,228.96520201397396,358.1268459148212
215,086344,SOUTH CHANNEL ISLAND                    ,-38.3065,144.8016,9.0,8.252011,26,40.49816903253692,190.68203441887124,False,1.1068133467847385,7.455648527464147,1998-12-08 11:00:00,31.198049416666667,410339,358,4.953428030014038,5.666904956102371,6.380381911993027,6.610070168972015,7.323547124862671,8.037024050951004
216,087031,LAVERTON RAAF                           ,-37.8565,144.7565,20.1,6.3229313,28,40.97377736235763,214.1389994839905,False,1.3605026811775616,4.647496382881171,1993-12-01 04:00:00,35.419676249999995,435967,520,5.545444339513779,6.304573833942413,7.063703343272209,7.308088466525078,8.067217990756035,8.826347529888153
217,087113,AVALON AIRPORT                          ,-38.0288,144.4783,10.6,6.571457,26,14.45127333840941,154.39618595697226,False,1.280468014216364,5.132074238653564,1994-10-03 09:00:00,33.26275385,450981,383,5.038717597723007,5.7825388088822365,6.526360027492046,6.765816979110241,7.509638220071793,8.253459483385086
218,087163,GROVEDALE (GEELONG AIRPORT)             ,-38.2241,144.3345,33.4,6.801224,26,3.867884499727364,138.3482205675317,False,1.4459710275163604,4.70356881451625,1991-09-01 09:00:00,32.5335344,322281,703,30.112859158809368,45.84731996977234,69.56422804515135,79.51548606659465,120.31301505338295,181.80805173163088
219,087166,POINT WILSON                            ,-38.0958,144.5361,18.0,7.5332675,26,15.677945299080264,160.56940416326805,False,1.2076097438652962,6.238163890516489,1991-09-01 09:00:00,31.921191633333333,457388,329,4.902139946818352,5.641637429594994,6.381134927272797,6.619199946522713,7.358697444200516,8.09819495677948
220,087168,SHE OAKS                                ,-37.9075,144.1303,236.7,7.5040126,28,2.85511644305553,152.84744536913723,False,1.8362282838090331,4.086644700363788,1991-09-01 09:00:00,32.1190817,517611,3888,338.2967191701256,638.3183126203285,1204.0990831319277,1476.9948108396457,2785.675362079209,5253.585361882275
221,087184,BREAKWATER (GEELONG RACECOURSE)         ,-38.1737,144.3765,12.9,6.0477524,26,1.2265304508866957,142.82837256998073,False,1.7636107246343833,3.4291877997197266,2011-06-06 11:30:00,30.041655416666668,207416,708,7.625660017132759,8.492094069719315,9.35852812230587,9.637457594275475,10.503891661763191,11.37032575905323
222,087185,POINT COOK RAAF                         ,-37.9273,144.7566,3.1,6.8732524,26,41.89216070712681,185.98472755066962,False,1.4249444618297629,4.823523004531196,2021-12-01 09:00:00,31.135848716666665,22952,16,13.604788384342346,20.66747695830124,31.17487218291208,35.547381715759094,53.312198295189404,79.74150307595418
223,088051,REDESDALE                               ,-37.0194,144.5203,290.0,6.6952853,28,42.94025557720251,174.7341555482494,False,1.8408234033679771,3.6371144065380006,1994-11-07 12:30:00,37.9889821,393542,1529,165.43044754454826,328.01956554180197,650.349860540824,810.652572686985,1607.161986011505,3186.229006788323
224,089002,BALLARAT AERODROME                      ,-37.5127,143.7911,435.2,8.226118,28,0.0,102.93935812037165,True,1.5270138808441323,5.387061762150559,2000-07-24 13:00:00,30.526881983333332,391340,1038,97.00016873617228,186.4277225362979,358.2354106451662,442.0546044165187,849.3442661156328,1631.8267582965816
225,089105,LOOKOUT HILL                            ,-37.2822,143.2469,965.0,10.3402605,28,0.0,39.82581818932168,True,1.8668961912969995,5.5387442289935365,1992-02-13 09:00:00,35.46069805,225625,4956,2346.1971836509115,4840.330564807364,9985.37541753394,12606.799665448545,26006.50410776712,53648.20157666606
226,089112,WESTMERE                                ,-37.7067,142.9378,226.0,7.7744107,28,8.691066101981212,59.73381339267618,False,1.8219082858094537,4.267180068938436,2006-02-09 13:00:00,30.303879533333333,297947,1636,10.967756226658821,12.143267840147018,13.318779453635216,13.697209671139717,14.872721299529076,16.048232913017273
227,090035,COLAC (MOUNT GELLIBRAND)                ,-38.2333,143.7924,261.0,8.240595,26,0.0,78.33476622178851,True,1.1934959025072396,6.904585802582272,2000-07-24 13:30:00,30.410862650000002,392832,1090,50.88930546370205,82.45022275787097,133.3273670288636,155.5941399827321,251.23755305133926,405.41760047858304
228,090171,PORTLAND (CASHMORE AIRPORT)             ,-38.3148,141.4705,80.9,7.8963327,18,16.404107870311627,163.33729394712506,False,1.683734681918138,4.689772578532421,1995-11-05 14:00:00,31.947126233333332,451604,2849,1956.9636975330566,5095.67134920677,13268.889476180208,18056.76677212417,47019.67859461655,122439.31692603405
229,090173,HAMILTON AIRPORT                        ,-37.6486,142.0636,241.1,8.336665,26,37.30255026649856,122.17989507301232,False,1.6012866442781917,5.206229117873719,1995-06-09 04:00:00,33.08092536666667,442630,1444,8.72888433933258,9.744124174118042,10.759364068508148,11.086198300123215,12.101438164710999,13.116678059101105
230,090175,PORT FAIRY AWS                          ,-38.3906,142.2347,10.0,8.447954,26,5.297639991806365,98.0232700143327,False,1.604661424975526,5.264633427568866,1991-09-01 09:00:00,31.529858666666666,527284,2781,14.47356116771698,16.055262744426727,17.63696438074112,18.146158576011658,19.72786021232605,21.309561848640442
231,090176,MORTLAKE RACECOURSE                     ,-38.0737,142.7744,130.0,7.715492,26,0.0,35.76956506860299,True,1.790631071923143,4.308811509347672,1991-09-01 09:00:00,31.447554583333332,528664,2983,83.4231542555657,134.9004072514288,217.88458367007968,254.20360232271454,410.2079267183174,661.695518310865
232,090180,AIREYS INLET                            ,-38.4583,144.0883,105.0,7.4699726,26,20.311449009869882,114.466919105913,False,1.5576913005972626,4.795541072617813,1991-09-01 09:00:00,31.3653832,530049,3172,12.358884871006012,13.67536199092865,14.991839051246643,15.415650010108948,16.732127130031586,18.048604249954224
233,090182,CASTERTON                               ,-37.5831,141.334,130.6,7.360738,18,2.340476359613954,112.98211623116772,False,1.8795216593582378,3.9162825094079876,2005-03-02 15:30:00,30.376596733333333,312589,1529,8.320114403963089,9.215221792459488,10.110329151153564,10.398489385843277,11.293596744537354,12.188704162836075
234,090184,CAPE NELSON LIGHTHOUSE                  ,-38.4306,141.5437,45.4,8.828662,18,29.838329173768653,176.21765391851898,False,1.4677908467239333,6.0149318537756615,1997-05-01 10:00:00,31.474283416666665,433553,2449,1147.6427775250884,2814.453428066837,6902.348834166422,9213.456628075946,22596.066519763226,55417.256785133526
235,090186,WARRNAMBOOL AIRPORT NDB                 ,-38.2869,142.4524,70.8,8.05158,26,0.0,72.43327636701015,True,1.53206962975838,5.255361944839902,1998-09-02 11:00:00,30.453213783333336,424965,1631,8.58487668633461,9.549588024616241,10.514299362897873,10.8248670399189,11.789578378200531,12.754289716482162
236,090192,PORTLAND NTC AWS                        ,-38.3439,141.6136,0.0,7.614743,18,28.830260780153903,176.67525496729942,False,1.4772978148349096,5.154507883420927,2011-04-15 15:00:00,30.127998083333335,209300,885,8.781091004610062,9.751497119665146,10.721903204917908,11.034304201602936,12.00471031665802,12.975116431713104
237,090194,DARTMOOR                                ,-37.9222,141.2614,51.0,6.4981894,18,0.0,123.04779341384322,True,1.986043075970432,3.2719277481608096,2009-03-05 16:00:00,30.17934316666667,245730,1285,7.7553306221961975,8.57604929804802,9.396767973899841,9.660980373620987,10.481699019670486,11.302417695522308
238,008051,GERALDTON AIRPORT COMPARISON            ,-28.7953,114.6975,33.0,7.0812526,30,0.0,65.89148203738645,True,1.3038437517239263,5.431059178339359,1993-12-09 08:00:00,37.2906773,289541,61,6.180246914913442,10.17818101950985,16.605547886726036,19.413774953440992,31.453354002831013,50.80904858226701
239,008296,MORAWA AIRPORT                          ,-29.2039,116.0247,271.4,7.0085483,30,0.0,83.39905749182617,True,1.8016331251466855,3.8901084587709747,1997-02-26 01:00:00,41.4812075,331196,910,17.340485705547792,23.48221956866047,31.58325610818025,34.706007997759755,46.38759673942533,61.795782659730754
240,008315,GERALDTON AIRPORT                       ,-28.8047,114.6989,29.7,7.053227,30,0.0,65.71631732996924,True,1.2658824134928062,5.571786820486156,2011-07-20 10:00:00,30.158720066666667,204511,53,3.3266997933387756,3.9544557332992554,4.5822117030620575,4.784303978085518,5.41205994784832,6.039815917611122
241,009037,BADGINGARRA RESEARCH STN                ,-30.3381,115.5394,275.0,8.427701,30,47.09799936095199,75.71073019646128,False,1.5792793059957053,5.336422103679388,1997-04-21 23:00:00,44.839917916666664,304625,909,18.402001310129368,24.142419755435814,31.42801297085161,34.16786160430732,44.15204899916491,56.82372592280454
242,009741,ALBANY AIRPORT COMPARISON               ,-34.9414,117.8022,68.0,6.969145,29,0.0,8.034099659900503,True,1.6044474768540689,4.343641609778208,1994-01-01 16:00:00,36.42304083333333,290969,509,6.1035474091768265,6.877720668911934,7.651893958449364,7.901122093200684,8.675295382738113,9.449468687176704
243,009999,ALBANY AIRPORT                          ,-34.9411,117.8158,68.4,7.027893,29,0.0,6.586523290925653,True,1.5625446952823545,4.497722905223071,2012-01-13 12:00:00,30.175453816666668,195949,328,5.289166703820229,5.954841613769531,6.620516538619995,6.834816008806229,7.5004909336566925,8.166165873408318
244,010286,CUNDERDIN AIRFIELD                      ,-31.6219,117.2217,216.7,6.7435317,31,33.963680053838694,128.477437560753,False,1.5269358673064442,4.416381754031848,1996-08-29 11:00:00,46.67772601666666,299897,454,10.090185966956128,12.411117174119966,15.046594167125516,15.968824376662173,19.08646206635838,22.62661973167893
245,012320,SOUTHERN CROSS AIRFIELD                 ,-31.2353,119.3564,347.4,6.976134,31,22.59995377158486,110.37747594390194,False,1.5394823066011316,4.531480351207596,1996-10-03 11:00:00,46.520216516666665,299829,411,9.919778804631896,12.639726120732501,15.890683970765643,17.066790670732413,21.182036551836504,26.100694653337374
