,station no.,station name,latitude,longitude,altitude,meanSpeed-100m,meanDuration,highWindFrac,scaleFactor,meanSpeed-10m,startTime_x,meanRes_x,Observations,closestZone,distanceToZone,distanceToCentroid,inZone,gustObs,stormCount,startTime_y,meanRes_y,durationGoodness,paretoGoodness
0,015590,ALICE SPRINGS AIRPORT                   ,-23.7951,133.889,546.0,5.714463,6.714285714285714,0.0098402028351851,1.6065536143588743,3.5569701396042226,1990-08-08 12:00:00,29.83966438333333,450056.0,32,0.0,8.927277973743195,True,450057,109,1990-08-08 12:00:00,29.839664383333332,,0.001998001998001998
1,015643,TERRITORY GRAPE FARM                    ,-22.4518,133.6377,565.6,6.7526736,7.083333333333333,0.0171415328660021,2.0226570353052957,3.3385163713267936,2000-08-05 09:30:00,29.970831416666663,222105.0,32,35.44579446716831,105.10764343094569,False,222105,297,2000-08-05 09:30:00,29.970831416666666,,0.004995004995004995
2,008051,GERALDTON AIRPORT COMPARISON            ,-28.7953,114.6975,33.0,7.0812526,6.6,0.0095450193465345,1.314698882576718,5.386216318250681,1993-12-09 08:00:00,29.99991663333333,289547.0,30,0.0,65.89148203738645,True,289547,36,1993-12-09 08:00:00,29.99991663333333,,0.006993006993006993
3,008296,MORAWA AIRPORT                          ,-29.2039,116.0247,271.4,7.0085483,7.474137931034483,0.0262211543345693,1.8100478461733844,3.872023755919963,1997-02-26 01:00:00,29.998886366666667,331199.0,30,0.0,83.39905749182617,True,331199,308,1997-02-26 01:00:00,29.998886366666667,,0.000999000999000999
4,008315,GERALDTON AIRPORT                       ,-28.8047,114.6989,29.7,7.053227,7.0,0.0098087076161975,1.2658713149194316,5.571835671332309,2011-07-20 10:00:00,29.999854066666668,204511.0,30,0.0,65.71631732996924,True,204511,34,2011-07-20 10:00:00,29.999854066666668,,0.001998001998001998
5,009037,BADGINGARRA RESEARCH STN                ,-30.3381,115.5394,275.0,8.427701,7.433333333333334,0.0330584398336168,1.5811621890103995,5.330067373843263,1997-04-21 23:00:00,29.9999341,304627.0,30,47.09799936095199,75.71073019646128,False,304627,339,1997-04-21 23:00:00,29.9999341,,0.001998001998001998
6,009741,ALBANY AIRPORT COMPARISON               ,-34.9414,117.8022,68.0,6.969145,6.5,0.0191389247262345,1.6146426505207512,4.316214995881174,1994-01-01 16:00:00,29.990407216666664,290975.0,29,0.0,8.034099659900503,True,290985,283,1994-01-01 16:00:00,29.990407216666664,,0.006993006993006993
7,009999,ALBANY AIRPORT                          ,-34.9411,117.8158,68.4,7.027893,7.205479452054795,0.0145050520551777,1.562550010084906,4.497707606826848,2012-01-13 12:00:00,29.999847783333333,195949.0,29,0.0,6.586523290925653,True,195949,194,2012-01-13 12:00:00,29.999847783333333,,0.000999000999000999
8,010286,CUNDERDIN AIRFIELD                      ,-31.6219,117.2217,216.7,6.7435317,7.654545454545454,0.0182580326242222,1.5406124420261658,4.3771759334100215,1996-08-29 11:00:00,29.975460316666663,299900.0,31,33.963680053838694,128.477437560753,False,299900,133,1996-08-29 11:00:00,29.975460316666666,,0.000999000999000999
9,012320,SOUTHERN CROSS AIRFIELD                 ,-31.2353,119.3564,347.4,6.976134,7.2,0.0224292577451538,1.5487184045205198,4.504455944368126,1996-10-03 11:00:00,29.999935466666667,299832.0,31,22.59995377158486,110.37747594390194,False,299832,139,1996-10-03 11:00:00,29.999935466666667,,0.001998001998001998
10,030022,HUGHENDEN AIRPORT                       ,-20.8192,144.2333,316.4,6.97717,6.181818181818182,0.016175022750222,1.718936524385234,4.059003861724847,2001-02-23 11:00:00,29.999922666666667,289292.0,12,0.0,177.11476095400414,True,289292,51,2001-02-23 11:00:00,29.999922666666667,,0.001998001998001998
11,030024,HUGHENDEN POST OFFICE                   ,-20.8447,144.1986,324.0,6.97508,0.0,0.0146447577357763,2.083176417493789,3.348290598290599,2001-02-21 17:00:00,29.638554216666662,24.0,12,0.0,177.95682314736928,True,24,0,2001-02-21 17:00:00,29.638554216666666,,
12,030124,GEORGETOWN AIRPORT                      ,-18.3039,143.5306,301.8,5.753821,5.75,0.0152357683292828,1.9295987351214547,2.9818743096276537,2004-06-01 18:00:00,29.99990925,267237.0,12,0.0,62.02129923827779,True,267237,38,2004-06-01 18:00:00,29.999909249999998,,0.000999000999000999
13,030161,RICHMOND AIRPORT                        ,-20.7001,143.1137,206.3,6.192665,5.0,0.0043884333204595,1.4433878309572388,4.290368096002825,1998-11-07 19:00:00,29.99992993333333,306044.0,12,0.0,166.96859787752314,True,306045,14,1998-11-07 19:00:00,29.99992993333333,,0.5794205794205795
14,033045,MACKAY AERO                             ,-21.1706,149.1794,5.3,6.210302,14.714285714285714,0.0039512315677596,1.274168542289703,4.874003453976421,1995-11-14 01:00:00,29.90124373333333,434842.0,11,7.562863103179123,93.45354629179857,False,434842,11,1995-11-14 01:00:00,29.901243733333335,,0.5844155844155844
15,033106,HAMILTON ISLAND AIRPORT                 ,-20.3658,148.9536,58.7,7.59709,12.5625,0.008531242470265,1.0055191502232237,7.55539043266308,2002-07-19 12:00:00,29.999917433333334,274229.0,11,39.01323976833973,98.75835869673249,False,274229,29,2002-07-19 12:00:00,29.999917433333334,,0.000999000999000999
16,033119,MACKAY M.O                              ,-21.1172,149.2169,30.3,6.8704095,9.542857142857144,0.0088354717580724,1.5267455910976442,4.500035584670358,1995-10-15 13:00:00,29.98935895,351011.0,11,14.139447045315475,97.48899831898383,False,351011,106,1995-10-15 13:00:00,29.98935895,,0.000999000999000999
17,033210,ST LAWRENCE                             ,-22.3472,149.5242,9.2,4.921065,6.0,0.0063969677421316,1.6807667823722192,2.9278689377253557,2004-08-09 18:00:00,29.99990833333333,264071.0,11,29.331704801005266,176.18666247837456,False,264071,5,2004-08-09 18:00:00,29.999908333333334,,0.939060939060939
18,033247,PROSERPINE AIRPORT                      ,-20.4925,148.555,19.7,6.4205017,8.03225806451613,0.0205685674531386,1.7244078631044184,3.7233080678637527,1996-03-22 08:00:00,29.99993673333333,315931.0,11,0.1631072460927245,63.89445161965711,False,315931,161,1996-03-22 08:00:00,29.999936733333335,,0.003996003996003996
19,033255,HAMILTON ISLAND                         ,-20.3528,148.9511,22.6,7.22885,0.0,0.0077256657355625,0.9308736380382984,7.765661839002996,2002-03-14 17:00:00,29.985214383333336,2915.0,11,39.76581228046294,99.4639190574183,False,2915,0,2002-03-14 17:00:00,29.985214383333336,,
20,033317,HAY POINT                               ,-21.2894,149.3008,7.0,7.2941017,15.6,0.005069693673366,1.1716012807277512,6.225754303167961,2005-11-24 14:00:00,29.999901516666668,300465.0,11,10.503650209684006,108.0569523144602,False,300466,20,2005-11-24 14:00:00,29.999901516666668,,0.3786213786213786
21,033327,BOWEN AIRPORT AWS                       ,-20.0153,148.2138,5.9,7.54576,9.857142857142858,0.0204512264687265,1.7126144890198138,4.405988740082895,2015-03-19 12:30:00,29.99978778333333,139175.0,11,14.992843196237716,105.22872992161204,False,139175,46,2015-03-19 12:30:00,29.999787783333332,,0.000999000999000999
22,033329,OORALEA RACECOURSE (MACKAY TURF CLUB)   ,-21.17,149.1515,10.3,5.663748,11.72222222222222,0.0225892343928817,1.924783236641518,2.942537985398318,2016-06-27 10:00:00,29.9997479,117844.0,11,5.2071024178980085,90.35263315913467,False,117844,64,2016-06-27 10:00:00,29.9997479,,0.000999000999000999
23,034035,MORANBAH AIRPORT                        ,-22.0644,148.0758,232.2,5.8115926,32.5,0.004982968543307,1.433005461354931,4.055527166932762,2012-02-27 09:00:00,29.9998461,194688.0,11,20.125792067787767,94.16103535337861,False,194688,5,2012-02-27 09:00:00,29.9998461,,0.001998001998001998
24,036034,BLACKALL AIRPORT                        ,-24.4303,145.4306,281.3,6.916158,6.714285714285714,0.0158395194962325,1.9055553149914388,3.6294712333456327,2001-03-13 11:00:00,29.99992248333333,309685.0,8,35.49191641839256,132.53787850009053,False,309685,121,2001-03-13 11:00:00,29.999922483333332,,0.000999000999000999
25,039089,THANGOOL AIRPORT                        ,-24.4935,150.5709,193.1,5.087457,6.666666666666667,0.0091921511020345,1.8944362328674864,2.6854729083821614,2009-10-01 14:30:00,29.99987348333333,223139.0,10,0.0,38.713701639612005,True,223139,23,2009-10-01 14:30:00,29.99987348333333,,0.005994005994005994
26,039123,GLADSTONE RADAR                         ,-23.8553,151.2628,74.5,6.699093,10.102564102564102,0.0102611440630681,1.4503142726620082,4.619062910202388,1994-08-10 15:00:00,29.92955425,475638.0,10,4.210244063959086,77.99496233498554,False,475639,122,1994-08-10 15:00:00,29.929554250000002,,0.000999000999000999
27,039322,RUNDLE ISLAND                           ,-23.5322,151.2771,19.8,7.608096,8.0,0.0046699289065658,1.0415430937292145,7.3046388272818685,1996-01-20 04:00:00,29.99503525,411174.0,10,30.765086729826862,107.0548305326289,False,411174,13,1996-01-20 04:00:00,29.99503525,,0.6083916083916084
28,039326,GLADSTONE AIRPORT                       ,-23.8697,151.2214,16.6,5.8156376,8.555555555555555,0.0064615999440201,1.5117323606629898,3.847002114812475,1996-01-09 08:30:00,29.97478083333333,449236.0,10,0.0845978517541118,74.55870495599487,False,449236,26,1996-01-09 08:30:00,29.974780833333334,,0.003996003996003996
29,040004,AMBERLEY AMO                            ,-27.6297,152.7111,24.2,4.7296977,6.344827586206897,0.006789171700383,1.6295827109941268,2.902398063262364,1995-10-14 14:00:00,29.9928436,354609.0,9,25.6910013451838,132.60134378987183,False,354609,82,1995-10-14 14:00:00,29.9928436,,0.001998001998001998
30,040082,UNIVERSITY OF QUEENSLAND GATTON         ,-27.5436,152.3375,89.0,5.0312443,7.3125,0.0057315706492775,1.6565431176465837,3.0371948815325047,2002-07-16 12:00:00,29.999917466666663,296584.0,9,0.0,90.45102278246777,True,296584,101,2002-07-16 12:00:00,29.999917466666666,,0.002997002997002997
31,040651,JIMNA FORESTRY                          ,-26.6644,152.4606,523.0,5.4292564,7.4,0.0419881605398092,2.545194038638082,2.133140482332006,2000-07-24 13:00:00,19.830322833333334,107113.0,9,17.786618341232447,131.11962898052002,False,107113,19,2000-07-24 13:00:00,19.830322833333334,,0.016983016983016984
32,040922,KINGAROY AIRPORT                        ,-26.5737,151.8398,433.7,6.441113,7.995348837209303,0.0390827277893136,2.217052154839368,2.9052600233549226,2001-01-19 12:00:00,29.999846,291111.0,9,0.0,95.22970247332205,True,291111,486,2001-01-19 12:00:00,29.999845999999998,,0.000999000999000999
33,041097,INGLEWOOD FOREST                        ,-28.3661,150.9539,379.0,5.4786572,0.0,0.0013683773662764,1.557618946681124,3.517328328157258,2000-07-24 13:00:00,29.999881016666667,145058.0,9,0.0,107.36237465396395,True,145058,0,2000-07-24 13:00:00,29.999881016666667,,
34,041175,APPLETHORPE                             ,-28.6217,151.9533,871.6,7.269514,10.865206402695872,0.1171292019154975,3.208274791980718,2.265863916031415,1997-03-24 00:00:00,29.9999343,339787.0,9,11.441098714347786,121.59045518412834,False,339787,2260,1997-03-24 00:00:00,29.9999343,,0.003996003996003996
35,041359,OAKEY AERO                              ,-27.4034,151.7413,405.7,5.9872656,7.222222222222222,0.0051204309894904,1.3649214962005625,4.386527432910511,1995-11-06 15:00:00,29.9240177,375513.0,9,0.0,25.0478721338488,True,375514,28,1995-11-06 15:00:00,29.9240177,,0.000999000999000999
36,041522,DALBY AIRPORT                           ,-27.1605,151.2633,345.9,6.016582,6.333333333333333,0.005503789189231,1.3951794144423542,4.312407386387155,2006-07-06 15:00:00,29.999897916666665,246507.0,9,0.0,42.65994431236344,True,246507,9,2006-07-06 15:00:00,29.999897916666665,,0.5784215784215784
37,041525,WARWICK                                 ,-28.2061,152.1003,475.4,5.808574,8.046082949308756,0.0400408167300846,2.203790477023505,2.6357198019667103,1998-11-13 00:30:00,29.982974966666667,294342.0,9,0.0,95.69029715611128,True,294342,526,1998-11-13 00:30:00,29.982974966666667,,0.001998001998001998
38,041529,TOOWOOMBA AIRPORT                       ,-27.5425,151.9134,640.9,7.552426,9.176470588235292,0.0109220288044314,1.3576384864531903,5.56291379238168,1996-06-25 15:00:00,29.99993613333333,367657.0,9,0.0,43.51803632523433,True,367657,91,1996-06-25 15:00:00,29.999936133333332,,0.000999000999000999
39,041560,GOONDIWINDI AIRPORT                     ,-28.5226,150.3223,216.5,5.778338,6.666666666666667,0.0111261755072085,1.9281413746511091,2.996843505067373,2021-09-29 11:30:00,19.826652216666663,26776.0,4,32.33015222240148,126.68232404108339,False,26776,18,2021-09-29 11:30:00,19.826652216666666,,0.3076923076923077
40,046128,FOWLERS GAP AWS                         ,-31.0863,141.7008,181.0,7.20423,7.924242424242424,0.0301337392055184,1.6738082462787305,4.304095076429606,2004-10-26 18:00:00,29.999907266666664,246974.0,0,0.0,78.92933688746743,True,246974,299,2004-10-26 18:00:00,29.999907266666664,,0.001998001998001998
41,047048,BROKEN HILL AIRPORT AWS                 ,-32.0012,141.4694,281.3,7.2803807,11.698412698412698,0.0229443219648712,1.5445224893671825,4.713677383126673,1989-01-01 13:30:00,29.99960056666667,412621.0,0,0.0,4.8697153601037115,True,412621,513,1989-01-01 13:30:00,29.99960056666667,,0.000999000999000999
42,050137,CONDOBOLIN AIRPORT AWS                  ,-33.0682,147.2133,192.6,6.2185802,7.174129353233831,0.0200958362288713,1.7069164935634131,3.643166065487816,1993-06-15 00:00:00,29.999942616666665,384385.0,2,0.0,64.94867294409343,True,384449,434,1993-06-15 00:00:00,29.999942616666665,,0.003996003996003996
43,051049,TRANGIE RESEARCH STATION AWS            ,-31.9861,147.9489,215.0,6.804929,7.638225255972697,0.0260914705892585,1.992024359016458,3.416087132067961,1997-10-10 10:00:00,29.999932883333333,324756.0,2,0.0,94.46676618741554,True,324756,605,1997-10-10 10:00:00,29.999932883333333,,0.001998001998001998
44,053000,MOREE AUTOSONDE                         ,-29.4917,149.8461,213.0,5.68134,6.0,0.0092109636082167,1.8875748678684956,3.0098621857610697,2000-06-30 11:00:00,29.144011433333333,16068.0,4,0.0,20.045573924969155,True,16068,6,2000-06-30 11:00:00,29.144011433333333,,0.5774225774225774
45,053115,MOREE AERO                              ,-29.4898,149.8471,213.0,5.6745696,6.941176470588236,0.0042410328064208,1.4232009736515758,3.9871878335084943,1989-01-06 12:30:00,29.987767833333333,462894.0,4,0.0,20.248033274148483,True,463026,51,1989-01-06 12:30:00,29.987767833333333,,0.003996003996003996
46,054038,NARRABRI AIRPORT AWS                    ,-30.3154,149.8302,229.0,5.81251,7.595238095238095,0.0079695113957068,1.4783943792420005,3.931636980763213,2001-07-13 15:00:00,29.9999213,311683.0,4,0.0,59.6512911221819,True,311683,115,2001-07-13 15:00:00,29.9999213,,0.02197802197802198
47,055202,GUNNEDAH AIRPORT AWS                    ,-30.9537,150.2494,262.6,4.8859096,6.333333333333333,0.0035520353570931,1.3852932624119465,3.526985722023674,2001-09-14 09:00:00,29.99936508333333,286633.0,4,44.67226203158852,130.79116924476878,False,286633,18,2001-09-14 09:00:00,29.99936508333333,,0.00999000999000999
48,056018,INVERELL RESEARCH CENTRE                ,-29.7752,151.082,664.0,4.4586205,10.333333333333334,0.0021348097301253,1.647498050667569,2.706297920317205,2002-12-18 10:30:00,29.999747266666667,288975.0,5,34.99835947532844,77.66540453676389,False,288975,6,2002-12-18 10:30:00,29.999747266666667,,0.9000999000999002
49,056238,ARMIDALE AIRPORT AWS                    ,-30.5273,151.6158,1079.0,6.852955,8.429577464788732,0.0108927373924874,1.5396769978004834,4.450904231401645,1993-06-19 11:00:00,29.86184198333333,431938.0,5,0.0,63.967852382740155,True,432053,350,1993-06-19 11:00:00,29.86184198333333,,0.001998001998001998
50,056243,GLEN INNES AIRPORT AWS                  ,-29.678,151.694,1044.3,6.608227,8.181818181818182,0.0123470928359634,1.5400354808758767,4.2909574864890105,1996-10-16 10:00:00,29.99993538333333,334607.0,5,0.0,23.26756889181711,True,334607,199,1996-10-16 10:00:00,29.99993538333333,,0.000999000999000999
51,061287,MERRIWA (ROSCOMMON)                     ,-32.1852,150.1737,375.0,6.1609936,7.734848484848484,0.0147482233703256,1.7091988372020288,3.6046090378433657,2007-08-02 16:00:00,29.999890933333333,273201.0,1,0.0,70.67059676433898,True,273201,289,2007-08-02 16:00:00,29.999890933333333,,0.001998001998001998
52,061363,SCONE AIRPORT AWS                       ,-32.0335,150.8264,221.4,4.981134,6.75,0.0088905686888098,1.5431526204178103,3.227894552962004,1989-01-01 11:00:00,29.99985021666667,413450.0,1,45.34951925279463,144.05970612910008,False,413512,133,1989-01-01 11:00:00,29.99985021666667,,0.001998001998001998
53,061392,MURRURUNDI GAP AWS                      ,-31.7416,150.7937,729.4,7.8514023,9.489795918367347,0.0150495228421349,1.285319196728488,6.108523316775281,2003-06-20 11:00:00,29.999913616666667,307424.0,1,49.99778151680812,151.35095374999375,False,307424,434,2003-06-20 11:00:00,29.999913616666667,,0.000999000999000999
54,062100,NULLO MOUNTAIN AWS                      ,-32.7244,150.229,1130.0,7.790032,7.423500611995104,0.0597470044028987,2.1173627836150137,3.679120068712343,1989-01-03 10:00:00,29.999850183333333,450439.0,1,0.0,75.64847009668368,True,450504,2052,1989-01-03 10:00:00,29.999850183333333,,0.001998001998001998
55,062101,MUDGEE AIRPORT AWS                      ,-32.5628,149.6149,471.0,4.7964463,6.35,0.0058923259544538,1.5703694057959852,3.05434269522308,1989-01-01 11:00:00,29.99985021666667,408420.0,1,0.0,9.798327415789108,True,408482,64,1989-01-01 11:00:00,29.99985021666667,,0.000999000999000999
56,063291,BATHURST AIRPORT AWS                    ,-33.4119,149.654,744.5,4.5955534,6.4,0.0028459980279704,1.3808369884072549,3.3280926254974728,1989-01-01 11:00:00,29.99985021666667,420341.0,1,5.55431310321705,91.0366398030891,False,420404,15,1989-01-01 11:00:00,29.99985021666667,,0.5914085914085914
57,063292,MOUNT BOYCE AWS                         ,-33.6185,150.2741,1080.0,7.1276574,12.28636021100226,0.0333140389056514,1.7670920251962017,4.033551910060415,1989-09-25 00:00:00,29.999948983333336,438406.0,1,47.65103812316338,134.69995987124432,False,438470,2489,1989-09-25 00:00:00,29.999948983333336,,0.000999000999000999
58,063303,ORANGE AIRPORT AWS                      ,-33.3768,149.1263,944.7,6.7261634,7.455056179775281,0.0197243534723229,1.6336775706334612,4.117191487602112,1996-03-14 14:00:00,29.999810383333333,365576.0,1,9.685537974233744,101.03440774729987,False,365642,406,1996-03-14 14:00:00,29.999810383333333,,0.000999000999000999
59,063308,MARRANGAROO (DEFENCE)                   ,-33.4346,150.135,955.0,5.7547545,10.324561403508772,0.0997130670258751,3.49168426564864,1.6481314189601846,2017-12-07 12:00:00,29.99903905,93535.0,1,23.827611160233698,111.32898653299529,False,93535,1200,2017-12-07 12:00:00,29.99903905,,0.000999000999000999
60,064017,COONABARABRAN AIRPORT AWS               ,-31.333,149.2699,645.0,6.5363307,5.95,0.0039858727272402,1.5274490461912844,4.279246313465635,2001-07-02 11:00:00,29.9999214,327018.0,1,31.947061335618326,114.04844284397078,False,327018,93,2001-07-02 11:00:00,29.9999214,,0.001998001998001998
61,065070,DUBBO AIRPORT AWS                       ,-32.2206,148.5753,284.0,6.046174,5.555555555555555,0.0057104682502611,1.4167291200977783,4.267699423697984,1989-01-02 09:00:00,29.997653416666665,363506.0,1,19.994079250135037,114.84572783127625,False,363571,43,1989-01-02 09:00:00,29.997653416666665,,0.006993006993006993
62,068072,NOWRA RAN AIR STATION AWS               ,-34.9469,150.5353,109.0,5.3677278,7.239234449760765,0.0058632305892676,1.3748397679483102,3.9042569771680142,2000-11-29 10:00:00,29.999770450000003,379686.0,7,13.393728138892065,73.76237285744793,False,379686,470,2000-11-29 10:00:00,29.999770450000003,,0.002997002997002997
63,068076,NOWRA RAN AIR STATION                   ,-34.9449,150.545,109.0,5.51312,6.569767441860465,0.4549978082877062,1.5286423426092173,3.606546816567762,1989-06-10 16:00:00,28.946105816666662,2746.0,7,14.191128372693921,74.7415866428796,False,2751,175,1989-06-10 16:00:00,28.946105816666666,,0.01098901098901099
64,068151,JERVIS BAY (POINT PERPENDICULAR AWS)    ,-35.0936,150.8049,85.0,7.490162,12.59016393442623,0.0351453603214771,1.6800159510231925,4.458387368995018,2004-10-08 10:00:00,25.36296121666667,240824.0,7,41.64353978815259,106.6773214823823,False,240824,692,2004-10-08 10:00:00,25.36296121666667,,0.000999000999000999
65,068192,CAMDEN AIRPORT AWS                      ,-34.039,150.689,73.9,4.4065576,6.961352657004831,0.0097616094253775,1.814551797275582,2.4284550965054663,1994-09-19 15:00:00,27.62122361666667,391714.0,7,46.834713285423575,110.03662940057141,False,391714,472,1994-09-19 15:00:00,27.62122361666667,,0.002997002997002997
66,068228,BELLAMBI AWS                            ,-34.3691,150.9291,10.0,6.8187523,7.835694050991502,0.010731069692635,1.381654537307996,4.935207828509693,1989-01-01 11:00:00,29.99985021666667,546413.0,7,48.47666806111386,119.53672667019396,False,546539,784,1989-01-01 11:00:00,29.99985021666667,,0.000999000999000999
67,068239,MOSS VALE AWS                           ,-34.5253,150.4217,678.4,7.361471,10.459234608985025,0.0302250889644282,1.5608614321708112,4.716287445138094,2001-02-26 16:00:00,29.99969055,332615.0,7,0.0,61.172380764914685,True,332615,1075,2001-02-26 16:00:00,29.99969055,,0.003996003996003996
68,068241,ALBION PARK (SHELLHARBOUR AIRPORT)      ,-34.5639,150.7924,8.0,4.9378114,7.9186046511627906,0.0058531624265822,1.3346668077496728,3.699658481047977,1999-06-04 15:00:00,29.99992825,337426.0,7,27.811621508566045,100.46458494379252,False,337426,363,1999-06-04 15:00:00,29.99992825,,0.001998001998001998
69,068242,KIAMA (BOMBO HEADLAND)                  ,-34.6532,150.8609,15.5,6.930965,9.614285714285714,0.0181807241423179,1.514762660886548,4.575611167158245,2001-12-17 16:00:00,29.99975915,292034.0,7,33.572348317022,107.07767773400798,False,292034,581,2001-12-17 16:00:00,29.99975915,,0.000999000999000999
70,068253,PORT KEMBLA NTC AWS                     ,-34.4734,150.9118,0.0,6.519816,9.304166666666667,0.0155923113223845,1.6773477674771915,3.8869792229130575,2012-07-11 14:30:00,29.9998408,188289.0,7,41.390687480515055,115.13710921580761,False,188289,438,2012-07-11 14:30:00,29.9998408,,0.000999000999000999
71,068262,HIGH RANGE AWS (WANGANDERRY)            ,-34.3335,150.267,813.6,7.0253158,8.816176470588236,0.0098568854345744,1.3149797437825474,5.342527742182399,2014-07-01 12:30:00,29.999805050000003,152909.0,7,0.0,55.68943686419033,True,152909,295,2014-07-01 12:30:00,29.999805050000003,,0.001998001998001998
72,068264,JERVIS BAY NSW (JERVIS BAY AIRFIELD AWS),-35.144,150.6974,57.2,6.817914,10.557692307692308,0.0156856373399164,1.43772840499855,4.742143220785231,2018-10-12 14:30:00,29.998858166666665,78786.0,7,35.03006849873485,97.39032594272564,False,78786,92,2018-10-12 14:30:00,29.998858166666665,,0.007992007992007992
73,069128,NERRIGA AWS                             ,-35.1103,150.0826,622.0,5.4236255,9.66101694915254,0.0140522433528947,1.570443096419306,3.45356382639646,2013-06-25 13:00:00,29.99982526666667,170580.0,7,1.9042467591422496,42.14242708632019,False,170580,540,2013-06-25 13:00:00,29.99982526666667,,0.006993006993006993
74,069132,BRAIDWOOD RACECOURSE AWS                ,-35.4253,149.7835,665.2,5.866378,8.285714285714286,0.0325660482534201,1.9112324332954067,3.06942145199492,1989-01-01 11:00:00,29.99985021666667,419615.0,7,30.128087703773357,68.40036167039757,False,419681,1338,1989-01-01 11:00:00,29.99985021666667,,0.001998001998001998
75,069138,ULLADULLA AWS                           ,-35.3635,150.4828,35.7,7.3889804,10.112826603325416,0.0385405480772362,2.035725839005952,3.629653977496993,1992-09-22 00:00:00,29.99994398333333,397359.0,7,43.78369521582845,89.29233831963126,False,397412,1677,1992-09-22 00:00:00,29.99994398333333,,0.000999000999000999
76,070014,CANBERRA AIRPORT COMPARISON             ,-35.3049,149.2014,578.4,4.76841,6.731481481481482,0.0134387523637661,1.6116288994647552,2.9587519852893687,1985-01-02 16:00:00,29.1219058,215485.0,7,30.314461154781977,95.42872297371119,False,215485,338,1985-01-02 16:00:00,29.1219058,,0.002997002997002997
77,070330,GOULBURN AIRPORT AWS                    ,-34.8085,149.7311,640.0,6.5079293,8.946502057613168,0.0266340874092755,1.5725650163930052,4.138416699635737,1989-01-03 10:00:00,29.999850183333333,423136.0,7,0.0,20.363916317541115,True,423199,1048,1989-01-03 10:00:00,29.999850183333333,,0.000999000999000999
78,070339,TUGGERANONG (ISABELLA PLAINS) AWS       ,-35.4184,149.0937,586.7,4.302654,6.439024390243903,0.0095731520577434,1.6934500496492244,2.54076215026921,1996-08-09 13:00:00,29.70075208333333,433214.0,7,44.99090976141262,111.4906405705364,False,433321,162,1996-08-09 13:00:00,29.700752083333334,,0.000999000999000999
79,070351,CANBERRA AIRPORT                        ,-35.3088,149.2004,577.1,4.7843604,5.0,0.0037724405234831,1.3289790382115998,3.6000269915628227,2010-03-01 10:30:00,27.02099315,227965.0,7,30.596918016366327,95.73648665176074,False,227965,30,2010-03-01 10:30:00,27.02099315,,0.008991008991008992
80,074037,YANCO AGRICULTURAL INSTITUTE            ,-34.6222,146.4326,164.0,6.437553,7.012820512820513,0.0141634103697524,1.7844198223261163,3.6076448201145617,1999-08-05 17:00:00,29.999927733333333,303365.0,27,42.713018135724276,282.68794071239506,False,303365,212,1999-08-05 17:00:00,29.999927733333333,,0.002997002997002997
81,074037,YANCO AGRICULTURAL INSTITUTE            ,-34.6222,146.4326,164.0,6.437553,7.012820512820513,0.0141634103697524,1.7844198223261163,3.6076448201145617,1999-08-05 17:00:00,29.999927733333333,303365.0,3,42.713018135724276,282.68794071239506,False,303365,212,1999-08-05 17:00:00,29.999927733333333,,0.002997002997002997
82,074258,DENILIQUIN AIRPORT AWS                  ,-35.5575,144.9458,94.0,6.8295126,6.925925925925926,0.0098157210306538,1.5490406122579206,4.408866069802716,1997-05-23 10:00:00,29.99993388333333,347676.0,27,25.715732628327657,139.46321271422818,False,347676,186,1997-05-23 10:00:00,29.99993388333333,,0.000999000999000999
83,074258,DENILIQUIN AIRPORT AWS                  ,-35.5575,144.9458,94.0,6.8295126,6.925925925925926,0.0098157210306538,1.5490406122579206,4.408866069802716,1997-05-23 10:00:00,29.99993388333333,347676.0,3,25.715732628327657,139.46321271422818,False,347676,186,1997-05-23 10:00:00,29.99993388333333,,0.000999000999000999
84,075019,HAY AIRPORT AWS                         ,-34.5412,144.8345,92.0,6.8656693,7.492063492063492,0.0135548611455483,1.509991741388549,4.546825695996715,2007-06-26 09:00:00,29.99989163333333,233431.0,27,0.0,106.10447354520424,True,233431,164,2007-06-26 09:00:00,29.999891633333334,,0.001998001998001998
85,075019,HAY AIRPORT AWS                         ,-34.5412,144.8345,92.0,6.8656693,7.492063492063492,0.0135548611455483,1.509991741388549,4.546825695996715,2007-06-26 09:00:00,29.99989163333333,233431.0,3,0.0,106.10447354520424,True,233431,164,2007-06-26 09:00:00,29.999891633333334,,0.001998001998001998
86,075041,GRIFFITH AIRPORT AWS                    ,-34.2487,146.0695,134.0,6.419528,6.433734939759036,0.0176245511297491,1.6156908430296522,3.9732403232971154,2000-06-13 18:00:00,29.99992501666667,332210.0,27,3.47176768783417,245.9691264350595,False,332210,209,2000-06-13 18:00:00,29.99992501666667,,0.005994005994005994
87,075041,GRIFFITH AIRPORT AWS                    ,-34.2487,146.0695,134.0,6.419528,6.433734939759036,0.0176245511297491,1.6156908430296522,3.9732403232971154,2000-06-13 18:00:00,29.99992501666667,332210.0,3,3.47176768783417,245.9691264350595,False,332210,209,2000-06-13 18:00:00,29.99992501666667,,0.005994005994005994
88,075174,GRIFFITH CSIRO                          ,-34.3229,146.0684,125.0,6.6753535,0.0,0.0226297957310099,2.9657840479315456,2.2507888029557463,1989-03-01 12:00:00,29.67123636666667,112498.0,27,4.627198956071963,244.75514866971326,False,112565,0,1989-03-01 12:00:00,29.67123636666667,,
89,075174,GRIFFITH CSIRO                          ,-34.3229,146.0684,125.0,6.6753535,0.0,0.0226297957310099,2.9657840479315456,2.2507888029557463,1989-03-01 12:00:00,29.67123636666667,112498.0,3,4.627198956071963,244.75514866971326,False,112565,0,1989-03-01 12:00:00,29.67123636666667,,
90,075175,HAY CSIRO AWS                           ,-34.5471,144.867,90.0,6.8976617,0.0,0.0200000640665222,2.4244456730495365,2.845046916340068,1996-09-13 12:00:00,17.95088775,86092.0,27,0.0,109.5990357866981,True,86092,0,1996-09-13 12:00:00,17.95088775,,
91,075175,HAY CSIRO AWS                           ,-34.5471,144.867,90.0,6.8976617,0.0,0.0200000640665222,2.4244456730495365,2.845046916340068,1996-09-13 12:00:00,17.95088775,86092.0,3,0.0,109.5990357866981,True,86092,0,1996-09-13 12:00:00,17.95088775,,
92,091104,LAUNCESTON AIRPORT COMPARISON           ,-41.5397,147.2033,166.0,6.223383,6.043478260869565,0.0125381210155107,1.5696375904247837,3.9648534080691182,1990-10-05 17:00:00,29.98554825,155259.0,24,36.695534063899764,70.57334730489566,False,155259,150,1990-10-05 17:00:00,29.98554825,,0.002997002997002997
93,091107,WYNYARD AIRPORT                         ,-40.9964,145.7311,12.0,6.9946613,7.449324324324325,0.0174587282468838,1.5789141028226836,4.430045509551242,1990-10-02 11:00:00,29.999894766666667,386099.0,23,0.0,54.82590586925484,True,386099,708,1990-10-02 11:00:00,29.999894766666667,,0.000999000999000999
94,091126,DEVONPORT AIRPORT                       ,-41.1701,146.4289,8.0,6.906388,8.222222222222221,0.0071468853112224,1.3195410920251762,5.233931590064457,1990-10-20 11:00:00,29.95438473333333,392616.0,23,25.144577574636923,128.66562971505462,False,392617,310,1990-10-20 11:00:00,29.95438473333333,,0.002997002997002997
95,091219,SCOTTSDALE (WEST MINSTONE ROAD)         ,-41.1708,147.4883,197.5,5.9942064,7.619246861924686,0.0102055268661876,1.690954182097766,3.5448662607117667,2003-01-22 13:30:00,29.992384183333336,316994.0,22,19.62934675654306,86.89548504957223,False,316994,561,2003-01-22 13:30:00,29.992384183333336,,0.001998001998001998
96,091237,LAUNCESTON (TI TREE BEND)               ,-41.4194,147.1219,5.0,5.517305,8.409785932721713,0.0208988063932713,1.897646580783824,2.907445966587426,1999-10-15 13:00:00,29.99978143333333,360789.0,24,48.94056732854982,83.88673383795758,False,360790,663,1999-10-15 13:00:00,29.999781433333332,,0.001998001998001998
97,091245,CAPE GRIM BAPS (COMPARISON)             ,-40.6828,144.69,94.0,9.765862,11.505747126436782,0.0428786279897933,0.9852946418155258,9.911616333272644,1997-05-19 11:00:00,29.999933816666665,367560.0,23,0.0,80.9325324424094,True,367560,1002,1997-05-19 11:00:00,29.999933816666665,,0.000999000999000999
98,091259,LUNCHEON HILL (FORESTRY)                ,-41.1492,145.1517,344.0,7.2476306,8.170731707317072,0.0134579306138159,1.2604384733807628,5.750086774740547,1997-11-05 12:00:00,29.999798116666668,340725.0,23,0.0,14.736750398402783,True,340725,300,1997-11-05 12:00:00,29.999798116666668,,0.001998001998001998
99,091291,SHEFFIELD SCHOOL FARM                   ,-41.389,146.3173,277.3,6.3933864,8.283783783783784,0.0228678360708439,1.8484440839084963,3.458793489962906,2003-04-15 13:00:00,28.53402558333333,288331.0,23,11.232108921923144,117.27351653788678,False,288331,1189,2003-04-15 13:00:00,28.534025583333335,,0.000999000999000999
100,091292,SMITHTON AERODROME                      ,-40.8347,145.0847,7.5,7.9246025,8.75,0.0340570842404759,1.4961001834498773,5.296839473858947,1998-07-24 05:00:00,29.99993076666667,354933.0,23,0.0,40.57206173570849,True,354933,902,1998-07-24 05:00:00,29.99993076666667,,0.001998001998001998
101,091306,CRESSY RESEARCH STATION                 ,-41.7256,147.0794,148.0,6.325494,7.047904191616767,0.0187072729168207,1.5044056712162348,4.204646348778517,2000-06-30 12:00:00,28.713203866666667,326787.0,24,14.67260816655126,59.72670976178143,False,326787,408,2000-06-30 12:00:00,28.713203866666667,,0.000999000999000999
102,091311,LAUNCESTON AIRPORT                      ,-41.5476,147.2156,166.9,6.3953533,7.372549019607843,0.0090517342066087,1.3490376282096412,4.740678231302011,2004-07-14 16:00:00,29.99990868333333,326283.0,24,35.97779037324929,69.53499015799555,False,326283,148,2004-07-14 16:00:00,29.999908683333334,,0.001998001998001998
103,091331,CAPE GRIM                               ,-40.6764,144.6922,86.0,10.401933,11.812199036918138,0.0682484846694074,1.21117149567114,8.588323580555915,2010-12-17 12:00:00,29.999583166666664,207856.0,23,0.0,81.08905217130861,True,207856,1185,2010-12-17 12:00:00,29.999583166666664,,0.003996003996003996
104,091344,BURNIE NTC AWS                          ,-41.05,145.9149,0.0,7.120767,9.017964071856287,0.0212138044759635,1.61945878562682,4.397004221253152,2013-05-16 10:00:00,29.999827216666667,168524.0,23,0.0,73.04450149500258,True,168524,323,2013-05-16 10:00:00,29.999827216666667,,0.000999000999000999
105,091375,CRESSY (BRUMBYS CREEK)                  ,-41.7114,147.082,152.0,6.2882853,7.4,0.0203129854090253,1.6985833984625285,3.702076248433822,2022-12-16 06:30:00,29.98389693333333,5587.0,24,16.269569427486456,60.717248314173794,False,5587,8,2022-12-16 06:30:00,29.98389693333333,,0.36363636363636365
106,092012,FINGAL (LEGGE STREET)                   ,-41.6428,147.9664,237.0,4.9386673,6.608695652173913,0.017717196224147,1.9000806232172005,2.5991882854955763,2001-04-10 11:00:00,30.00008305,292592.0,24,34.81220245130358,89.67681114091394,False,292592,473,2001-04-10 11:00:00,30.00008305,,0.002997002997002997
107,092037,SWAN ISLAND LIGHTHOUSE                  ,-40.7314,148.1253,11.0,9.959597,0.0,0.0215230869866149,1.768411732778301,5.631944444444448,2001-02-15 15:30:00,29.166666666666668,36.0,22,0.0,22.130108695870653,True,36,0,2001-02-15 15:30:00,29.166666666666668,,
108,092045,LARAPUNA (EDDYSTONE POINT)              ,-40.9928,148.3467,19.7,8.358269,10.646310432569974,0.0201317784204323,1.2261202999209784,6.816842310115612,1994-06-27 17:30:00,29.99994055,340619.0,22,0.0,56.19429254037292,True,340619,755,1994-06-27 17:30:00,29.99994055,,0.000999000999000999
109,092100,STORYS CREEK (STORYS CREEK ROAD)        ,-41.635,147.7292,779.2,7.4738994,15.928974979822437,0.320014463506151,3.864851461414929,1.9338128357810749,1992-05-27 10:00:00,30.00030355,71890.0,24,32.72581270692133,72.48129912179398,False,71890,1980,1992-05-27 10:00:00,30.00030355,,0.000999000999000999
110,092114,FRIENDLY BEACHES                        ,-41.9953,148.2794,55.0,6.8681216,8.561302681992338,0.0279812550956722,1.7361313510105143,3.955991935745722,1997-11-02 17:00:00,29.999798183333333,367314.0,24,0.0,105.56219013169246,True,367315,1095,1997-11-02 17:00:00,29.999798183333333,,0.000999000999000999
111,092120,ST HELENS AERODROME                     ,-41.3381,148.2792,48.0,6.887335,8.618257261410788,0.0325090267063685,1.9818905042788892,3.4751338728041152,2001-01-10 12:30:00,29.99976925,333742.0,22,2.83084617371552,81.79223111897683,False,333742,1427,2001-01-10 12:30:00,29.99976925,,0.000999000999000999
112,092123,SWAN ISLAND                             ,-40.7292,148.125,15.0,9.807541,13.61311475409836,0.0683128388018839,1.4777695785207996,6.636718630635044,2003-12-09 10:30:00,28.86042545,318158.0,22,0.0,21.927678449386004,True,318158,2507,2003-12-09 10:30:00,28.860425449999997,,0.000999000999000999
113,092124,MARIA ISLAND (POINT LESUEUR)            ,-42.6621,148.0179,28.0,7.994164,8.323899371069182,0.0183633355706268,1.2246667193549123,6.527624098605082,2004-10-08 17:00:00,29.99972258333333,310052.0,24,17.733069751225077,81.95228860928222,False,310052,646,2004-10-08 17:00:00,29.999722583333334,,0.001998001998001998
114,092133,SPRING BAY NTC AWS                      ,-42.5464,147.9308,0.0,6.9264793,8.056603773584905,0.0269446232768715,1.4634800330070905,4.732882706549405,2013-05-16 10:00:00,4.592750016666667,24694.0,24,3.523716478752306,68.6253738604691,False,24694,95,2013-05-16 10:00:00,4.592750016666667,,0.04595404595404595
115,092163,FINGAL (FLEMING ST)                     ,-41.643,147.98,255.0,4.9750752,8.821428571428571,0.0241157522166534,2.1042445868260096,2.364304642174627,2022-07-22 16:00:00,29.997623566666668,12619.0,24,34.9590672377405,90.8115400529074,False,12619,46,2022-07-22 16:00:00,29.997623566666668,,0.004995004995004995
116,094008,HOBART AIRPORT WEST                     ,-42.8339,147.5033,4.0,7.273921,7.153623188405797,0.0282454204661847,1.6646923253822412,4.3695287723563,1984-12-02 01:00:00,29.994277333333333,442901.0,24,26.961531606275194,55.13215257713982,False,442902,1681,1984-12-02 01:00:00,29.994277333333333,,0.000999000999000999
117,094029,HOBART (ELLERSLIE ROAD)                 ,-42.8897,147.3278,50.5,5.7155623,7.122549019607843,0.0072173282779403,1.3262294274717596,4.309633178999203,1994-10-20 11:00:00,29.9998197,481920.0,24,29.804675733043222,58.028656890004285,False,481972,473,1994-10-20 11:00:00,29.9998197,,0.000999000999000999
118,094087,KUNANYI (MOUNT WELLINGTON PINNACLE)     ,-42.895,147.2358,1260.5,14.577116,13.288104279995894,0.2679623154378868,1.609833473398916,9.05504591216873,1990-07-05 10:30:00,29.999947766666665,528412.0,24,28.686139539899767,59.97970635628504,False,528412,15528,1990-07-05 10:30:00,29.999947766666665,,0.000999000999000999
119,094195,TUNNACK FIRE STATION                    ,-42.4543,147.4612,461.5,8.39643,9.014324693042292,0.0677464892783813,1.8382890276673725,4.567524414927449,1998-02-13 12:00:00,29.999591866666663,333787.0,24,0.0,20.584014914166975,True,333787,2702,1998-02-13 12:00:00,29.999591866666666,,0.000999000999000999
120,094212,CAMPANIA (KINCORA)                      ,-42.6867,147.4258,45.0,6.586143,7.2,0.0190771233041623,1.6020751686937522,4.111007489233592,2001-05-23 14:00:00,29.887280116666663,296440.0,24,9.498342829898844,39.63918183849851,False,296440,600,2001-05-23 14:00:00,29.887280116666666,,0.011988011988011988
121,094220,GROVE (RESEARCH STATION)                ,-42.9844,147.0756,65.0,5.5539703,7.257698541329011,0.0328976625843115,2.1320042617188943,2.6050465454680958,2005-03-07 08:00:00,29.055914266666665,295092.0,24,35.47113603520961,73.77299969603516,False,295092,1464,2005-03-07 08:00:00,29.055914266666665,,0.000999000999000999
122,094250,HOBART AIRPORT                          ,-42.8333,147.5119,2.2,7.2654095,7.125,0.0218553631971208,1.6310441141300036,4.454453074973911,2022-08-04 13:30:00,3.5156295666666666,11972.0,24,27.05470099162954,55.36656427789508,False,11972,19,2022-08-04 13:30:00,3.5156295666666666,,0.07792207792207792
123,094254,DUNALLEY (STROUD POINT)                 ,-42.9017,147.7894,12.4,8.562824,9.857374392220422,0.0474635660254657,1.577612229781004,5.427711631302596,2012-04-05 20:00:00,29.99984463333333,192827.0,24,39.62063752844143,76.1121383664902,False,192827,1129,2012-04-05 20:00:00,29.999844633333332,,0.000999000999000999
124,094255,DENNES POINT                            ,-43.0639,147.3567,5.7,7.348834,8.21549636803874,0.0258767814967667,1.7469165639426627,4.2067458683859416,2012-09-28 10:30:00,29.99983753333333,184574.0,24,49.31209545856068,74.24426422075543,False,184574,815,2012-09-28 10:30:00,29.999837533333334,,0.000999000999000999
125,095003,BUSHY PARK (BUSHY PARK ESTATES)         ,-42.7097,146.8983,27.0,4.6503453,6.3,0.0055867636187737,1.5245715948372989,3.050263655191773,1998-07-22 13:30:00,29.95341765,328315.0,24,2.2803352174754457,65.61306151493173,False,328315,301,1998-07-22 13:30:00,29.95341765,,0.000999000999000999
126,095048,OUSE FIRE STATION                       ,-42.4842,146.7106,90.0,4.970779,7.029585798816568,0.0129971580790709,1.686243023034133,2.9478425554366465,1999-12-10 11:00:00,29.99978,324163.0,24,0.0,74.81149762772262,True,324163,447,1999-12-10 11:00:00,29.999779999999998,,0.001998001998001998
127,096003,BUTLERS GORGE                           ,-42.2753,146.2758,667.0,6.9902415,8.281714285714285,0.1197435494439947,3.0388876986857203,2.300263195175183,2008-05-21 12:00:00,29.999885066666664,259644.0,24,15.185724580286116,120.46659971995736,False,259644,3568,2008-05-21 12:00:00,29.999885066666664,,0.000999000999000999
128,096033,LIAWENEE                                ,-41.8997,146.6694,1057.0,7.8315535,9.419405320813771,0.0506512782131868,1.5602924740737023,5.019285543767576,2001-01-11 15:00:00,29.99961538333333,331512.0,24,3.4887791029880297,84.1543065498708,False,331512,1363,2001-01-11 15:00:00,29.99961538333333,,0.000999000999000999
129,096075,BARREN TIER                             ,-42.0197,146.7533,1186.0,9.670485,5.511363636363637,0.0814703988031059,1.6374895634365094,5.905677055157387,1997-01-31 12:30:00,29.99958581666667,60624.0,24,0.0,71.33391683370968,True,60625,609,1997-01-31 12:30:00,29.99958581666667,,0.000999000999000999
130,097000,CAPE SORELL                             ,-42.1986,145.17,19.3,9.040999,10.544444444444444,0.0416909550404311,1.326232612891281,6.8170540557184784,2011-06-02 13:00:00,29.999855683333333,196417.0,23,26.846950102562786,90.47584450139848,False,196417,1002,2011-06-02 13:00:00,29.999855683333333,,0.000999000999000999
131,097024,WARRA                                   ,-43.0609,146.704,495.0,7.7259054,10.322606924643583,0.0894709654889439,2.141379915577584,3.607909723161911,2004-09-28 15:00:00,29.999723,318298.0,24,36.954147126973034,103.62330531941325,False,318298,4294,2004-09-28 15:00:00,29.999723,,0.000999000999000999
132,097072,STRAHAN AERODROME                       ,-42.155,145.2908,21.0,7.043267,9.095132743362832,0.0225465231640735,1.4730656314879396,4.781366575031346,1993-05-30 03:30:00,29.989690483333334,368950.0,23,24.677427472386295,85.86160812539309,False,368950,955,1993-05-30 03:30:00,29.989690483333334,,0.000999000999000999
133,097083,SCOTTS PEAK DAM                         ,-43.0425,146.2722,408.0,6.941533,7.961630695443645,0.0151994601609842,1.0790267608558028,6.433142661984195,1998-10-15 14:00:00,26.184982016666662,310949.0,24,34.579637959077175,140.5822464910523,False,310949,916,1998-10-15 14:00:00,26.184982016666666,,0.000999000999000999
134,097085,MOUNT READ                              ,-41.8444,145.5417,1119.5,10.757934,11.736607142857142,0.1143949829170811,1.3865418072968771,7.758823830643259,1998-01-12 11:00:00,29.999796633333336,256006.0,23,0.0,64.86198949410579,True,256006,3136,1998-01-12 11:00:00,29.999796633333336,,0.000999000999000999
135,098017,KING ISLAND AIRPORT                     ,-39.8804,143.8857,35.4,8.519295,10.12878787878788,0.044837555536883,1.3710709286565546,6.213606138609599,1990-11-21 15:00:00,29.87315065,354193.0,21,0.0,10.021744396071574,True,354200,1144,1990-11-21 15:00:00,29.87315065,,0.000999000999000999
136,099005,FLINDERS ISLAND AIRPORT                 ,-40.0911,148.0024,9.0,8.648583,12.3734375,0.0398083933885591,1.317796701499147,6.562911716451893,1993-06-07 16:00:00,29.968839666666668,355979.0,22,0.0,40.55754384617775,True,355979,1170,1993-06-07 16:00:00,29.968839666666668,,0.000999000999000999
137,016092,PORT AUGUSTA ARID LANDS                 ,-32.4783,137.7386,18.5,6.2530103,0.0,0.0066654636434864,1.308530413743961,4.778651078570388,1994-10-31 13:00:00,29.8509583,33740.0,16,0.0,23.87043207947336,True,33740,0,1994-10-31 13:00:00,29.8509583,,
138,017110,LEIGH CREEK AIRPORT                     ,-30.5963,138.4219,258.8,7.4333596,15.15673289183223,0.0416715384553558,1.6863160325095194,4.408046581810198,1992-07-29 09:30:00,29.99994425,336634.0,14,0.0,90.60418599786759,True,336634,800,1992-07-29 09:30:00,29.99994425,,0.000999000999000999
139,018012,CEDUNA AMO                              ,-32.1297,133.6976,15.3,7.64024,8.677685950413224,0.0184540124129035,1.4281852505044466,5.349614267277117,1992-04-14 09:30:00,29.97859156666667,460343.0,19,40.772089426910625,136.64317443516234,False,460343,322,1992-04-14 09:30:00,29.97859156666667,,0.007992007992007992
140,018083,WUDINNA AERO                            ,-33.043,135.4519,86.4,7.041612,8.464705882352941,0.019616784420575,1.5450176503084183,4.557625698890402,1999-07-13 17:30:00,29.99992793333333,303511.0,19,33.43271118544003,81.63869449769744,False,303511,330,1999-07-13 17:30:00,29.999927933333332,,0.000999000999000999
141,018115,NEPTUNE ISLAND                          ,-35.3365,136.1174,32.0,8.759283,9.81081081081081,0.0127839753961499,1.077553118642657,8.128864289149435,1995-08-15 13:00:00,29.999938116666662,362358.0,13,29.516244247020122,124.61894140520258,False,362359,298,1995-08-15 13:00:00,29.999938116666666,,0.008991008991008992
142,018116,CLEVE AERODROME                         ,-33.7081,136.5026,175.0,7.49255,9.251655629139073,0.0150544345089681,1.3874085132151588,5.400392043780326,1996-07-16 17:30:00,29.971289416666664,323614.0,13,0.0,20.607509210781885,True,323614,314,1996-07-16 17:30:00,29.971289416666664,,0.007992007992007992
143,018120,WHYALLA AERO                            ,-33.0539,137.5206,9.3,6.8054705,10.465437788018432,0.0170145779468765,1.4297595056802246,4.7598707611851045,1992-04-06 10:30:00,29.999944816666662,472131.0,16,0.0,45.55464904957605,True,472131,430,1992-04-06 10:30:00,29.999944816666666,,0.000999000999000999
144,018191,COULTA (COLES POINT)                    ,-34.3749,135.3741,28.0,7.9129443,8.447154471544716,0.0194112492448522,1.52133001379407,5.201333205232566,1992-04-06 10:30:00,29.9999319,349439.0,19,29.22198182604306,123.37705835709525,False,349440,314,1992-04-06 10:30:00,29.9999319,,0.000999000999000999
145,018192,NORTH SHIELDS (PORT LINCOLN AWS)        ,-34.5993,135.8784,8.5,6.7399406,7.889763779527559,0.0104880623245119,1.3068510119918522,5.157390231528985,1992-04-06 10:30:00,29.999944816666662,463102.0,13,0.0,80.79364418587852,True,463102,309,1992-04-06 10:30:00,29.999944816666666,,0.001998001998001998
146,018195,MINNIPA PIRSA                           ,-32.8427,135.1515,165.0,7.5427666,7.919354838709677,0.0114852165634848,1.4952031586181076,5.044643283134899,1996-07-19 04:30:00,29.96374408333333,328996.0,19,17.450262727413516,52.42869425809194,False,328996,141,1996-07-19 04:30:00,29.96374408333333,,0.000999000999000999
147,018200,THEVENARD WIND                          ,-32.1803,133.6343,8.5,8.405201,7.74074074074074,0.0183902992125244,1.3408946222184832,6.268353097237214,2002-07-12 12:00:00,29.999893633333333,269258.0,19,43.55664469396604,140.4765406704714,False,269259,166,2002-07-12 12:00:00,29.999893633333333,,0.000999000999000999
148,018201,PORT AUGUSTA AERO                       ,-32.5073,137.7169,14.0,6.0209565,5.555555555555555,0.0051877847808681,1.17167604967021,5.138755305240369,2001-07-02 17:30:00,29.9999214,301610.0,16,0.0,23.32411475541118,True,301610,17,2001-07-02 17:30:00,29.9999214,,0.5084915084915085
149,018207,CEDUNA (THEVENARD NTC AWS)              ,-32.149,133.6416,5.0,8.236557,10.431818181818182,0.0448298476837387,1.7267910444609875,4.769863170912467,2021-06-04 14:00:00,29.99907555,32425.0,19,44.53450938013751,141.04681009420113,False,32425,157,2021-06-04 14:00:00,29.99907555,,0.005994005994005994
150,018217,CUMMINS AERO                            ,-34.2524,135.7135,60.1,6.980287,6.9640718562874255,0.0232310431725728,1.576691592943949,4.4271733966750935,2007-05-25 08:30:00,29.99989223333333,235504.0,13,5.6885947437206585,77.39337746580242,False,235504,328,2007-05-25 08:30:00,29.999892233333334,,0.002997002997002997
151,018229,CULTANA (DEFENCE)                       ,-32.6845,137.3689,171.0,7.730015,7.966666666666667,0.0124654726243553,1.3640825654507631,5.6668232530858536,2017-12-06 14:30:00,29.99903948333333,93646.0,16,0.0,53.66668038788573,True,93646,126,2017-12-06 14:30:00,29.999039483333334,,0.000999000999000999
152,018230,COFFIN BAY (POINT AVOID)                ,-34.675,135.3362,35.0,8.706226,9.964788732394366,0.0287909520540429,1.5834438882047457,5.498285359986942,2017-06-13 08:30:00,29.99970633333333,100264.0,13,27.89589910588641,130.47859142418767,False,100264,305,2017-06-13 08:30:00,29.999706333333332,,0.000999000999000999
153,020062,YUNTA AIRSTRIP                          ,-32.5707,139.5645,300.0,6.627433,8.637254901960784,0.0214862395434175,1.635567012950311,4.052070487302311,1998-07-05 09:30:00,29.9999309,310408.0,15,4.468270897390742,116.00585589786168,False,310408,406,1998-07-05 09:30:00,29.9999309,,0.013986013986013986
154,021131,CLARE HIGH SCHOOL                       ,-33.8226,138.5933,395.0,7.7164545,10.490473263675476,0.1135346688984673,2.631163415297395,2.932715794487525,1993-10-02 21:30:00,29.996464666666668,341775.0,15,0.0,52.11554976770564,True,341775,2837,1993-10-02 21:30:00,29.996464666666668,,0.001998001998001998
155,021133,SNOWTOWN (RAYVILLE PARK)                ,-33.7676,138.2182,109.1,5.9311748,6.818181818181818,0.0043138220310825,1.247939504085915,4.752774261634482,1998-10-10 09:30:00,29.99993015,349456.0,20,11.178617933349027,94.38521401682829,False,349456,88,1998-10-10 09:30:00,29.99993015,,0.007992007992007992
156,021139,PORT PIRIE AERODROME AWS                ,-33.2371,137.9971,12.0,5.8863773,4.0,0.002517378566729,1.1523825955512137,5.108006106061612,2015-01-22 11:00:00,29.99937525,142139.0,16,6.303378476874106,45.25485774108825,False,142139,8,2015-01-22 11:00:00,29.99937525,,0.22777222777222778
157,022031,MINLATON AERO                           ,-34.748,137.5276,32.0,7.4820786,8.170212765957446,0.0074339183121654,1.2216382601474445,6.124626901700878,2001-03-29 14:30:00,29.99992233333333,333438.0,20,0.0,17.54518921687631,True,333438,124,2001-03-29 14:30:00,29.999922333333334,,0.002997002997002997
158,022046,EDITHBURGH                              ,-35.1121,137.7395,6.0,7.637971,6.854166666666667,0.014306534624434,1.4038274651450602,5.440818842782931,1993-01-20 10:30:00,29.999830133333333,444059.0,20,0.0,47.130799715664615,True,444059,345,1993-01-20 10:30:00,29.999830133333333,,0.001998001998001998
159,022049,STENHOUSE BAY                           ,-35.2795,136.9392,42.0,7.8783484,8.072164948453608,0.0175740452802997,1.3571957649077184,5.804872483565837,1996-06-25 19:30:00,29.870462966666665,339098.0,20,0.0,94.69393963108958,True,339098,239,1996-06-25 19:30:00,29.870462966666665,,0.000999000999000999
160,022050,KADINA AWS                              ,-33.9703,137.6628,41.1,6.9595814,7.73170731707317,0.005123561823995,1.2918349622499907,5.387361062747952,2005-07-19 18:30:00,29.99990346666667,295783.0,20,0.0,49.29126448004593,True,295783,96,2005-07-19 18:30:00,29.99990346666667,,0.000999000999000999
161,022053,MOONTA (WARBURTO POINT)                 ,-34.0041,137.528,1.0,7.919856,8.873239436619718,0.008584104549594,1.285088041467746,6.162889868951399,2003-07-14 16:00:00,29.999913316666667,337498.0,20,0.0,47.021105009498406,True,337498,182,2003-07-14 16:00:00,29.999913316666667,,0.003996003996003996
162,023000,ADELAIDE (WEST TERRACE / NGAYIRDAPIRA)  ,-34.9257,138.5832,29.3,4.7036448,7.2,0.0070814103967355,1.5205248976360328,3.0934348788469164,2017-05-08 12:30:00,29.9997112,103759.0,15,0.0,109.93397815530429,True,103759,13,2017-05-08 12:30:00,29.9997112,,0.24075924075924077
163,023013,PARAFIELD AIRPORT                       ,-34.7977,138.6281,9.5,5.23368,7.428571428571429,0.0048015274799897,1.252432172488304,4.17881294204155,1992-04-06 10:30:00,29.98665313333333,444372.0,15,0.0,98.1714317011677,True,444374,43,1992-04-06 10:30:00,29.986653133333334,,0.001998001998001998
164,023034,ADELAIDE AIRPORT                        ,-34.9524,138.5196,2.0,5.6294746,8.030303030303031,0.0048764085957445,1.2274308087442194,4.586388576682441,1985-01-30 00:00:00,29.938614366666663,426246.0,15,2.197003137548614,115.37815608614018,False,426247,82,1985-01-30 00:00:00,29.938614366666666,,0.002997002997002997
165,023052,OUTER HARBOUR (BLACK POLE)              ,-34.7343,138.4653,6.3,7.1756344,8.46,0.0078869979000333,1.3046908788612948,5.499873188672867,2001-12-28 16:00:00,29.99991921666667,350540.0,15,4.8129961328407544,103.97225420502983,False,350540,144,2001-12-28 16:00:00,29.99991921666667,,0.001998001998001998
166,023083,EDINBURGH RAAF                          ,-34.7111,138.6222,16.5,5.537941,6.566666666666666,0.0034458314407803,1.2444149239273274,4.45023671166396,1992-04-06 10:30:00,29.98665313333333,436675.0,15,0.0,92.261644134127,True,436675,75,1992-04-06 10:30:00,29.986653133333334,,0.005994005994005994
167,023090,ADELAIDE (KENT TOWN)                    ,-34.9211,138.6216,48.0,4.9347153,6.753424657534247,0.013529342120633,1.6910113711261352,2.918203481807341,1993-10-07 12:30:00,29.9995533,405843.0,15,0.0,107.61871593118045,True,405843,235,1993-10-07 12:30:00,29.9995533,,0.001998001998001998
168,023109,ADELAIDE AIRPORT (ANEMOMETER SOUTH WEST),-34.9573,138.5152,3.0,5.7327433,8.16326530612245,0.0125553905090654,1.601933715346788,3.578639495706974,2011-10-11 13:30:00,29.99955358333333,201086.0,15,2.6487583360895117,115.98034648480773,False,201086,119,2011-10-11 13:30:00,29.999553583333334,,0.002997002997002997
169,023122,ROSEWORTHY AWS                          ,-34.5106,138.6763,65.0,6.5599585,7.415584415584416,0.0070576309637114,1.4134330298408284,4.641152654176701,1997-08-11 10:30:00,29.999933316666667,361493.0,15,0.0,74.9480476762825,True,361496,167,1997-08-11 10:30:00,29.999933316666667,,0.007992007992007992
170,023123,ADELAIDE AIRPORT (ANEMOMETER NORTHEAST) ,-34.9382,138.5435,5.0,4.97509,8.545454545454545,0.0055589038199537,1.4237487170589624,3.494359620658701,2011-10-20 12:30:00,29.999552616666666,199951.0,15,0.0,113.0062779311049,True,199951,37,2011-10-20 12:30:00,29.999552616666666,,0.000999000999000999
171,023124,ADELAIDE AIRPORT (ANEMOMETER NORTHWEST) ,-34.9435,138.5232,2.0,5.444234,11.125,0.0058020748348138,1.3532663483932987,4.023032051903127,2009-08-23 19:30:00,29.999874466666665,202491.0,15,1.7752434295982935,114.536483389761,False,202491,24,2009-08-23 19:30:00,29.999874466666665,,0.002997002997002997
172,023373,NURIOOTPA PIRSA                         ,-34.4761,139.0056,275.0,7.282921,9.976344086021506,0.0396716406078793,1.849583365981099,3.937600743689197,1996-09-03 09:30:00,29.999935666666666,337072.0,15,0.0,59.14477167715563,True,337072,886,1996-09-03 09:30:00,29.999935666666666,,0.000999000999000999
173,023842,MOUNT LOFTY                             ,-34.9784,138.7088,685.0,9.25294,8.898376695574827,0.1077306233818198,2.0122407662358786,4.59832656865716,1993-03-01 10:30:00,29.99982951666667,498911.0,15,0.0,108.10071226933994,True,498911,8221,1993-03-01 10:30:00,29.99982951666667,,0.000999000999000999
174,023849,GOOLWA (HINDMARSH ISLAND MARINA)        ,-35.5147,138.7989,3.0,6.9932194,0.0,0.003174338499458,1.1455907376897974,6.104465709728856,2003-01-28 10:00:00,29.897610916666668,208.0,18,14.627068716164919,219.88629664700548,False,208,0,2003-01-28 10:00:00,29.897610916666668,,
175,023878,MOUNT CRAWFORD AWS                      ,-34.7253,138.9278,525.0,8.107694,9.182108626198085,0.0181195109113656,1.3901634542840289,5.832187320990865,1994-10-07 10:00:00,29.999939966666663,385258.0,15,0.0,81.06051174534976,True,385258,676,1994-10-07 10:00:00,29.999939966666666,,0.003996003996003996
176,023885,NOARLUNGA                               ,-35.1586,138.5057,55.0,6.789034,7.929411764705883,0.0219812252985782,1.56618074436351,4.334770373217394,2000-09-04 13:30:00,29.999924266666667,357135.0,15,6.082143366891394,131.1159795089572,False,357135,406,2000-09-04 13:30:00,29.999924266666667,,0.000999000999000999
177,023886,SELLICKS HILL (MOUNT TERRIBLE RADAR)    ,-35.3294,138.5019,385.7,9.093616,12.542936288088642,0.0697987811975925,1.7708247777317874,5.135242993137474,1998-03-16 10:30:00,29.999795233333334,236379.0,15,21.709668031361197,144.05608157540505,False,236379,2013,1998-03-16 10:30:00,29.999795233333334,,0.000999000999000999
178,023887,KUITPO FOREST RESERVE                   ,-35.1712,138.6783,365.0,7.7959957,9.25635593220339,0.0285571998137106,1.6941755737539557,4.601645681271333,1998-10-10 09:30:00,29.99993015,363211.0,15,0.0,124.38750740056248,True,363211,973,1998-10-10 09:30:00,29.99993015,,0.000999000999000999
179,023894,HINDMARSH ISLAND AWS                    ,-35.5194,138.8177,11.0,7.1058564,7.578947368421052,0.006765367253472,1.2037946848029408,5.902880705751609,2003-02-03 12:30:00,29.99974565,291002.0,18,12.88556127473192,217.94494148300512,False,291002,92,2003-02-03 12:30:00,29.99974565,,0.003996003996003996
180,024024,LOXTON RESEARCH CENTRE                  ,-34.439,140.5978,30.1,6.1853004,7.766666666666667,0.0229613083951207,1.8436088382205709,3.3549960392678453,1996-12-22 10:30:00,29.9998048,330393.0,17,8.37512453676722,57.52319648010907,False,330393,414,1996-12-22 10:30:00,29.9998048,,0.002997002997002997
181,024024,LOXTON RESEARCH CENTRE                  ,-34.439,140.5978,30.1,6.1853004,7.766666666666667,0.0229613083951207,1.8436088382205709,3.3549960392678453,1996-12-22 10:30:00,29.9998048,330393.0,6,8.37512453676722,57.52319648010907,False,330393,414,1996-12-22 10:30:00,29.9998048,,0.002997002997002997
182,024048,RENMARK AERO                            ,-34.1983,140.6766,31.5,6.4385605,7.094827586206897,0.0178537724826383,1.6212296658218428,3.9714055457873534,1995-06-26 12:30:00,29.999938416666662,356538.0,17,0.0,40.30406887669372,True,356538,273,1995-06-26 12:30:00,29.999938416666666,,0.000999000999000999
183,024048,RENMARK AERO                            ,-34.1983,140.6766,31.5,6.4385605,7.094827586206897,0.0178537724826383,1.6212296658218428,3.9714055457873534,1995-06-26 12:30:00,29.999938416666662,356538.0,6,0.0,40.30406887669372,True,356538,273,1995-06-26 12:30:00,29.999938416666666,,0.000999000999000999
184,024580,STRATHALBYN RACECOURSE                  ,-35.2836,138.8934,58.0,6.433199,7.430656934306569,0.0090346196996056,1.462028871919999,4.400185969231001,1996-05-14 09:30:00,29.999936400000003,346729.0,15,0.0,127.87682685447174,True,346729,266,1996-05-14 09:30:00,29.999936400000003,,0.004995004995004995
185,024584,MURRAY BRIDGE (PALLAMANA AERODROME)     ,-35.065,139.2273,45.0,6.1888323,6.25,0.008013896491422,1.358563770053587,4.555422733506214,2006-03-02 11:30:00,29.99969995,292023.0,15,0.0,110.02520178510612,True,292023,134,2006-03-02 11:30:00,29.99969995,,0.005994005994005994
186,025557,KEITH (MUNKORA)                         ,-36.1058,140.3273,27.0,7.2506366,8.414925373134329,0.0261571024838007,1.8444077747039207,3.931146179846337,2001-07-04 10:30:00,29.999921383333334,292580.0,18,3.6435667712326207,75.28615192669076,False,292580,682,2001-07-04 10:30:00,29.999921383333334,,0.001998001998001998
187,026021,MOUNT GAMBIER AERO                      ,-37.7473,140.7739,63.0,7.405189,9.13986013986014,0.0308580448114298,1.6576281064407976,4.467340417642391,1992-04-06 10:00:00,29.998565466666665,463261.0,18,0.0,76.43604204932846,True,463266,1159,1992-04-06 10:00:00,29.998565466666665,,0.000999000999000999
188,026091,COONAWARRA                              ,-37.2906,140.8254,57.0,7.557906,7.521739130434782,0.0328744819950036,1.877127387719544,4.02631499612805,1997-08-13 09:30:00,29.9999333,375085.0,18,0.0,51.28468523610861,True,375085,1013,1997-08-13 09:30:00,29.999933300000002,,0.000999000999000999
189,026095,CAPE JAFFA (THE LIMESTONE)              ,-36.9655,139.7164,17.0,8.554711,8.10344827586207,0.0265091977901625,1.4257076545868983,6.000326444439729,1992-04-06 10:30:00,29.999944816666662,453871.0,18,0.0,79.86971368625717,True,453871,702,1992-04-06 10:30:00,29.999944816666666,,0.000999000999000999
190,026099,NARACOORTE AERODROME                    ,-36.9813,140.727,49.7,7.5468345,6.844827586206897,0.0244283601717718,1.617352114630893,4.666166631601968,1998-06-17 09:30:00,29.999931033333333,359773.0,18,0.0,32.51370630175277,True,359773,492,1998-06-17 09:30:00,29.999931033333333,,0.002997002997002997
191,026100,PADTHAWAY SOUTH                         ,-36.6539,140.5212,37.0,7.533033,8.601522842639595,0.0500174198691321,2.0358996138321146,3.7001003600346056,2000-06-19 17:30:00,29.999924966666665,283750.0,18,0.0,29.064791454432317,True,283750,794,2000-06-19 17:30:00,29.999924966666665,,0.000999000999000999
192,026105,ROBE AIRFIELD                           ,-37.1776,139.8054,3.0,8.015584,9.32986111111111,0.0582440398988671,1.800899190877989,4.4508787791151,2003-07-03 09:30:00,29.99991345,275566.0,18,0.0,72.10217795050151,True,275566,1014,2003-07-03 09:30:00,29.99991345,,0.000999000999000999
193,076031,MILDURA AIRPORT                         ,-34.2358,142.0867,50.0,7.036588,7.522540983606557,0.0241245636562548,1.9507464927391327,3.607125896766672,1989-01-16 12:00:00,29.9638527,447823.0,27,0.0,205.28819477744526,True,447823,1121,1989-01-16 12:00:00,29.9638527,,0.000999000999000999
194,076031,MILDURA AIRPORT                         ,-34.2358,142.0867,50.0,7.036588,7.522540983606557,0.0241245636562548,1.9507464927391327,3.607125896766672,1989-01-16 12:00:00,29.9638527,447823.0,3,0.0,205.28819477744526,True,447823,1121,1989-01-16 12:00:00,29.9638527,,0.000999000999000999
195,076064,WALPEUP RESEARCH                        ,-35.1201,142.004,105.0,7.2197957,7.579861111111111,0.0149473080686276,1.7036261832732882,4.237899003181599,1998-11-19 12:00:00,29.99978953333333,400068.0,27,15.039522183087026,212.85047455456947,False,400068,638,1998-11-19 12:00:00,29.999789533333335,,0.000999000999000999
196,076064,WALPEUP RESEARCH                        ,-35.1201,142.004,105.0,7.2197957,7.579861111111111,0.0149473080686276,1.7036261832732882,4.237899003181599,1998-11-19 12:00:00,29.99978953333333,400068.0,3,15.039522183087026,212.85047455456947,False,400068,638,1998-11-19 12:00:00,29.999789533333335,,0.000999000999000999
197,077010,HOPETOUN AIRPORT                        ,-35.7151,142.3569,77.3,7.087376,7.2145328719723185,0.0160171616891399,1.591308088658422,4.453805123105624,2004-06-18 18:00:00,29.99990903333333,327483.0,27,26.220448948208908,192.16491026394186,False,327483,591,2004-06-18 18:00:00,29.99990903333333,,0.001998001998001998
198,077010,HOPETOUN AIRPORT                        ,-35.7151,142.3569,77.3,7.087376,7.2145328719723185,0.0160171616891399,1.591308088658422,4.453805123105624,2004-06-18 18:00:00,29.99990903333333,327483.0,3,26.220448948208908,192.16491026394186,False,327483,591,2004-06-18 18:00:00,29.99990903333333,,0.001998001998001998
199,077094,SWAN HILL AERODROME                     ,-35.3766,143.5416,71.0,6.9382935,8.525139664804469,0.0160984923046485,1.6485015163278924,4.2088486958062346,1997-05-01 10:00:00,29.99993403333333,413591.0,27,0.0,70.4203493249769,True,413591,727,1997-05-01 10:00:00,29.999934033333332,,0.003996003996003996
200,077094,SWAN HILL AERODROME                     ,-35.3766,143.5416,71.0,6.9382935,8.525139664804469,0.0160984923046485,1.6485015163278924,4.2088486958062346,1997-05-01 10:00:00,29.99993403333333,413591.0,3,0.0,70.4203493249769,True,413591,727,1997-05-01 10:00:00,29.999934033333332,,0.003996003996003996
201,078015,NHILL AERODROME                         ,-36.3093,141.6486,138.9,7.3155065,7.69964664310954,0.0183899046474778,1.599896978078803,4.572485952856238,2003-06-12 11:30:00,29.9999137,344025.0,28,0.0,158.0104302542047,True,344025,606,2003-06-12 11:30:00,29.9999137,,0.00999000999000999
202,078018,KELLALAC (WARRACKNABEAL AIRPORT)        ,-36.3204,142.4161,118.3,7.216289,5.861111111111111,0.0110367221071292,1.439414582867936,5.013349961377038,2016-12-08 15:00:00,29.999190083333332,110452.0,28,0.0,86.53906203330594,True,110452,78,2016-12-08 15:00:00,29.999190083333335,,0.004995004995004995
203,078031,NHILL                                   ,-36.3347,141.6367,133.0,7.247029,0.0,0.0031427333457056,1.7817085508020898,4.067460317460321,2003-06-11 14:30:00,29.28571428333333,42.0,28,0.0,158.3391083857528,True,42,0,2003-06-11 14:30:00,29.285714283333334,,
204,078072,DONALD                                  ,-36.3611,143.0038,118.0,6.998784,6.2727272727272725,0.0492667514852869,2.6561993805603907,2.6348865662976007,1999-03-07 16:00:00,29.186405166666667,2648.0,28,9.210214621394725,60.02172284735243,False,2648,21,1999-03-07 16:00:00,29.186405166666667,,0.028971028971028972
205,079028,LONGERENONG                             ,-36.6722,142.2991,133.0,7.2650747,7.004566210045662,0.0197441977967913,1.6915666707983763,4.294879330112661,1997-05-01 10:00:00,29.99993403333333,446034.0,28,0.0,79.00255827935077,True,446034,966,1997-05-01 10:00:00,29.999934033333332,,0.000999000999000999
206,079097,KANAGULK                                ,-37.1169,141.8031,188.8,7.6156607,8.10704960835509,0.054224150673782,2.039601997527274,3.7338954740446098,2004-05-22 10:00:00,29.99990938333333,326555.0,28,17.06057250626218,127.62034762844694,False,326555,1559,2004-05-22 10:00:00,29.999909383333332,,0.007992007992007992
207,079099,EDENHOPE AIRPORT                        ,-37.0222,141.2657,155.0,7.620792,8.006629834254143,0.0457204962655631,2.143339017105572,3.5555700014131224,2005-04-06 15:00:00,29.999905,312563.0,18,0.0,92.50265162814405,True,312563,1702,2005-04-06 15:00:00,29.999905000000002,,0.001998001998001998
208,079100,HORSHAM AERODROME                       ,-36.6699,142.1733,133.8,7.1194725,6.682692307692308,0.0076646841687054,1.3947074597530575,5.104634992719305,1997-10-16 14:00:00,29.999597116666667,415621.0,28,0.0,92.03188946330914,True,415621,246,1997-10-16 14:00:00,29.999597116666667,,0.012987012987012988
209,079101,PYRENEES (BEN NEVIS)                    ,-37.2281,143.2005,875.0,10.447852,13.363769710304364,0.1477510687940357,2.004272357395028,5.212790615085749,2007-12-19 10:30:00,29.9996647,264373.0,28,0.0,32.8813393534058,True,264373,4472,2007-12-19 10:30:00,29.9996647,,0.000999000999000999
210,079103,GRAMPIANS (MOUNT WILLIAM)               ,-37.295,142.6039,1150.0,12.2171545,15.481005739273025,0.2035735663760307,1.6952002449664394,7.206909354304937,2005-12-13 15:30:00,29.9997037,293050.0,28,0.0,44.80124455204108,True,293050,5770,2005-12-13 15:30:00,29.9997037,,0.000999000999000999
211,079105,STAWELL AERODROME                       ,-37.072,142.7402,235.4,6.538388,7.466145833333333,0.0315932536597904,1.8899276642034395,3.459596840272149,1996-02-11 12:00:00,29.999811,453236.0,28,0.0,23.455844583121905,True,453236,987,1996-02-11 12:00:00,29.999811,,0.000999000999000999
212,080128,CHARLTON                                ,-36.2846,143.3341,131.7,6.930858,8.354237288135593,0.0447463802077522,2.1107038477143383,3.2836715310529,2004-07-15 17:30:00,29.999908666666663,325080.0,28,29.123937791894953,79.22180505279707,False,325080,1282,2004-07-15 17:30:00,29.999908666666666,,0.002997002997002997
213,081123,BENDIGO AIRPORT                         ,-36.7411,144.3274,209.2,5.8997536,6.560975609756097,0.015968258141943,1.6320349388407698,3.6149676885883455,1994-01-06 17:00:00,29.84344456666667,404348.0,28,47.20851225846312,155.5027368517212,False,404348,220,1994-01-06 17:00:00,29.84344456666667,,0.004995004995004995
214,085072,EAST SALE                               ,-38.1156,147.1323,4.6,6.2333097,7.172185430463577,0.0096038618472718,1.4872415228738411,4.191188619951764,1993-11-22 07:00:00,24.26493943333333,350360.0,25,37.35946780207274,57.079261112578024,False,350360,749,1993-11-22 07:00:00,24.264939433333332,,0.001998001998001998
215,085096,WILSONS PROMONTORY LIGHTHOUSE           ,-39.1297,146.4246,95.0,9.255765,10.615315315315316,0.0550775661157687,1.0574024362535486,8.753303987114409,2000-09-18 12:00:00,29.99977245,360790.0,25,49.112407565168695,65.76584022220996,False,360790,2166,2000-09-18 12:00:00,29.999772450000002,,0.006993006993006993
216,085151,YARRAM AIRPORT                          ,-38.5647,146.7479,17.9,7.0969987,8.620390455531453,0.0279714922816194,1.5853983674891403,4.476476598622113,2007-10-18 11:30:00,29.99988945,270435.0,25,0.0,6.420679963081325,True,270435,924,2007-10-18 11:30:00,29.99988945,,0.000999000999000999
217,085280,MORWELL (LATROBE VALLEY AIRPORT)        ,-38.2094,146.4746,55.7,6.304288,7.28051948051948,0.0221164106689445,1.64857554112951,3.8240819138576367,1997-05-01 10:00:00,29.99993403333333,405487.0,25,43.38150136458279,50.52079858749647,False,405487,943,1997-05-01 10:00:00,29.999934033333332,,0.000999000999000999
218,085301,CORNER INLET (YANAKIE)                  ,-38.8051,146.1936,13.3,8.239087,11.78875171467764,0.0630074287358732,1.7709599648409675,4.652328267362743,2013-01-18 10:00:00,29.999498016666667,176576.0,25,35.279579034994484,70.76115095206738,False,176576,1252,2013-01-18 10:00:00,29.999498016666667,,0.003996003996003996
219,085314,EAST SALE AIRPORT                       ,-38.1016,147.1398,5.3,6.18991,7.104477611940299,0.0090296305684858,1.4459258918798417,4.280931664450717,2017-10-03 10:30:00,29.99907005,96611.0,25,39.048835288032535,58.6172261049266,False,96611,147,2017-10-03 10:30:00,29.99907005,,0.002997002997002997
220,086038,ESSENDON AIRPORT                        ,-37.7276,144.9066,78.4,5.988158,5.743589743589744,0.0052871827080166,1.2349943596177737,4.848733258884274,1999-05-31 11:00:00,29.665745666666663,351166.0,28,47.90313257995047,226.439462863342,False,351167,104,1999-05-31 11:00:00,29.665745666666666,,0.012987012987012988
221,086282,MELBOURNE AIRPORT                       ,-37.6654,144.8322,113.4,6.9967537,7.941119691119691,0.0233128552181763,1.4082049322897865,4.968562126287974,1970-07-01 11:00:00,29.9997082,430063.0,28,40.61085676165025,216.96234383444425,False,430063,2024,1970-07-01 11:00:00,29.9997082,,0.000999000999000999
222,086344,SOUTH CHANNEL ISLAND                    ,-38.3065,144.8016,9.0,8.252011,6.681818181818182,0.0123281950405998,1.1095827386311723,7.437040079871219,1998-12-08 11:00:00,29.999789083333333,410386.0,26,40.49816903253692,190.68203441887124,False,410389,196,1998-12-08 11:00:00,29.999789083333333,,0.001998001998001998
223,087031,LAVERTON RAAF                           ,-37.8565,144.7565,20.1,6.3229313,6.398148148148148,0.0065009820208921,1.361637736027339,4.643622251627947,1993-12-01 04:00:00,29.997610566666665,436019.0,28,40.97377736235763,214.1389994839905,False,436019,271,1993-12-01 04:00:00,29.997610566666665,,0.001998001998001998
224,087113,AVALON AIRPORT                          ,-38.0288,144.4783,10.6,6.571457,6.072727272727272,0.0079261611990236,1.2853549808577585,5.112561904723273,1994-10-03 09:00:00,29.99994,451038.0,26,14.45127333840941,154.39618595697226,False,451038,252,1994-10-03 09:00:00,29.99994,,0.006993006993006993
225,087163,GROVEDALE (GEELONG AIRPORT)             ,-38.2241,144.3345,33.4,6.801224,6.990476190476191,0.0180174699175392,1.4784143537778287,4.60035051360306,1991-09-01 09:00:00,29.99991415,322317.0,26,3.867884499727364,138.3482205675317,False,322317,527,1991-09-01 09:00:00,29.99991415,,0.000999000999000999
226,087166,POINT WILSON                            ,-38.0958,144.5361,18.0,7.5332675,5.833333333333333,0.0088306239133406,1.2126500584987523,6.212235298402954,1991-09-01 09:00:00,28.902409316666667,457441.0,26,15.677945299080264,160.56940416326805,False,457441,191,1991-09-01 09:00:00,28.902409316666667,,0.001998001998001998
227,087168,SHE OAKS                                ,-37.9075,144.1303,236.7,7.5040126,8.491872791519434,0.036484074399139,1.8432257648361252,4.071130475627566,1991-09-01 09:00:00,29.99994585,517671.0,28,2.85511644305553,152.84744536913723,False,517671,2960,1991-09-01 09:00:00,29.99994585,,0.002997002997002997
228,087184,BREAKWATER (GEELONG RACECOURSE)         ,-38.1737,144.3765,12.9,6.0477524,7.304932735426009,0.0198825112848185,1.763762837793227,3.428892054409016,2011-06-06 11:30:00,29.99985555,207440.0,26,1.2265304508866957,142.82837256998073,False,207440,482,2011-06-06 11:30:00,29.99985555,,0.000999000999000999
229,087185,POINT COOK RAAF                         ,-37.9273,144.7566,3.1,6.8732524,8.8,0.0123002483006399,1.425095497466762,4.823011793969613,2021-12-01 09:00:00,29.99622228333333,22956.0,26,41.89216070712681,185.98472755066962,False,22956,13,2021-12-01 09:00:00,29.996222283333335,,0.5694305694305695
230,088051,REDESDALE                               ,-37.0194,144.5203,290.0,6.6952853,7.566462167689162,0.019100786596261,1.848450890434305,3.622106140298313,1994-11-07 12:30:00,29.9994582,393591.0,28,42.94025557720251,174.7341555482494,False,393591,1058,1994-11-07 12:30:00,29.9994582,,0.003996003996003996
231,089002,BALLARAT AERODROME                      ,-37.5127,143.7911,435.2,8.226118,7.830459770114943,0.032492429470692,1.5368044663829223,5.3527421787950935,2000-07-24 13:00:00,29.99992465,391385.0,28,0.0,102.93935812037165,True,391385,725,2000-07-24 13:00:00,29.99992465,,0.000999000999000999
232,089105,LOOKOUT HILL                            ,-37.2822,143.2469,965.0,10.3402605,9.605228758169934,0.166020781994909,1.8729128225550609,5.520951312389385,1992-02-13 09:00:00,29.99966253333333,225653.0,28,0.0,39.82581818932168,True,225653,4753,1992-02-13 09:00:00,29.999662533333332,,0.000999000999000999
233,089112,WESTMERE                                ,-37.7067,142.9378,226.0,7.7744107,8.254098360655737,0.0389128308538752,1.8242733919196623,4.261647820483183,2006-02-09 13:00:00,29.99970095,297983.0,28,8.691066101981212,59.73381339267618,False,297983,1130,2006-02-09 13:00:00,29.999700949999998,,0.002997002997002997
234,090035,COLAC (MOUNT GELLIBRAND)                ,-38.2333,143.7924,261.0,8.240595,7.769430051813472,0.0134867402941804,1.194619507747252,6.898091660524834,2000-07-24 13:30:00,29.99992465,392878.0,26,0.0,78.33476622178851,True,392878,792,2000-07-24 13:30:00,29.99992465,,0.002997002997002997
235,090171,PORTLAND (CASHMORE AIRPORT)             ,-38.3148,141.4705,80.9,7.8963327,9.735294117647058,0.0376614888275007,1.692825370296822,4.664587900994856,1995-11-05 14:00:00,29.9723906,451657.0,18,16.404107870311627,163.33729394712506,False,451657,2052,1995-11-05 14:00:00,29.9723906,,0.001998001998001998
236,090173,HAMILTON AIRPORT                        ,-37.6486,142.0636,241.1,8.336665,7.535248041775457,0.0218135799902267,1.6014970774145834,5.205545031004315,1995-06-09 04:00:00,29.888855316666664,442682.0,26,37.30255026649856,122.17989507301232,False,442682,919,1995-06-09 04:00:00,29.888855316666664,,0.000999000999000999
237,090175,PORT FAIRY AWS                          ,-38.3906,142.2347,10.0,8.447954,8.638113570741098,0.0359230749334646,1.6094303088158948,5.2490338547630895,1991-09-01 09:00:00,29.99994585,527346.0,26,5.297639991806365,98.0232700143327,False,527346,2162,1991-09-01 09:00:00,29.99994585,,0.002997002997002997
238,090176,MORTLAKE RACECOURSE                     ,-38.0737,142.7744,130.0,7.715492,7.33861551292744,0.039866379832758,1.809949226243388,4.2628222161302105,1991-09-01 09:00:00,29.99994585,528722.0,26,0.0,35.76956506860299,True,528722,2570,1991-09-01 09:00:00,29.99994585,,0.001998001998001998
239,090180,AIREYS INLET                            ,-38.4583,144.0883,105.0,7.4699726,8.155470249520153,0.0286504043344344,1.563024574754877,4.779177967592172,1991-09-01 09:00:00,29.99994585,530111.0,26,20.311449009869882,114.466919105913,False,530111,2217,1991-09-01 09:00:00,29.99994585,,0.001998001998001998
240,090182,CASTERTON                               ,-37.5831,141.334,130.6,7.360738,7.851111111111111,0.03886771094284,1.88844167000493,3.897784039355014,2005-03-02 15:30:00,29.909095200000003,312621.0,18,2.340476359613954,112.98211623116772,False,312621,950,2005-03-02 15:30:00,29.909095200000003,,0.000999000999000999
241,090184,CAPE NELSON LIGHTHOUSE                  ,-38.4306,141.5437,45.4,8.828662,10.449766355140186,0.0415733301261203,1.4697586660761546,6.006878627366899,1997-05-01 10:00:00,29.99993403333333,433605.0,18,29.838329173768653,176.21765391851898,False,433605,1793,1997-05-01 10:00:00,29.999934033333332,,0.000999000999000999
242,090186,WARRNAMBOOL AIRPORT NDB                 ,-38.2869,142.4524,70.8,8.05158,7.544871794871795,0.0245427860995112,1.537399078202389,5.237144046223507,1998-09-02 11:00:00,29.99993045,425014.0,26,0.0,72.43327636701015,True,425014,1038,1998-09-02 11:00:00,29.99993045,,0.002997002997002997
243,090192,PORTLAND NTC AWS                        ,-38.3439,141.6136,0.0,7.614743,8.681481481481482,0.024847308642213,1.477427132770332,5.154056713747096,2011-04-15 15:00:00,29.999857266666663,209324.0,18,28.830260780153903,176.67525496729942,False,209324,571,2011-04-15 15:00:00,29.999857266666666,,0.002997002997002997
244,090194,DARTMOOR                                ,-37.9222,141.2614,51.0,6.4981894,7.892265193370166,0.0357265261785564,1.9862569792261344,3.2715753889217605,2009-03-05 16:00:00,29.999635916666666,245760.0,18,0.0,123.04779341384322,True,245760,777,2009-03-05 16:00:00,29.999635916666666,,0.000999000999000999
