iteration,dvar index,objective,increment,pos step obj,neg step obj,dvar,dvar,dvar,dvar,dvar,dvar,dvar,dvar,dvar,dvar,dvar,dvar,dvar,dvar,dvar,dvar,dvar
0,0,5514.594747617363,10,109.99957913883333,1313893.4199063,10.18518519,0.92592593,0.92592593,2.77777778,15.94650206,15.74074074,0.92592593,2.77777778,2.77777778,2.77777778,0.72016461,2.77777778,2.77777778,2.77777778,8.33333333,20.74685416,270.91906722
0,1,109.99957913883333,10,118.60335026559854,109.20525190627923,20.18518519,0.92592593,0.92592593,2.77777778,15.94650206,15.74074074,0.92592593,2.77777778,2.77777778,2.77777778,0.72016461,2.77777778,2.77777778,2.77777778,8.33333333,20.74685416,270.91906722
0,2,109.20525190627923,10,117.82421370515891,108.40956286665974,20.18518519,0.0,0.92592593,2.77777778,15.94650206,15.74074074,0.92592593,2.77777778,2.77777778,2.77777778,0.72016461,2.77777778,2.77777778,2.77777778,8.33333333,20.74685416,270.91906722
0,3,108.40956286665974,10,117.02496047418754,106.02480223580258,20.18518519,0.0,0.0,2.77777778,15.94650206,15.74074074,0.92592593,2.77777778,2.77777778,2.77777778,0.72016461,2.77777778,2.77777778,2.77777778,8.33333333,20.74685416,270.91906722
0,4,106.02480223580258,10,114.60675196831781,262561.02279856364,20.18518519,0.0,0.0,0.0,15.94650206,15.74074074,0.92592593,2.77777778,2.77777778,2.77777778,0.72016461,2.77777778,2.77777778,2.77777778,8.33333333,20.74685416,270.91906722
0,5,106.02480223580258,10,114.6094562530877,145864.923338273,20.18518519,0.0,0.0,0.0,15.94650206,15.74074074,0.92592593,2.77777778,2.77777778,2.77777778,0.72016461,2.77777778,2.77777778,2.77777778,8.33333333,20.74685416,270.91906722
0,6,106.02480223580258,10,114.62116709525984,105.2318587451435,20.18518519,0.0,0.0,0.0,15.94650206,15.74074074,0.92592593,2.77777778,2.77777778,2.77777778,0.72016461,2.77777778,2.77777778,2.77777778,8.33333333,20.74685416,270.91906722
0,7,105.2318587451435,10,121.21063726081374,10293.19864746343,20.18518519,0.0,0.0,0.0,15.94650206,15.74074074,0.0,2.77777778,2.77777778,2.77777778,0.72016461,2.77777778,2.77777778,2.77777778,8.33333333,20.74685416,270.91906722
0,8,105.2318587451435,10,121.19843610033308,5600.224500740268,20.18518519,0.0,0.0,0.0,15.94650206,15.74074074,0.0,2.77777778,2.77777778,2.77777778,0.72016461,2.77777778,2.77777778,2.77777778,8.33333333,20.74685416,270.91906722
0,9,105.2318587451435,10,121.20841717986015,24494.13662989912,20.18518519,0.0,0.0,0.0,15.94650206,15.74074074,0.0,2.77777778,2.77777778,2.77777778,0.72016461,2.77777778,2.77777778,2.77777778,8.33333333,20.74685416,270.91906722
0,10,105.2318587451435,10,121.25742469495532,104.08526289733555,20.18518519,0.0,0.0,0.0,15.94650206,15.74074074,0.0,2.77777778,2.77777778,2.77777778,0.72016461,2.77777778,2.77777778,2.77777778,8.33333333,20.74685416,270.91906722
0,11,104.08526289733555,10,120.0728718924774,6439.429801446066,20.18518519,0.0,0.0,0.0,15.94650206,15.74074074,0.0,2.77777778,2.77777778,2.77777778,0.0,2.77777778,2.77777778,2.77777778,8.33333333,20.74685416,270.91906722
0,12,104.08526289733555,10,120.0381994707749,10658.537076207014,20.18518519,0.0,0.0,0.0,15.94650206,15.74074074,0.0,2.77777778,2.77777778,2.77777778,0.0,2.77777778,2.77777778,2.77777778,8.33333333,20.74685416,270.91906722
0,13,104.08526289733555,10,120.04278637000883,25627.00729787469,20.18518519,0.0,0.0,0.0,15.94650206,15.74074074,0.0,2.77777778,2.77777778,2.77777778,0.0,2.77777778,2.77777778,2.77777778,8.33333333,20.74685416,270.91906722
0,14,104.08526289733555,10,120.04181939866238,2779072.00649386,20.18518519,0.0,0.0,0.0,15.94650206,15.74074074,0.0,2.77777778,2.77777778,2.77777778,0.0,2.77777778,2.77777778,2.77777778,8.33333333,20.74685416,270.91906722
0,15,104.08526289733555,10,108.69289011658591,3336911.134616575,20.18518519,0.0,0.0,0.0,15.94650206,15.74074074,0.0,2.77777778,2.77777778,2.77777778,0.0,2.77777778,2.77777778,2.77777778,8.33333333,20.74685416,270.91906722
0,16,104.08526289733555,10,104.40514030513195,103.76538548953916,20.18518519,0.0,0.0,0.0,15.94650206,15.74074074,0.0,2.77777778,2.77777778,2.77777778,0.0,2.77777778,2.77777778,2.77777778,8.33333333,20.74685416,270.91906722
1,0,103.76538548953916,10,112.34382019243482,469259.9605928722,20.18518519,0.0,0.0,0.0,15.94650206,15.74074074,0.0,2.77777778,2.77777778,2.77777778,0.0,2.77777778,2.77777778,2.77777778,8.33333333,20.74685416,260.91906722
1,1,103.76538548953916,10,112.34020185783504,103.76538548953916,20.18518519,0.0,0.0,0.0,15.94650206,15.74074074,0.0,2.77777778,2.77777778,2.77777778,0.0,2.77777778,2.77777778,2.77777778,8.33333333,20.74685416,260.91906722
1,2,103.76538548953916,10,112.35985449772404,103.76538548953916,20.18518519,0.0,0.0,0.0,15.94650206,15.74074074,0.0,2.77777778,2.77777778,2.77777778,0.0,2.77777778,2.77777778,2.77777778,8.33333333,20.74685416,260.91906722
1,3,103.76538548953916,10,112.35910184941369,103.76538548953916,20.18518519,0.0,0.0,0.0,15.94650206,15.74074074,0.0,2.77777778,2.77777778,2.77777778,0.0,2.77777778,2.77777778,2.77777778,8.33333333,20.74685416,260.91906722
1,4,103.76538548953916,10,112.33399364360612,588361.0038463463,20.18518519,0.0,0.0,0.0,15.94650206,15.74074074,0.0,2.77777778,2.77777778,2.77777778,0.0,2.77777778,2.77777778,2.77777778,8.33333333,20.74685416,260.91906722
1,5,103.76538548953916,10,112.33869232724801,438710.71547388536,20.18518519,0.0,0.0,0.0,15.94650206,15.74074074,0.0,2.77777778,2.77777778,2.77777778,0.0,2.77777778,2.77777778,2.77777778,8.33333333,20.74685416,260.91906722
1,6,103.76538548953916,10,112.35224921568482,103.76538548953916,20.18518519,0.0,0.0,0.0,15.94650206,15.74074074,0.0,2.77777778,2.77777778,2.77777778,0.0,2.77777778,2.77777778,2.77777778,8.33333333,20.74685416,260.91906722
1,7,103.76538548953916,10,119.72744845910881,65430.9816566216,20.18518519,0.0,0.0,0.0,15.94650206,15.74074074,0.0,2.77777778,2.77777778,2.77777778,0.0,2.77777778,2.77777778,2.77777778,8.33333333,20.74685416,260.91906722
1,8,103.76538548953916,10,119.70980323853108,46062.36866840276,20.18518519,0.0,0.0,0.0,15.94650206,15.74074074,0.0,2.77777778,2.77777778,2.77777778,0.0,2.77777778,2.77777778,2.77777778,8.33333333,20.74685416,260.91906722
1,9,103.76538548953916,10,119.7239151442517,84834.59709765324,20.18518519,0.0,0.0,0.0,15.94650206,15.74074074,0.0,2.77777778,2.77777778,2.77777778,0.0,2.77777778,2.77777778,2.77777778,8.33333333,20.74685416,260.91906722
1,10,103.76538548953916,10,119.78079782125403,103.76538548953916,20.18518519,0.0,0.0,0.0,15.94650206,15.74074074,0.0,2.77777778,2.77777778,2.77777778,0.0,2.77777778,2.77777778,2.77777778,8.33333333,20.74685416,260.91906722
1,11,103.76538548953916,10,119.74953645530493,24968.10241693905,20.18518519,0.0,0.0,0.0,15.94650206,15.74074074,0.0,2.77777778,2.77777778,2.77777778,0.0,2.77777778,2.77777778,2.77777778,8.33333333,20.74685416,260.91906722
1,12,103.76538548953916,10,119.71020803253978,41037.209390034404,20.18518519,0.0,0.0,0.0,15.94650206,15.74074074,0.0,2.77777778,2.77777778,2.77777778,0.0,2.77777778,2.77777778,2.77777778,8.33333333,20.74685416,260.91906722
1,13,103.76538548953916,10,119.71620920452423,59479.89375168834,20.18518519,0.0,0.0,0.0,15.94650206,15.74074074,0.0,2.77777778,2.77777778,2.77777778,0.0,2.77777778,2.77777778,2.77777778,8.33333333,20.74685416,260.91906722
1,14,103.76538548953916,10,119.71537893371116,2979071.7013520375,20.18518519,0.0,0.0,0.0,15.94650206,15.74074074,0.0,2.77777778,2.77777778,2.77777778,0.0,2.77777778,2.77777778,2.77777778,8.33333333,20.74685416,260.91906722
1,15,103.76538548953916,10,108.3730127087895,3338382.8650181857,20.18518519,0.0,0.0,0.0,15.94650206,15.74074074,0.0,2.77777778,2.77777778,2.77777778,0.0,2.77777778,2.77777778,2.77777778,8.33333333,20.74685416,260.91906722
1,16,103.76538548953916,10,104.08526289733555,103.44550808174274,20.18518519,0.0,0.0,0.0,15.94650206,15.74074074,0.0,2.77777778,2.77777778,2.77777778,0.0,2.77777778,2.77777778,2.77777778,8.33333333,20.74685416,260.91906722
2,0,103.44550808174274,10,112.02394278463842,579958.3129580489,20.18518519,0.0,0.0,0.0,15.94650206,15.74074074,0.0,2.77777778,2.77777778,2.77777778,0.0,2.77777778,2.77777778,2.77777778,8.33333333,20.74685416,250.91906722
2,1,103.44550808174274,10,112.02032445003861,103.44550808174274,20.18518519,0.0,0.0,0.0,15.94650206,15.74074074,0.0,2.77777778,2.77777778,2.77777778,0.0,2.77777778,2.77777778,2.77777778,8.33333333,20.74685416,250.91906722
2,2,103.44550808174274,10,112.03997708992765,103.44550808174274,20.18518519,0.0,0.0,0.0,15.94650206,15.74074074,0.0,2.77777778,2.77777778,2.77777778,0.0,2.77777778,2.77777778,2.77777778,8.33333333,20.74685416,250.91906722
2,3,103.44550808174274,10,112.03922444161728,103.44550808174274,20.18518519,0.0,0.0,0.0,15.94650206,15.74074074,0.0,2.77777778,2.77777778,2.77777778,0.0,2.77777778,2.77777778,2.77777778,8.33333333,20.74685416,250.91906722
2,4,103.44550808174274,10,112.01411623580972,713496.2724999504,20.18518519,0.0,0.0,0.0,15.94650206,15.74074074,0.0,2.77777778,2.77777778,2.77777778,0.0,2.77777778,2.77777778,2.77777778,8.33333333,20.74685416,250.91906722
2,5,103.44550808174274,10,112.01881491945161,599448.1977402308,20.18518519,0.0,0.0,0.0,15.94650206,15.74074074,0.0,2.77777778,2.77777778,2.77777778,0.0,2.77777778,2.77777778,2.77777778,8.33333333,20.74685416,250.91906722
2,6,103.44550808174274,10,112.03237180788841,103.44550808174274,20.18518519,0.0,0.0,0.0,15.94650206,15.74074074,0.0,2.77777778,2.77777778,2.77777778,0.0,2.77777778,2.77777778,2.77777778,8.33333333,20.74685416,250.91906722
2,7,103.44550808174274,10,119.40400900383453,105337.83630917362,20.18518519,0.0,0.0,0.0,15.94650206,15.74074074,0.0,2.77777778,2.77777778,2.77777778,0.0,2.77777778,2.77777778,2.77777778,8.33333333,20.74685416,250.91906722
2,8,103.44550808174274,10,119.3821722318859,86062.04879099494,20.18518519,0.0,0.0,0.0,15.94650206,15.74074074,0.0,2.77777778,2.77777778,2.77777778,0.0,2.77777778,2.77777778,2.77777778,8.33333333,20.74685416,250.91906722
2,9,103.44550808174274,10,119.39909772926599,135520.827244668,20.18518519,0.0,0.0,0.0,15.94650206,15.74074074,0.0,2.77777778,2.77777778,2.77777778,0.0,2.77777778,2.77777778,2.77777778,8.33333333,20.74685416,250.91906722
2,10,103.44550808174274,10,119.46092041345761,103.44550808174274,20.18518519,0.0,0.0,0.0,15.94650206,15.74074074,0.0,2.77777778,2.77777778,2.77777778,0.0,2.77777778,2.77777778,2.77777778,8.33333333,20.74685416,250.91906722
2,11,103.44550808174274,10,119.42659113467069,53639.00858242135,20.18518519,0.0,0.0,0.0,15.94650206,15.74074074,0.0,2.77777778,2.77777778,2.77777778,0.0,2.77777778,2.77777778,2.77777778,8.33333333,20.74685416,250.91906722
2,12,103.44550808174274,10,119.3829606593946,81036.88951262669,20.18518519,0.0,0.0,0.0,15.94650206,15.74074074,0.0,2.77777778,2.77777778,2.77777778,0.0,2.77777778,2.77777778,2.77777778,8.33333333,20.74685416,250.91906722
2,13,103.44550808174274,10,119.39055811018713,99479.5738742804,20.18518519,0.0,0.0,0.0,15.94650206,15.74074074,0.0,2.77777778,2.77777778,2.77777778,0.0,2.77777778,2.77777778,2.77777778,8.33333333,20.74685416,250.91906722
2,14,103.44550808174274,10,119.39097275973096,3179071.398261966,20.18518519,0.0,0.0,0.0,15.94650206,15.74074074,0.0,2.77777778,2.77777778,2.77777778,0.0,2.77777778,2.77777778,2.77777778,8.33333333,20.74685416,250.91906722
2,15,103.44550808174274,10,108.0531353009931,3356562.0274127745,20.18518519,0.0,0.0,0.0,15.94650206,15.74074074,0.0,2.77777778,2.77777778,2.77777778,0.0,2.77777778,2.77777778,2.77777778,8.33333333,20.74685416,250.91906722
2,16,103.44550808174274,10,103.76538548953916,103.12563067394633,20.18518519,0.0,0.0,0.0,15.94650206,15.74074074,0.0,2.77777778,2.77777778,2.77777778,0.0,2.77777778,2.77777778,2.77777778,8.33333333,20.74685416,250.91906722
3,0,103.12563067394633,10,111.70406537684202,726374.4961704719,20.18518519,0.0,0.0,0.0,15.94650206,15.74074074,0.0,2.77777778,2.77777778,2.77777778,0.0,2.77777778,2.77777778,2.77777778,8.33333333,20.74685416,240.91906722
3,1,103.12563067394633,10,111.70044704224222,103.12563067394633,20.18518519,0.0,0.0,0.0,15.94650206,15.74074074,0.0,2.77777778,2.77777778,2.77777778,0.0,2.77777778,2.77777778,2.77777778,8.33333333,20.74685416,240.91906722
3,2,103.12563067394633,10,111.72009968213125,103.12563067394633,20.18518519,0.0,0.0,0.0,15.94650206,15.74074074,0.0,2.77777778,2.77777778,2.77777778,0.0,2.77777778,2.77777778,2.77777778,8.33333333,20.74685416,240.91906722
3,3,103.12563067394633,10,111.71934703382088,103.12563067394633,20.18518519,0.0,0.0,0.0,15.94650206,15.74074074,0.0,2.77777778,2.77777778,2.77777778,0.0,2.77777778,2.77777778,2.77777778,8.33333333,20.74685416,240.91906722
3,4,103.12563067394633,10,111.69423882801333,879111.2343869942,20.18518519,0.0,0.0,0.0,15.94650206,15.74074074,0.0,2.77777778,2.77777778,2.77777778,0.0,2.77777778,2.77777778,2.77777778,8.33333333,20.74685416,240.91906722
3,5,103.12563067394633,10,111.69893751165522,777780.1775218974,20.18518519,0.0,0.0,0.0,15.94650206,15.74074074,0.0,2.77777778,2.77777778,2.77777778,0.0,2.77777778,2.77777778,2.77777778,8.33333333,20.74685416,240.91906722
3,6,103.12563067394633,10,111.71249440009201,103.12563067394633,20.18518519,0.0,0.0,0.0,15.94650206,15.74074074,0.0,2.77777778,2.77777778,2.77777778,0.0,2.77777778,2.77777778,2.77777778,8.33333333,20.74685416,240.91906722
3,7,103.12563067394633,10,119.08118795679025,159775.16626263232,20.18518519,0.0,0.0,0.0,15.94650206,15.74074074,0.0,2.77777778,2.77777778,2.77777778,0.0,2.77777778,2.77777778,2.77777778,8.33333333,20.74685416,240.91906722
3,8,103.12563067394633,10,119.05534798705227,143313.01314749185,20.18518519,0.0,0.0,0.0,15.94650206,15.74074074,0.0,2.77777778,2.77777778,2.77777778,0.0,2.77777778,2.77777778,2.77777778,8.33333333,20.74685416,240.91906722
3,9,103.12563067394633,10,119.07444736238799,196423.24609334633,20.18518519,0.0,0.0,0.0,15.94650206,15.74074074,0.0,2.77777778,2.77777778,2.77777778,0.0,2.77777778,2.77777778,2.77777778,8.33333333,20.74685416,240.91906722
3,10,103.12563067394633,10,119.14104300566122,103.12563067394633,20.18518519,0.0,0.0,0.0,15.94650206,15.74074074,0.0,2.77777778,2.77777778,2.77777778,0.0,2.77777778,2.77777778,2.77777778,8.33333333,20.74685416,240.91906722
3,11,103.12563067394633,10,119.10408632664837,92878.01200454385,20.18518519,0.0,0.0,0.0,15.94650206,15.74074074,0.0,2.77777778,2.77777778,2.77777778,0.0,2.77777778,2.77777778,2.77777778,8.33333333,20.74685416,240.91906722
3,12,103.12563067394633,10,119.0570252175691,132553.64325220473,20.18518519,0.0,0.0,0.0,15.94650206,15.74074074,0.0,2.77777778,2.77777778,2.77777778,0.0,2.77777778,2.77777778,2.77777778,8.33333333,20.74685416,240.91906722
3,13,103.12563067394633,10,119.06688212033137,153320.315100774,20.18518519,0.0,0.0,0.0,15.94650206,15.74074074,0.0,2.77777778,2.77777778,2.77777778,0.0,2.77777778,2.77777778,2.77777778,8.33333333,20.74685416,240.91906722
3,14,103.12563067394633,10,119.0686129748039,3382412.1085698935,20.18518519,0.0,0.0,0.0,15.94650206,15.74074074,0.0,2.77777778,2.77777778,2.77777778,0.0,2.77777778,2.77777778,2.77777778,8.33333333,20.74685416,240.91906722
3,15,103.12563067394633,10,107.7332578931967,3384121.121638617,20.18518519,0.0,0.0,0.0,15.94650206,15.74074074,0.0,2.77777778,2.77777778,2.77777778,0.0,2.77777778,2.77777778,2.77777778,8.33333333,20.74685416,240.91906722
3,16,103.12563067394633,10,103.44550808174274,581.1569899321895,20.18518519,0.0,0.0,0.0,15.94650206,15.74074074,0.0,2.77777778,2.77777778,2.77777778,0.0,2.77777778,2.77777778,2.77777778,8.33333333,20.74685416,240.91906722
4,0,103.12563067394633,10,111.70406537684202,726374.4961704719,20.18518519,0.0,0.0,0.0,15.94650206,15.74074074,0.0,2.77777778,2.77777778,2.77777778,0.0,2.77777778,2.77777778,2.77777778,8.33333333,20.74685416,240.91906722
4,1,103.12563067394633,10,111.70044704224222,103.12563067394633,20.18518519,0.0,0.0,0.0,15.94650206,15.74074074,0.0,2.77777778,2.77777778,2.77777778,0.0,2.77777778,2.77777778,2.77777778,8.33333333,20.74685416,240.91906722
4,2,103.12563067394633,10,111.72009968213125,103.12563067394633,20.18518519,0.0,0.0,0.0,15.94650206,15.74074074,0.0,2.77777778,2.77777778,2.77777778,0.0,2.77777778,2.77777778,2.77777778,8.33333333,20.74685416,240.91906722
4,3,103.12563067394633,10,111.71934703382088,103.12563067394633,20.18518519,0.0,0.0,0.0,15.94650206,15.74074074,0.0,2.77777778,2.77777778,2.77777778,0.0,2.77777778,2.77777778,2.77777778,8.33333333,20.74685416,240.91906722
4,4,103.12563067394633,10,111.69423882801333,879111.2343869942,20.18518519,0.0,0.0,0.0,15.94650206,15.74074074,0.0,2.77777778,2.77777778,2.77777778,0.0,2.77777778,2.77777778,2.77777778,8.33333333,20.74685416,240.91906722
4,5,103.12563067394633,10,111.69893751165522,777780.1775218974,20.18518519,0.0,0.0,0.0,15.94650206,15.74074074,0.0,2.77777778,2.77777778,2.77777778,0.0,2.77777778,2.77777778,2.77777778,8.33333333,20.74685416,240.91906722
4,6,103.12563067394633,10,111.71249440009201,103.12563067394633,20.18518519,0.0,0.0,0.0,15.94650206,15.74074074,0.0,2.77777778,2.77777778,2.77777778,0.0,2.77777778,2.77777778,2.77777778,8.33333333,20.74685416,240.91906722
4,7,103.12563067394633,10,119.08118795679025,159775.16626263232,20.18518519,0.0,0.0,0.0,15.94650206,15.74074074,0.0,2.77777778,2.77777778,2.77777778,0.0,2.77777778,2.77777778,2.77777778,8.33333333,20.74685416,240.91906722
4,8,103.12563067394633,10,119.05534798705227,143313.01314749185,20.18518519,0.0,0.0,0.0,15.94650206,15.74074074,0.0,2.77777778,2.77777778,2.77777778,0.0,2.77777778,2.77777778,2.77777778,8.33333333,20.74685416,240.91906722
4,9,103.12563067394633,10,119.07444736238799,196423.24609334633,20.18518519,0.0,0.0,0.0,15.94650206,15.74074074,0.0,2.77777778,2.77777778,2.77777778,0.0,2.77777778,2.77777778,2.77777778,8.33333333,20.74685416,240.91906722
4,10,103.12563067394633,10,119.14104300566122,103.12563067394633,20.18518519,0.0,0.0,0.0,15.94650206,15.74074074,0.0,2.77777778,2.77777778,2.77777778,0.0,2.77777778,2.77777778,2.77777778,8.33333333,20.74685416,240.91906722
4,11,103.12563067394633,10,119.10408632664837,92878.01200454385,20.18518519,0.0,0.0,0.0,15.94650206,15.74074074,0.0,2.77777778,2.77777778,2.77777778,0.0,2.77777778,2.77777778,2.77777778,8.33333333,20.74685416,240.91906722
4,12,103.12563067394633,10,119.0570252175691,132553.64325220473,20.18518519,0.0,0.0,0.0,15.94650206,15.74074074,0.0,2.77777778,2.77777778,2.77777778,0.0,2.77777778,2.77777778,2.77777778,8.33333333,20.74685416,240.91906722
4,13,103.12563067394633,10,119.06688212033137,153320.315100774,20.18518519,0.0,0.0,0.0,15.94650206,15.74074074,0.0,2.77777778,2.77777778,2.77777778,0.0,2.77777778,2.77777778,2.77777778,8.33333333,20.74685416,240.91906722
4,14,103.12563067394633,10,119.0686129748039,3382412.1085698935,20.18518519,0.0,0.0,0.0,15.94650206,15.74074074,0.0,2.77777778,2.77777778,2.77777778,0.0,2.77777778,2.77777778,2.77777778,8.33333333,20.74685416,240.91906722
4,15,103.12563067394633,10,107.7332578931967,3384121.121638617,20.18518519,0.0,0.0,0.0,15.94650206,15.74074074,0.0,2.77777778,2.77777778,2.77777778,0.0,2.77777778,2.77777778,2.77777778,8.33333333,20.74685416,240.91906722
4,16,103.12563067394633,10,103.44550808174274,581.1569899321895,20.18518519,0.0,0.0,0.0,15.94650206,15.74074074,0.0,2.77777778,2.77777778,2.77777778,0.0,2.77777778,2.77777778,2.77777778,8.33333333,20.74685416,240.91906722
5,0,103.12563067394633,1,103.97937073141752,102.27361003027448,20.18518519,0.0,0.0,0.0,15.94650206,15.74074074,0.0,2.77777778,2.77777778,2.77777778,0.0,2.77777778,2.77777778,2.77777778,8.33333333,20.74685416,240.91906722
5,1,102.27361003027448,1,103.12840762820278,102.27361003027448,19.18518519,0.0,0.0,0.0,15.94650206,15.74074074,0.0,2.77777778,2.77777778,2.77777778,0.0,2.77777778,2.77777778,2.77777778,8.33333333,20.74685416,240.91906722
5,2,102.27361003027448,1,103.12939455654208,102.27361003027448,19.18518519,0.0,0.0,0.0,15.94650206,15.74074074,0.0,2.77777778,2.77777778,2.77777778,0.0,2.77777778,2.77777778,2.77777778,8.33333333,20.74685416,240.91906722
5,3,102.27361003027448,1,103.12956574286393,102.27361003027448,19.18518519,0.0,0.0,0.0,15.94650206,15.74074074,0.0,2.77777778,2.77777778,2.77777778,0.0,2.77777778,2.77777778,2.77777778,8.33333333,20.74685416,240.91906722
5,4,102.27361003027448,1,103.12352385801198,4049.290549942186,19.18518519,0.0,0.0,0.0,15.94650206,15.74074074,0.0,2.77777778,2.77777778,2.77777778,0.0,2.77777778,2.77777778,2.77777778,8.33333333,20.74685416,240.91906722
5,5,102.27361003027448,1,103.12475239227221,4118.599999853442,19.18518519,0.0,0.0,0.0,15.94650206,15.74074074,0.0,2.77777778,2.77777778,2.77777778,0.0,2.77777778,2.77777778,2.77777778,8.33333333,20.74685416,240.91906722
5,6,102.27361003027448,1,103.12861193616712,102.27361003027448,19.18518519,0.0,0.0,0.0,15.94650206,15.74074074,0.0,2.77777778,2.77777778,2.77777778,0.0,2.77777778,2.77777778,2.77777778,8.33333333,20.74685416,240.91906722
5,7,102.27361003027448,1,103.85451496015985,24438.34675092312,19.18518519,0.0,0.0,0.0,15.94650206,15.74074074,0.0,2.77777778,2.77777778,2.77777778,0.0,2.77777778,2.77777778,2.77777778,8.33333333,20.74685416,240.91906722
5,8,102.27361003027448,1,103.85711346176635,28317.619503743925,19.18518519,0.0,0.0,0.0,15.94650206,15.74074074,0.0,2.77777778,2.77777778,2.77777778,0.0,2.77777778,2.77777778,2.77777778,8.33333333,20.74685416,240.91906722
5,9,102.27361003027448,1,103.8502552149677,32866.19617644808,19.18518519,0.0,0.0,0.0,15.94650206,15.74074074,0.0,2.77777778,2.77777778,2.77777778,0.0,2.77777778,2.77777778,2.77777778,8.33333333,20.74685416,240.91906722
5,10,102.27361003027448,1,103.86517291831754,102.27361003027448,19.18518519,0.0,0.0,0.0,15.94650206,15.74074074,0.0,2.77777778,2.77777778,2.77777778,0.0,2.77777778,2.77777778,2.77777778,8.33333333,20.74685416,240.91906722
5,11,102.27361003027448,1,103.8667517233137,16073.839757296602,19.18518519,0.0,0.0,0.0,15.94650206,15.74074074,0.0,2.77777778,2.77777778,2.77777778,0.0,2.77777778,2.77777778,2.77777778,8.33333333,20.74685416,240.91906722
5,12,102.27361003027448,1,103.85980645572323,26264.47309395115,19.18518519,0.0,0.0,0.0,15.94650206,15.74074074,0.0,2.77777778,2.77777778,2.77777778,0.0,2.77777778,2.77777778,2.77777778,8.33333333,20.74685416,240.91906722
5,13,102.27361003027448,1,103.85650043066842,28793.20199734109,19.18518519,0.0,0.0,0.0,15.94650206,15.74074074,0.0,2.77777778,2.77777778,2.77777778,0.0,2.77777778,2.77777778,2.77777778,8.33333333,20.74685416,240.91906722
5,14,102.27361003027448,1,103.846819767151,23226.16303799915,19.18518519,0.0,0.0,0.0,15.94650206,15.74074074,0.0,2.77777778,2.77777778,2.77777778,0.0,2.77777778,2.77777778,2.77777778,8.33333333,20.74685416,240.91906722
5,15,102.27361003027448,1,102.7321524011583,101.81659906550996,19.18518519,0.0,0.0,0.0,15.94650206,15.74074074,0.0,2.77777778,2.77777778,2.77777778,0.0,2.77777778,2.77777778,2.77777778,8.33333333,20.74685416,240.91906722
5,16,101.81659906550996,1,101.84858680628962,101.78461132473034,19.18518519,0.0,0.0,0.0,15.94650206,15.74074074,0.0,2.77777778,2.77777778,2.77777778,0.0,2.77777778,2.77777778,2.77777778,8.33333333,19.74685416,240.91906722
6,0,101.78461132473034,1,102.63766556579382,9945.6147377161,19.18518519,0.0,0.0,0.0,15.94650206,15.74074074,0.0,2.77777778,2.77777778,2.77777778,0.0,2.77777778,2.77777778,2.77777778,8.33333333,19.74685416,239.91906722
6,1,101.78461132473034,1,102.63983728197559,101.78461132473034,19.18518519,0.0,0.0,0.0,15.94650206,15.74074074,0.0,2.77777778,2.77777778,2.77777778,0.0,2.77777778,2.77777778,2.77777778,8.33333333,19.74685416,239.91906722
6,2,101.78461132473034,1,102.64122958430575,101.78461132473034,19.18518519,0.0,0.0,0.0,15.94650206,15.74074074,0.0,2.77777778,2.77777778,2.77777778,0.0,2.77777778,2.77777778,2.77777778,8.33333333,19.74685416,239.91906722
6,3,101.78461132473034,1,102.64127590664259,101.78461132473034,19.18518519,0.0,0.0,0.0,15.94650206,15.74074074,0.0,2.77777778,2.77777778,2.77777778,0.0,2.77777778,2.77777778,2.77777778,8.33333333,19.74685416,239.91906722
6,4,101.78461132473034,1,102.63563087082089,10285.970897870695,19.18518519,0.0,0.0,0.0,15.94650206,15.74074074,0.0,2.77777778,2.77777778,2.77777778,0.0,2.77777778,2.77777778,2.77777778,8.33333333,19.74685416,239.91906722
6,5,101.78461132473034,1,102.63690185276387,9842.493608642839,19.18518519,0.0,0.0,0.0,15.94650206,15.74074074,0.0,2.77777778,2.77777778,2.77777778,0.0,2.77777778,2.77777778,2.77777778,8.33333333,19.74685416,239.91906722
6,6,101.78461132473034,1,102.64050061670866,101.78461132473034,19.18518519,0.0,0.0,0.0,15.94650206,15.74074074,0.0,2.77777778,2.77777778,2.77777778,0.0,2.77777778,2.77777778,2.77777778,8.33333333,19.74685416,239.91906722
6,7,101.78461132473034,1,103.36578508397263,38040.356552511366,19.18518519,0.0,0.0,0.0,15.94650206,15.74074074,0.0,2.77777778,2.77777778,2.77777778,0.0,2.77777778,2.77777778,2.77777778,8.33333333,19.74685416,239.91906722
6,8,101.78461132473034,1,103.36804193439787,39880.23318099689,19.18518519,0.0,0.0,0.0,15.94650206,15.74074074,0.0,2.77777778,2.77777778,2.77777778,0.0,2.77777778,2.77777778,2.77777778,8.33333333,19.74685416,239.91906722
6,9,101.78461132473034,1,103.36106542979547,50569.21665011689,19.18518519,0.0,0.0,0.0,15.94650206,15.74074074,0.0,2.77777778,2.77777778,2.77777778,0.0,2.77777778,2.77777778,2.77777778,8.33333333,19.74685416,239.91906722
6,10,101.78461132473034,1,103.37633038210788,101.78461132473034,19.18518519,0.0,0.0,0.0,15.94650206,15.74074074,0.0,2.77777778,2.77777778,2.77777778,0.0,2.77777778,2.77777778,2.77777778,8.33333333,19.74685416,239.91906722
6,11,101.78461132473034,1,103.37755262900217,28447.825339749998,19.18518519,0.0,0.0,0.0,15.94650206,15.74074074,0.0,2.77777778,2.77777778,2.77777778,0.0,2.77777778,2.77777778,2.77777778,8.33333333,19.74685416,239.91906722
6,12,101.78461132473034,1,103.37063819537316,38578.324663747866,19.18518519,0.0,0.0,0.0,15.94650206,15.74074074,0.0,2.77777778,2.77777778,2.77777778,0.0,2.77777778,2.77777778,2.77777778,8.33333333,19.74685416,239.91906722
6,13,101.78461132473034,1,103.36742763960116,42316.419860660586,19.18518519,0.0,0.0,0.0,15.94650206,15.74074074,0.0,2.77777778,2.77777778,2.77777778,0.0,2.77777778,2.77777778,2.77777778,8.33333333,19.74685416,239.91906722
6,14,101.78461132473034,1,103.35778897506269,35719.394510926555,19.18518519,0.0,0.0,0.0,15.94650206,15.74074074,0.0,2.77777778,2.77777778,2.77777778,0.0,2.77777778,2.77777778,2.77777778,8.33333333,19.74685416,239.91906722
6,15,101.78461132473034,1,102.24162228949484,2017.0749946994913,19.18518519,0.0,0.0,0.0,15.94650206,15.74074074,0.0,2.77777778,2.77777778,2.77777778,0.0,2.77777778,2.77777778,2.77777778,8.33333333,19.74685416,239.91906722
6,16,101.78461132473034,1,101.81659906550996,101.7526235839507,19.18518519,0.0,0.0,0.0,15.94650206,15.74074074,0.0,2.77777778,2.77777778,2.77777778,0.0,2.77777778,2.77777778,2.77777778,8.33333333,19.74685416,239.91906722
7,0,101.7526235839507,1,102.60567782501417,12683.920747224769,19.18518519,0.0,0.0,0.0,15.94650206,15.74074074,0.0,2.77777778,2.77777778,2.77777778,0.0,2.77777778,2.77777778,2.77777778,8.33333333,19.74685416,238.91906722
7,1,101.7526235839507,1,102.60784954119595,101.7526235839507,19.18518519,0.0,0.0,0.0,15.94650206,15.74074074,0.0,2.77777778,2.77777778,2.77777778,0.0,2.77777778,2.77777778,2.77777778,8.33333333,19.74685416,238.91906722
7,2,101.7526235839507,1,102.60924184352609,101.7526235839507,19.18518519,0.0,0.0,0.0,15.94650206,15.74074074,0.0,2.77777778,2.77777778,2.77777778,0.0,2.77777778,2.77777778,2.77777778,8.33333333,19.74685416,238.91906722
7,3,101.7526235839507,1,102.60928816586295,101.7526235839507,19.18518519,0.0,0.0,0.0,15.94650206,15.74074074,0.0,2.77777778,2.77777778,2.77777778,0.0,2.77777778,2.77777778,2.77777778,8.33333333,19.74685416,238.91906722
7,4,101.7526235839507,1,102.60364313004126,12683.871574199493,19.18518519,0.0,0.0,0.0,15.94650206,15.74074074,0.0,2.77777778,2.77777778,2.77777778,0.0,2.77777778,2.77777778,2.77777778,8.33333333,19.74685416,238.91906722
7,5,101.7526235839507,1,102.60491411198424,11842.461620902051,19.18518519,0.0,0.0,0.0,15.94650206,15.74074074,0.0,2.77777778,2.77777778,2.77777778,0.0,2.77777778,2.77777778,2.77777778,8.33333333,19.74685416,238.91906722
7,6,101.7526235839507,1,102.60851287592902,101.7526235839507,19.18518519,0.0,0.0,0.0,15.94650206,15.74074074,0.0,2.77777778,2.77777778,2.77777778,0.0,2.77777778,2.77777778,2.77777778,8.33333333,19.74685416,238.91906722
7,7,101.7526235839507,1,103.333797343193,42040.32456477058,19.18518519,0.0,0.0,0.0,15.94650206,15.74074074,0.0,2.77777778,2.77777778,2.77777778,0.0,2.77777778,2.77777778,2.77777778,8.33333333,19.74685416,238.91906722
7,8,101.7526235839507,1,103.33605419361821,43880.2011932561,19.18518519,0.0,0.0,0.0,15.94650206,15.74074074,0.0,2.77777778,2.77777778,2.77777778,0.0,2.77777778,2.77777778,2.77777778,8.33333333,19.74685416,238.91906722
7,9,101.7526235839507,1,103.32907768901582,54569.18466237605,19.18518519,0.0,0.0,0.0,15.94650206,15.74074074,0.0,2.77777778,2.77777778,2.77777778,0.0,2.77777778,2.77777778,2.77777778,8.33333333,19.74685416,238.91906722
7,10,101.7526235839507,1,103.34434264132823,101.7526235839507,19.18518519,0.0,0.0,0.0,15.94650206,15.74074074,0.0,2.77777778,2.77777778,2.77777778,0.0,2.77777778,2.77777778,2.77777778,8.33333333,19.74685416,238.91906722
7,11,101.7526235839507,1,103.34556488822253,31720.230923130257,19.18518519,0.0,0.0,0.0,15.94650206,15.74074074,0.0,2.77777778,2.77777778,2.77777778,0.0,2.77777778,2.77777778,2.77777778,8.33333333,19.74685416,238.91906722
7,12,101.7526235839507,1,103.33865045459353,42424.77781222847,19.18518519,0.0,0.0,0.0,15.94650206,15.74074074,0.0,2.77777778,2.77777778,2.77777778,0.0,2.77777778,2.77777778,2.77777778,8.33333333,19.74685416,238.91906722
7,13,101.7526235839507,1,103.33543989882152,46316.387872919746,19.18518519,0.0,0.0,0.0,15.94650206,15.74074074,0.0,2.77777778,2.77777778,2.77777778,0.0,2.77777778,2.77777778,2.77777778,8.33333333,19.74685416,238.91906722
7,14,101.7526235839507,1,103.32580123428305,38719.362523185795,19.18518519,0.0,0.0,0.0,15.94650206,15.74074074,0.0,2.77777778,2.77777778,2.77777778,0.0,2.77777778,2.77777778,2.77777778,8.33333333,19.74685416,238.91906722
7,15,101.7526235839507,1,102.2096345487152,3017.043006958653,19.18518519,0.0,0.0,0.0,15.94650206,15.74074074,0.0,2.77777778,2.77777778,2.77777778,0.0,2.77777778,2.77777778,2.77777778,8.33333333,19.74685416,238.91906722
7,16,101.7526235839507,1,101.78461132473034,101.72063584317105,19.18518519,0.0,0.0,0.0,15.94650206,15.74074074,0.0,2.77777778,2.77777778,2.77777778,0.0,2.77777778,2.77777778,2.77777778,8.33333333,19.74685416,238.91906722
8,0,101.72063584317105,1,102.57369008423454,15683.888759484,19.18518519,0.0,0.0,0.0,15.94650206,15.74074074,0.0,2.77777778,2.77777778,2.77777778,0.0,2.77777778,2.77777778,2.77777778,8.33333333,19.74685416,237.91906722
8,1,101.72063584317105,1,102.5758618004163,101.72063584317105,19.18518519,0.0,0.0,0.0,15.94650206,15.74074074,0.0,2.77777778,2.77777778,2.77777778,0.0,2.77777778,2.77777778,2.77777778,8.33333333,19.74685416,237.91906722
8,2,101.72063584317105,1,102.57725410274647,101.72063584317105,19.18518519,0.0,0.0,0.0,15.94650206,15.74074074,0.0,2.77777778,2.77777778,2.77777778,0.0,2.77777778,2.77777778,2.77777778,8.33333333,19.74685416,237.91906722
8,3,101.72063584317105,1,102.57730042508331,101.72063584317105,19.18518519,0.0,0.0,0.0,15.94650206,15.74074074,0.0,2.77777778,2.77777778,2.77777778,0.0,2.77777778,2.77777778,2.77777778,8.33333333,19.74685416,237.91906722
8,4,101.72063584317105,1,102.57165538926161,15683.839586458746,19.18518519,0.0,0.0,0.0,15.94650206,15.74074074,0.0,2.77777778,2.77777778,2.77777778,0.0,2.77777778,2.77777778,2.77777778,8.33333333,19.74685416,237.91906722
8,5,101.72063584317105,1,102.5729263712046,13842.429633161268,19.18518519,0.0,0.0,0.0,15.94650206,15.74074074,0.0,2.77777778,2.77777778,2.77777778,0.0,2.77777778,2.77777778,2.77777778,8.33333333,19.74685416,237.91906722
8,6,101.72063584317105,1,102.57652513514938,101.72063584317105,19.18518519,0.0,0.0,0.0,15.94650206,15.74074074,0.0,2.77777778,2.77777778,2.77777778,0.0,2.77777778,2.77777778,2.77777778,8.33333333,19.74685416,237.91906722
8,7,101.72063584317105,1,103.30180960241334,46040.29257702989,19.18518519,0.0,0.0,0.0,15.94650206,15.74074074,0.0,2.77777778,2.77777778,2.77777778,0.0,2.77777778,2.77777778,2.77777778,8.33333333,19.74685416,237.91906722
8,8,101.72063584317105,1,103.30406645283858,47880.16920551526,19.18518519,0.0,0.0,0.0,15.94650206,15.74074074,0.0,2.77777778,2.77777778,2.77777778,0.0,2.77777778,2.77777778,2.77777778,8.33333333,19.74685416,237.91906722
8,9,101.72063584317105,1,103.29708994823619,58569.1526746354,19.18518519,0.0,0.0,0.0,15.94650206,15.74074074,0.0,2.77777778,2.77777778,2.77777778,0.0,2.77777778,2.77777778,2.77777778,8.33333333,19.74685416,237.91906722
8,10,101.72063584317105,1,103.3123549005486,101.72063584317105,19.18518519,0.0,0.0,0.0,15.94650206,15.74074074,0.0,2.77777778,2.77777778,2.77777778,0.0,2.77777778,2.77777778,2.77777778,8.33333333,19.74685416,237.91906722
8,11,101.72063584317105,1,103.31357714744289,35720.198935389475,19.18518519,0.0,0.0,0.0,15.94650206,15.74074074,0.0,2.77777778,2.77777778,2.77777778,0.0,2.77777778,2.77777778,2.77777778,8.33333333,19.74685416,237.91906722
8,12,101.72063584317105,1,103.30666271381388,46424.745824487676,19.18518519,0.0,0.0,0.0,15.94650206,15.74074074,0.0,2.77777778,2.77777778,2.77777778,0.0,2.77777778,2.77777778,2.77777778,8.33333333,19.74685416,237.91906722
8,13,101.72063584317105,1,103.30345215804188,50316.355885179,19.18518519,0.0,0.0,0.0,15.94650206,15.74074074,0.0,2.77777778,2.77777778,2.77777778,0.0,2.77777778,2.77777778,2.77777778,8.33333333,19.74685416,237.91906722
8,14,101.72063584317105,1,103.29381349350341,41719.330535445035,19.18518519,0.0,0.0,0.0,15.94650206,15.74074074,0.0,2.77777778,2.77777778,2.77777778,0.0,2.77777778,2.77777778,2.77777778,8.33333333,19.74685416,237.91906722
8,15,101.72063584317105,1,102.17764680793557,4017.011019217961,19.18518519,0.0,0.0,0.0,15.94650206,15.74074074,0.0,2.77777778,2.77777778,2.77777778,0.0,2.77777778,2.77777778,2.77777778,8.33333333,19.74685416,237.91906722
8,16,101.72063584317105,1,101.7526235839507,229.23700622541742,19.18518519,0.0,0.0,0.0,15.94650206,15.74074074,0.0,2.77777778,2.77777778,2.77777778,0.0,2.77777778,2.77777778,2.77777778,8.33333333,19.74685416,237.91906722
9,0,101.72063584317105,1,102.57369008423454,15683.888759484,19.18518519,0.0,0.0,0.0,15.94650206,15.74074074,0.0,2.77777778,2.77777778,2.77777778,0.0,2.77777778,2.77777778,2.77777778,8.33333333,19.74685416,237.91906722
9,1,101.72063584317105,1,102.5758618004163,101.72063584317105,19.18518519,0.0,0.0,0.0,15.94650206,15.74074074,0.0,2.77777778,2.77777778,2.77777778,0.0,2.77777778,2.77777778,2.77777778,8.33333333,19.74685416,237.91906722
9,2,101.72063584317105,1,102.57725410274647,101.72063584317105,19.18518519,0.0,0.0,0.0,15.94650206,15.74074074,0.0,2.77777778,2.77777778,2.77777778,0.0,2.77777778,2.77777778,2.77777778,8.33333333,19.74685416,237.91906722
9,3,101.72063584317105,1,102.57730042508331,101.72063584317105,19.18518519,0.0,0.0,0.0,15.94650206,15.74074074,0.0,2.77777778,2.77777778,2.77777778,0.0,2.77777778,2.77777778,2.77777778,8.33333333,19.74685416,237.91906722
9,4,101.72063584317105,1,102.57165538926161,15683.839586458746,19.18518519,0.0,0.0,0.0,15.94650206,15.74074074,0.0,2.77777778,2.77777778,2.77777778,0.0,2.77777778,2.77777778,2.77777778,8.33333333,19.74685416,237.91906722
9,5,101.72063584317105,1,102.5729263712046,13842.429633161268,19.18518519,0.0,0.0,0.0,15.94650206,15.74074074,0.0,2.77777778,2.77777778,2.77777778,0.0,2.77777778,2.77777778,2.77777778,8.33333333,19.74685416,237.91906722
9,6,101.72063584317105,1,102.57652513514938,101.72063584317105,19.18518519,0.0,0.0,0.0,15.94650206,15.74074074,0.0,2.77777778,2.77777778,2.77777778,0.0,2.77777778,2.77777778,2.77777778,8.33333333,19.74685416,237.91906722
9,7,101.72063584317105,1,103.30180960241334,46040.29257702989,19.18518519,0.0,0.0,0.0,15.94650206,15.74074074,0.0,2.77777778,2.77777778,2.77777778,0.0,2.77777778,2.77777778,2.77777778,8.33333333,19.74685416,237.91906722
9,8,101.72063584317105,1,103.30406645283858,47880.16920551526,19.18518519,0.0,0.0,0.0,15.94650206,15.74074074,0.0,2.77777778,2.77777778,2.77777778,0.0,2.77777778,2.77777778,2.77777778,8.33333333,19.74685416,237.91906722
9,9,101.72063584317105,1,103.29708994823619,58569.1526746354,19.18518519,0.0,0.0,0.0,15.94650206,15.74074074,0.0,2.77777778,2.77777778,2.77777778,0.0,2.77777778,2.77777778,2.77777778,8.33333333,19.74685416,237.91906722
9,10,101.72063584317105,1,103.3123549005486,101.72063584317105,19.18518519,0.0,0.0,0.0,15.94650206,15.74074074,0.0,2.77777778,2.77777778,2.77777778,0.0,2.77777778,2.77777778,2.77777778,8.33333333,19.74685416,237.91906722
9,11,101.72063584317105,1,103.31357714744289,35720.198935389475,19.18518519,0.0,0.0,0.0,15.94650206,15.74074074,0.0,2.77777778,2.77777778,2.77777778,0.0,2.77777778,2.77777778,2.77777778,8.33333333,19.74685416,237.91906722
9,12,101.72063584317105,1,103.30666271381388,46424.745824487676,19.18518519,0.0,0.0,0.0,15.94650206,15.74074074,0.0,2.77777778,2.77777778,2.77777778,0.0,2.77777778,2.77777778,2.77777778,8.33333333,19.74685416,237.91906722
9,13,101.72063584317105,1,103.30345215804188,50316.355885179,19.18518519,0.0,0.0,0.0,15.94650206,15.74074074,0.0,2.77777778,2.77777778,2.77777778,0.0,2.77777778,2.77777778,2.77777778,8.33333333,19.74685416,237.91906722
9,14,101.72063584317105,1,103.29381349350341,41719.330535445035,19.18518519,0.0,0.0,0.0,15.94650206,15.74074074,0.0,2.77777778,2.77777778,2.77777778,0.0,2.77777778,2.77777778,2.77777778,8.33333333,19.74685416,237.91906722
9,15,101.72063584317105,1,102.17764680793557,4017.011019217961,19.18518519,0.0,0.0,0.0,15.94650206,15.74074074,0.0,2.77777778,2.77777778,2.77777778,0.0,2.77777778,2.77777778,2.77777778,8.33333333,19.74685416,237.91906722
9,16,101.72063584317105,1,101.7526235839507,229.23700622541742,19.18518519,0.0,0.0,0.0,15.94650206,15.74074074,0.0,2.77777778,2.77777778,2.77777778,0.0,2.77777778,2.77777778,2.77777778,8.33333333,19.74685416,237.91906722
10,0,101.72063584317105,0.1,101.80590980597093,101.63538304821913,19.18518519,0.0,0.0,0.0,15.94650206,15.74074074,0.0,2.77777778,2.77777778,2.77777778,0.0,2.77777778,2.77777778,2.77777778,8.33333333,19.74685416,237.91906722
10,1,101.63538304821913,0.1,101.72087635112108,101.63538304821913,19.085185189999997,0.0,0.0,0.0,15.94650206,15.74074074,0.0,2.77777778,2.77777778,2.77777778,0.0,2.77777778,2.77777778,2.77777778,8.33333333,19.74685416,237.91906722
10,2,101.63538304821913,0.1,101.72100795370532,101.63538304821913,19.085185189999997,0.0,0.0,0.0,15.94650206,15.74074074,0.0,2.77777778,2.77777778,2.77777778,0.0,2.77777778,2.77777778,2.77777778,8.33333333,19.74685416,237.91906722
10,3,101.63538304821913,0.1,101.72102333676222,101.63538304821913,19.085185189999997,0.0,0.0,0.0,15.94650206,15.74074074,0.0,2.77777778,2.77777778,2.77777778,0.0,2.77777778,2.77777778,2.77777778,8.33333333,19.74685416,237.91906722
10,4,101.63538304821913,0.1,101.7204334696414,900.738416500401,19.085185189999997,0.0,0.0,0.0,15.94650206,15.74074074,0.0,2.77777778,2.77777778,2.77777778,0.0,2.77777778,2.77777778,2.77777778,8.33333333,19.74685416,237.91906722
10,5,101.63538304821913,0.1,101.7205611244511,981.4008223318519,19.085185189999997,0.0,0.0,0.0,15.94650206,15.74074074,0.0,2.77777778,2.77777778,2.77777778,0.0,2.77777778,2.77777778,2.77777778,8.33333333,19.74685416,237.91906722
10,6,101.63538304821913,0.1,101.72093130229516,101.63538304821913,19.085185189999997,0.0,0.0,0.0,15.94650206,15.74074074,0.0,2.77777778,2.77777778,2.77777778,0.0,2.77777778,2.77777778,2.77777778,8.33333333,19.74685416,237.91906722
10,7,101.63538304821913,0.1,101.79338720184788,2283.8510741442797,19.085185189999997,0.0,0.0,0.0,15.94650206,15.74074074,0.0,2.77777778,2.77777778,2.77777778,0.0,2.77777778,2.77777778,2.77777778,8.33333333,19.74685416,237.91906722
10,8,101.63538304821913,0.1,101.79368576433565,2999.85351876138,19.085185189999997,0.0,0.0,0.0,15.94650206,15.74074074,0.0,2.77777778,2.77777778,2.77777778,0.0,2.77777778,2.77777778,2.77777778,8.33333333,19.74685416,237.91906722
10,9,101.63538304821913,0.1,101.79295409016385,2741.98170247388,19.085185189999997,0.0,0.0,0.0,15.94650206,15.74074074,0.0,2.77777778,2.77777778,2.77777778,0.0,2.77777778,2.77777778,2.77777778,8.33333333,19.74685416,237.91906722
10,10,101.63538304821913,0.1,101.79452769546441,101.63538304821913,19.085185189999997,0.0,0.0,0.0,15.94650206,15.74074074,0.0,2.77777778,2.77777778,2.77777778,0.0,2.77777778,2.77777778,2.77777778,8.33333333,19.74685416,237.91906722
10,11,101.63538304821913,0.1,101.79463138372797,1871.9480192406477,19.085185189999997,0.0,0.0,0.0,15.94650206,15.74074074,0.0,2.77777778,2.77777778,2.77777778,0.0,2.77777778,2.77777778,2.77777778,8.33333333,19.74685416,237.91906722
10,12,101.63538304821913,0.1,101.7939365300218,2808.8759725569284,19.085185189999997,0.0,0.0,0.0,15.94650206,15.74074074,0.0,2.77777778,2.77777778,2.77777778,0.0,2.77777778,2.77777778,2.77777778,8.33333333,19.74685416,237.91906722
10,13,101.63538304821913,0.1,101.79364227611572,2743.5300294509825,19.085185189999997,0.0,0.0,0.0,15.94650206,15.74074074,0.0,2.77777778,2.77777778,2.77777778,0.0,2.77777778,2.77777778,2.77777778,8.33333333,19.74685416,237.91906722
10,14,101.63538304821913,0.1,101.79263752643259,2370.3834439589223,19.085185189999997,0.0,0.0,0.0,15.94650206,15.74074074,0.0,2.77777778,2.77777778,2.77777778,0.0,2.77777778,2.77777778,2.77777778,8.33333333,19.74685416,237.91906722
10,15,101.63538304821913,0.1,101.68099334033461,393.3972662790962,19.085185189999997,0.0,0.0,0.0,15.94650206,15.74074074,0.0,2.77777778,2.77777778,2.77777778,0.0,2.77777778,2.77777778,2.77777778,8.33333333,19.74685416,237.91906722
10,16,101.63538304821913,0.1,101.63858182229708,171.99754569723137,19.085185189999997,0.0,0.0,0.0,15.94650206,15.74074074,0.0,2.77777778,2.77777778,2.77777778,0.0,2.77777778,2.77777778,2.77777778,8.33333333,19.74685416,237.91906722
11,0,101.63538304821913,0.1,101.72063584317105,916.7275528361811,19.085185189999997,0.0,0.0,0.0,15.94650206,15.74074074,0.0,2.77777778,2.77777778,2.77777778,0.0,2.77777778,2.77777778,2.77777778,8.33333333,19.74685416,237.91906722
11,1,101.63538304821913,0.1,101.72087635112108,101.63538304821913,19.085185189999997,0.0,0.0,0.0,15.94650206,15.74074074,0.0,2.77777778,2.77777778,2.77777778,0.0,2.77777778,2.77777778,2.77777778,8.33333333,19.74685416,237.91906722
11,2,101.63538304821913,0.1,101.72100795370532,101.63538304821913,19.085185189999997,0.0,0.0,0.0,15.94650206,15.74074074,0.0,2.77777778,2.77777778,2.77777778,0.0,2.77777778,2.77777778,2.77777778,8.33333333,19.74685416,237.91906722
11,3,101.63538304821913,0.1,101.72102333676222,101.63538304821913,19.085185189999997,0.0,0.0,0.0,15.94650206,15.74074074,0.0,2.77777778,2.77777778,2.77777778,0.0,2.77777778,2.77777778,2.77777778,8.33333333,19.74685416,237.91906722
11,4,101.63538304821913,0.1,101.7204334696414,900.738416500401,19.085185189999997,0.0,0.0,0.0,15.94650206,15.74074074,0.0,2.77777778,2.77777778,2.77777778,0.0,2.77777778,2.77777778,2.77777778,8.33333333,19.74685416,237.91906722
11,5,101.63538304821913,0.1,101.7205611244511,981.4008223318519,19.085185189999997,0.0,0.0,0.0,15.94650206,15.74074074,0.0,2.77777778,2.77777778,2.77777778,0.0,2.77777778,2.77777778,2.77777778,8.33333333,19.74685416,237.91906722
11,6,101.63538304821913,0.1,101.72093130229516,101.63538304821913,19.085185189999997,0.0,0.0,0.0,15.94650206,15.74074074,0.0,2.77777778,2.77777778,2.77777778,0.0,2.77777778,2.77777778,2.77777778,8.33333333,19.74685416,237.91906722
11,7,101.63538304821913,0.1,101.79338720184788,2283.8510741442797,19.085185189999997,0.0,0.0,0.0,15.94650206,15.74074074,0.0,2.77777778,2.77777778,2.77777778,0.0,2.77777778,2.77777778,2.77777778,8.33333333,19.74685416,237.91906722
11,8,101.63538304821913,0.1,101.79368576433565,2999.85351876138,19.085185189999997,0.0,0.0,0.0,15.94650206,15.74074074,0.0,2.77777778,2.77777778,2.77777778,0.0,2.77777778,2.77777778,2.77777778,8.33333333,19.74685416,237.91906722
11,9,101.63538304821913,0.1,101.79295409016385,2741.98170247388,19.085185189999997,0.0,0.0,0.0,15.94650206,15.74074074,0.0,2.77777778,2.77777778,2.77777778,0.0,2.77777778,2.77777778,2.77777778,8.33333333,19.74685416,237.91906722
11,10,101.63538304821913,0.1,101.79452769546441,101.63538304821913,19.085185189999997,0.0,0.0,0.0,15.94650206,15.74074074,0.0,2.77777778,2.77777778,2.77777778,0.0,2.77777778,2.77777778,2.77777778,8.33333333,19.74685416,237.91906722
11,11,101.63538304821913,0.1,101.79463138372797,1871.9480192406477,19.085185189999997,0.0,0.0,0.0,15.94650206,15.74074074,0.0,2.77777778,2.77777778,2.77777778,0.0,2.77777778,2.77777778,2.77777778,8.33333333,19.74685416,237.91906722
11,12,101.63538304821913,0.1,101.7939365300218,2808.8759725569284,19.085185189999997,0.0,0.0,0.0,15.94650206,15.74074074,0.0,2.77777778,2.77777778,2.77777778,0.0,2.77777778,2.77777778,2.77777778,8.33333333,19.74685416,237.91906722
11,13,101.63538304821913,0.1,101.79364227611572,2743.5300294509825,19.085185189999997,0.0,0.0,0.0,15.94650206,15.74074074,0.0,2.77777778,2.77777778,2.77777778,0.0,2.77777778,2.77777778,2.77777778,8.33333333,19.74685416,237.91906722
11,14,101.63538304821913,0.1,101.79263752643259,2370.3834439589223,19.085185189999997,0.0,0.0,0.0,15.94650206,15.74074074,0.0,2.77777778,2.77777778,2.77777778,0.0,2.77777778,2.77777778,2.77777778,8.33333333,19.74685416,237.91906722
11,15,101.63538304821913,0.1,101.68099334033461,393.3972662790962,19.085185189999997,0.0,0.0,0.0,15.94650206,15.74074074,0.0,2.77777778,2.77777778,2.77777778,0.0,2.77777778,2.77777778,2.77777778,8.33333333,19.74685416,237.91906722
11,16,101.63538304821913,0.1,101.63858182229708,171.99754569723137,19.085185189999997,0.0,0.0,0.0,15.94650206,15.74074074,0.0,2.77777778,2.77777778,2.77777778,0.0,2.77777778,2.77777778,2.77777778,8.33333333,19.74685416,237.91906722
12,0,101.63538304821913,0.01,101.6439079500495,156.27391990491031,19.085185189999997,0.0,0.0,0.0,15.94650206,15.74074074,0.0,2.77777778,2.77777778,2.77777778,0.0,2.77777778,2.77777778,2.77777778,8.33333333,19.74685416,237.91906722
12,1,101.63538304821913,0.01,101.64393227608221,101.63538304821913,19.085185189999997,0.0,0.0,0.0,15.94650206,15.74074074,0.0,2.77777778,2.77777778,2.77777778,0.0,2.77777778,2.77777778,2.77777778,8.33333333,19.74685416,237.91906722
12,2,101.63538304821913,0.01,101.64394524860234,101.63538304821913,19.085185189999997,0.0,0.0,0.0,15.94650206,15.74074074,0.0,2.77777778,2.77777778,2.77777778,0.0,2.77777778,2.77777778,2.77777778,8.33333333,19.74685416,237.91906722
12,3,101.63538304821913,0.01,101.64394693484243,101.63538304821913,19.085185189999997,0.0,0.0,0.0,15.94650206,15.74074074,0.0,2.77777778,2.77777778,2.77777778,0.0,2.77777778,2.77777778,2.77777778,8.33333333,19.74685416,237.91906722
12,4,101.63538304821913,0.01,101.64388768989281,148.66526664792542,19.085185189999997,0.0,0.0,0.0,15.94650206,15.74074074,0.0,2.77777778,2.77777778,2.77777778,0.0,2.77777778,2.77777778,2.77777778,8.33333333,19.74685416,237.91906722
12,5,101.63538304821913,0.01,101.64390047032386,144.57547715131858,19.085185189999997,0.0,0.0,0.0,15.94650206,15.74074074,0.0,2.77777778,2.77777778,2.77777778,0.0,2.77777778,2.77777778,2.77777778,8.33333333,19.74685416,237.91906722
12,6,101.63538304821913,0.01,101.64393767617759,101.63538304821913,19.085185189999997,0.0,0.0,0.0,15.94650206,15.74074074,0.0,2.77777778,2.77777778,2.77777778,0.0,2.77777778,2.77777778,2.77777778,8.33333333,19.74685416,237.91906722
12,7,101.63538304821913,0.01,101.65118271823165,233.5358407828591,19.085185189999997,0.0,0.0,0.0,15.94650206,15.74074074,0.0,2.77777778,2.77777778,2.77777778,0.0,2.77777778,2.77777778,2.77777778,8.33333333,19.74685416,237.91906722
12,8,101.63538304821913,0.01,101.65121245525779,267.8373518864377,19.085185189999997,0.0,0.0,0.0,15.94650206,15.74074074,0.0,2.77777778,2.77777778,2.77777778,0.0,2.77777778,2.77777778,2.77777778,8.33333333,19.74685416,237.91906722
12,9,101.63538304821913,0.01,101.65114000305536,289.0815996025452,19.085185189999997,0.0,0.0,0.0,15.94650206,15.74074074,0.0,2.77777778,2.77777778,2.77777778,0.0,2.77777778,2.77777778,2.77777778,8.33333333,19.74685416,237.91906722
12,10,101.63538304821913,0.01,101.65129741142155,101.63538304821913,19.085185189999997,0.0,0.0,0.0,15.94650206,15.74074074,0.0,2.77777778,2.77777778,2.77777778,0.0,2.77777778,2.77777778,2.77777778,8.33333333,19.74685416,237.91906722
12,11,101.63538304821913,0.01,101.6513078344848,251.99547180308912,19.085185189999997,0.0,0.0,0.0,15.94650206,15.74074074,0.0,2.77777778,2.77777778,2.77777778,0.0,2.77777778,2.77777778,2.77777778,8.33333333,19.74685416,237.91906722
12,12,101.63538304821913,0.01,101.65123708956754,257.8687289727926,19.085185189999997,0.0,0.0,0.0,15.94650206,15.74074074,0.0,2.77777778,2.77777778,2.77777778,0.0,2.77777778,2.77777778,2.77777778,8.33333333,19.74685416,237.91906722
12,13,101.63538304821913,0.01,101.65120880844658,214.11695887305422,19.085185189999997,0.0,0.0,0.0,15.94650206,15.74074074,0.0,2.77777778,2.77777778,2.77777778,0.0,2.77777778,2.77777778,2.77777778,8.33333333,19.74685416,237.91906722
12,14,101.63538304821913,0.01,101.65110639706614,226.71310556132568,19.085185189999997,0.0,0.0,0.0,15.94650206,15.74074074,0.0,2.77777778,2.77777778,2.77777778,0.0,2.77777778,2.77777778,2.77777778,8.33333333,19.74685416,237.91906722
12,15,101.63538304821913,0.01,101.63994297197631,103.99618460106232,19.085185189999997,0.0,0.0,0.0,15.94650206,15.74074074,0.0,2.77777778,2.77777778,2.77777778,0.0,2.77777778,2.77777778,2.77777778,8.33333333,19.74685416,237.91906722
12,16,101.63538304821913,0.01,101.63570292562692,101.63506317081132,19.085185189999997,0.0,0.0,0.0,15.94650206,15.74074074,0.0,2.77777778,2.77777778,2.77777778,0.0,2.77777778,2.77777778,2.77777778,8.33333333,19.74685416,237.91906722
13,0,101.63506317081132,0.001,101.63591566099436,101.63421068062829,19.085185189999997,0.0,0.0,0.0,15.94650206,15.74074074,0.0,2.77777778,2.77777778,2.77777778,0.0,2.77777778,2.77777778,2.77777778,8.33333333,19.74685416,237.90906722
13,1,101.63421068062829,0.001,101.63506560341459,101.63421068062829,19.084185189999996,0.0,0.0,0.0,15.94650206,15.74074074,0.0,2.77777778,2.77777778,2.77777778,0.0,2.77777778,2.77777778,2.77777778,8.33333333,19.74685416,237.90906722
13,2,101.63421068062829,0.001,101.63506690010267,101.63421068062829,19.084185189999996,0.0,0.0,0.0,15.94650206,15.74074074,0.0,2.77777778,2.77777778,2.77777778,0.0,2.77777778,2.77777778,2.77777778,8.33333333,19.74685416,237.90906722
13,3,101.63421068062829,0.001,101.63506706929061,101.63421068062829,19.084185189999996,0.0,0.0,0.0,15.94650206,15.74074074,0.0,2.77777778,2.77777778,2.77777778,0.0,2.77777778,2.77777778,2.77777778,8.33333333,19.74685416,237.90906722
13,4,101.63421068062829,0.001,101.63506114316559,101.63336021809098,19.084185189999996,0.0,0.0,0.0,15.94650206,15.74074074,0.0,2.77777778,2.77777778,2.77777778,0.0,2.77777778,2.77777778,2.77777778,8.33333333,19.74685416,237.90906722
13,5,101.63336021809098,0.001,101.63421195848665,105.351667622342,19.084185189999996,0.0,0.0,0.0,15.94550206,15.74074074,0.0,2.77777778,2.77777778,2.77777778,0.0,2.77777778,2.77777778,2.77777778,8.33333333,19.74685416,237.90906722
13,6,101.63336021809098,0.001,101.63421568088683,101.63336021809098,19.084185189999996,0.0,0.0,0.0,15.94550206,15.74074074,0.0,2.77777778,2.77777778,2.77777778,0.0,2.77777778,2.77777778,2.77777778,8.33333333,19.74685416,237.90906722
13,7,101.63336021809098,0.001,101.63494018509225,114.24770398447153,19.084185189999996,0.0,0.0,0.0,15.94550206,15.74074074,0.0,2.77777778,2.77777778,2.77777778,0.0,2.77777778,2.77777778,2.77777778,8.33333333,19.74685416,237.90906722
13,8,101.63336021809098,0.001,101.63494315857511,117.6778550958551,19.084185189999996,0.0,0.0,0.0,15.94550206,15.74074074,0.0,2.77777778,2.77777778,2.77777778,0.0,2.77777778,2.77777778,2.77777778,8.33333333,19.74685416,237.90906722
13,9,101.63336021809098,0.001,101.63493591357461,119.80227986750577,19.084185189999996,0.0,0.0,0.0,15.94550206,15.74074074,0.0,2.77777778,2.77777778,2.77777778,0.0,2.77777778,2.77777778,2.77777778,8.33333333,19.74685416,237.90906722
13,10,101.63336021809098,0.001,101.63495165441121,101.63336021809098,19.084185189999996,0.0,0.0,0.0,15.94550206,15.74074074,0.0,2.77777778,2.77777778,2.77777778,0.0,2.77777778,2.77777778,2.77777778,8.33333333,19.74685416,237.90906722
13,11,101.63336021809098,0.001,101.63495269638433,116.09366708754418,19.084185189999996,0.0,0.0,0.0,15.94550206,15.74074074,0.0,2.77777778,2.77777778,2.77777778,0.0,2.77777778,2.77777778,2.77777778,8.33333333,19.74685416,237.90906722
13,12,101.63336021809098,0.001,101.6349456222258,116.68099280459435,19.084185189999996,0.0,0.0,0.0,15.94550206,15.74074074,0.0,2.77777778,2.77777778,2.77777778,0.0,2.77777778,2.77777778,2.77777778,8.33333333,19.74685416,237.90906722
13,13,101.63336021809098,0.001,101.63494279411371,112.30581579453194,19.084185189999996,0.0,0.0,0.0,15.94550206,15.74074074,0.0,2.77777778,2.77777778,2.77777778,0.0,2.77777778,2.77777778,2.77777778,8.33333333,19.74685416,237.90906722
13,14,101.63336021809098,0.001,101.63493255297567,113.56543046340974,19.084185189999996,0.0,0.0,0.0,15.94550206,15.74074074,0.0,2.77777778,2.77777778,2.77777778,0.0,2.77777778,2.77777778,2.77777778,8.33333333,19.74685416,237.90906722
13,15,101.63336021809098,0.001,101.63381620511569,101.63290423106626,19.084185189999996,0.0,0.0,0.0,15.94550206,15.74074074,0.0,2.77777778,2.77777778,2.77777778,0.0,2.77777778,2.77777778,2.77777778,8.33333333,19.74685416,237.90906722
13,16,101.63290423106626,0.001,101.63293621880705,102.29370637954122,19.084185189999996,0.0,0.0,0.0,15.94550206,15.74074074,0.0,2.77777778,2.77777778,2.77777778,0.0,2.77777778,2.77777778,2.77777778,8.33333333,19.74585416,237.90906722
14,0,101.63290423106626,0.001,101.63375672124931,109.72105591008739,19.084185189999996,0.0,0.0,0.0,15.94550206,15.74074074,0.0,2.77777778,2.77777778,2.77777778,0.0,2.77777778,2.77777778,2.77777778,8.33333333,19.74585416,237.90906722
14,1,101.63290423106626,0.001,101.63375915385258,101.63290423106626,19.084185189999996,0.0,0.0,0.0,15.94550206,15.74074074,0.0,2.77777778,2.77777778,2.77777778,0.0,2.77777778,2.77777778,2.77777778,8.33333333,19.74585416,237.90906722
14,2,101.63290423106626,0.001,101.63376045054065,101.63290423106626,19.084185189999996,0.0,0.0,0.0,15.94550206,15.74074074,0.0,2.77777778,2.77777778,2.77777778,0.0,2.77777778,2.77777778,2.77777778,8.33333333,19.74585416,237.90906722
14,3,101.63290423106626,0.001,101.63376061972859,101.63290423106626,19.084185189999996,0.0,0.0,0.0,15.94550206,15.74074074,0.0,2.77777778,2.77777778,2.77777778,0.0,2.77777778,2.77777778,2.77777778,8.33333333,19.74585416,237.90906722
14,4,101.63290423106626,0.001,101.63375469360358,108.96019058500107,19.084185189999996,0.0,0.0,0.0,15.94550206,15.74074074,0.0,2.77777778,2.77777778,2.77777778,0.0,2.77777778,2.77777778,2.77777778,8.33333333,19.74585416,237.90906722
14,5,101.63290423106626,0.001,101.63375597146195,108.55121163529982,19.084185189999996,0.0,0.0,0.0,15.94550206,15.74074074,0.0,2.77777778,2.77777778,2.77777778,0.0,2.77777778,2.77777778,2.77777778,8.33333333,19.74585416,237.90906722
14,6,101.63290423106626,0.001,101.63375969386212,101.63290423106626,19.084185189999996,0.0,0.0,0.0,15.94550206,15.74074074,0.0,2.77777778,2.77777778,2.77777778,0.0,2.77777778,2.77777778,2.77777778,8.33333333,19.74585416,237.90906722
14,7,101.63290423106626,0.001,101.63448419806754,117.44724799744391,19.084185189999996,0.0,0.0,0.0,15.94550206,15.74074074,0.0,2.77777778,2.77777778,2.77777778,0.0,2.77777778,2.77777778,2.77777778,8.33333333,19.74585416,237.90906722
14,8,101.63290423106626,0.001,101.63448717155042,120.87739910884204,19.084185189999996,0.0,0.0,0.0,15.94550206,15.74074074,0.0,2.77777778,2.77777778,2.77777778,0.0,2.77777778,2.77777778,2.77777778,8.33333333,19.74585416,237.90906722
14,9,101.63290423106626,0.001,101.6344799265499,123.00182388049272,19.084185189999996,0.0,0.0,0.0,15.94550206,15.74074074,0.0,2.77777778,2.77777778,2.77777778,0.0,2.77777778,2.77777778,2.77777778,8.33333333,19.74585416,237.90906722
14,10,101.63290423106626,0.001,101.63449566738649,101.63290423106626,19.084185189999996,0.0,0.0,0.0,15.94550206,15.74074074,0.0,2.77777778,2.77777778,2.77777778,0.0,2.77777778,2.77777778,2.77777778,8.33333333,19.74585416,237.90906722
14,11,101.63290423106626,0.001,101.63449670935962,119.29321110050199,19.084185189999996,0.0,0.0,0.0,15.94550206,15.74074074,0.0,2.77777778,2.77777778,2.77777778,0.0,2.77777778,2.77777778,2.77777778,8.33333333,19.74585416,237.90906722
14,12,101.63290423106626,0.001,101.63448963520109,119.8805368175522,19.084185189999996,0.0,0.0,0.0,15.94550206,15.74074074,0.0,2.77777778,2.77777778,2.77777778,0.0,2.77777778,2.77777778,2.77777778,8.33333333,19.74585416,237.90906722
14,13,101.63290423106626,0.001,101.634486807089,115.50535980751887,19.084185189999996,0.0,0.0,0.0,15.94550206,15.74074074,0.0,2.77777778,2.77777778,2.77777778,0.0,2.77777778,2.77777778,2.77777778,8.33333333,19.74585416,237.90906722
14,14,101.63290423106626,0.001,101.63447656595096,116.76497447638212,19.084185189999996,0.0,0.0,0.0,15.94550206,15.74074074,0.0,2.77777778,2.77777778,2.77777778,0.0,2.77777778,2.77777778,2.77777778,8.33333333,19.74585416,237.90906722
14,15,101.63290423106626,0.001,101.63336021809098,104.49328238029803,19.084185189999996,0.0,0.0,0.0,15.94550206,15.74074074,0.0,2.77777778,2.77777778,2.77777778,0.0,2.77777778,2.77777778,2.77777778,8.33333333,19.74585416,237.90906722
14,16,101.63290423106626,0.001,101.63293621880705,102.29370637954122,19.084185189999996,0.0,0.0,0.0,15.94550206,15.74074074,0.0,2.77777778,2.77777778,2.77777778,0.0,2.77777778,2.77777778,2.77777778,8.33333333,19.74585416,237.90906722
15,0,101.63290423106626,0.0001,101.63298948008458,102.13647012160764,19.084185189999996,0.0,0.0,0.0,15.94550206,15.74074074,0.0,2.77777778,2.77777778,2.77777778,0.0,2.77777778,2.77777778,2.77777778,8.33333333,19.74585416,237.90906722
15,1,101.63290423106626,0.0001,101.63298972334489,101.63290423106626,19.084185189999996,0.0,0.0,0.0,15.94550206,15.74074074,0.0,2.77777778,2.77777778,2.77777778,0.0,2.77777778,2.77777778,2.77777778,8.33333333,19.74585416,237.90906722
15,2,101.63290423106626,0.0001,101.63298985301371,101.63290423106626,19.084185189999996,0.0,0.0,0.0,15.94550206,15.74074074,0.0,2.77777778,2.77777778,2.77777778,0.0,2.77777778,2.77777778,2.77777778,8.33333333,19.74585416,237.90906722
15,3,101.63290423106626,0.0001,101.6329898699325,101.63290423106626,19.084185189999996,0.0,0.0,0.0,15.94550206,15.74074074,0.0,2.77777778,2.77777778,2.77777778,0.0,2.77777778,2.77777778,2.77777778,8.33333333,19.74585416,237.90906722
15,4,101.63290423106626,0.0001,101.63298927732001,102.06038358908482,19.084185189999996,0.0,0.0,0.0,15.94550206,15.74074074,0.0,2.77777778,2.77777778,2.77777778,0.0,2.77777778,2.77777778,2.77777778,8.33333333,19.74585416,237.90906722
15,5,101.63290423106626,0.0001,101.63298940510585,102.01948569409396,19.084185189999996,0.0,0.0,0.0,15.94550206,15.74074074,0.0,2.77777778,2.77777778,2.77777778,0.0,2.77777778,2.77777778,2.77777778,8.33333333,19.74585416,237.90906722
15,6,101.63290423106626,0.0001,101.63298977734586,101.63290423106626,19.084185189999996,0.0,0.0,0.0,15.94550206,15.74074074,0.0,2.77777778,2.77777778,2.77777778,0.0,2.77777778,2.77777778,2.77777778,8.33333333,19.74585416,237.90906722
15,7,101.63290423106626,0.0001,101.63306222776639,102.90908933029509,19.084185189999996,0.0,0.0,0.0,15.94550206,15.74074074,0.0,2.77777778,2.77777778,2.77777778,0.0,2.77777778,2.77777778,2.77777778,8.33333333,19.74585416,237.90906722
15,8,101.63290423106626,0.0001,101.63306252511467,103.25210444141581,19.084185189999996,0.0,0.0,0.0,15.94550206,15.74074074,0.0,2.77777778,2.77777778,2.77777778,0.0,2.77777778,2.77777778,2.77777778,8.33333333,19.74585416,237.90906722
15,9,101.63290423106626,0.0001,101.63306180061463,103.46454691855513,19.084185189999996,0.0,0.0,0.0,15.94550206,15.74074074,0.0,2.77777778,2.77777778,2.77777778,0.0,2.77777778,2.77777778,2.77777778,8.33333333,19.74585416,237.90906722
15,10,101.63290423106626,0.0001,101.63306337469828,101.63290423106626,19.084185189999996,0.0,0.0,0.0,15.94550206,15.74074074,0.0,2.77777778,2.77777778,2.77777778,0.0,2.77777778,2.77777778,2.77777778,8.33333333,19.74585416,237.90906722
15,11,101.63290423106626,0.0001,101.6330634788956,103.09368564065191,19.084185189999996,0.0,0.0,0.0,15.94550206,15.74074074,0.0,2.77777778,2.77777778,2.77777778,0.0,2.77777778,2.77777778,2.77777778,8.33333333,19.74585416,237.90906722
15,12,101.63290423106626,0.0001,101.63306277147974,103.15241821223697,19.084185189999996,0.0,0.0,0.0,15.94550206,15.74074074,0.0,2.77777778,2.77777778,2.77777778,0.0,2.77777778,2.77777778,2.77777778,8.33333333,19.74585416,237.90906722
15,13,101.63290423106626,0.0001,101.63306248866853,102.71490051126294,19.084185189999996,0.0,0.0,0.0,15.94550206,15.74074074,0.0,2.77777778,2.77777778,2.77777778,0.0,2.77777778,2.77777778,2.77777778,8.33333333,19.74585416,237.90906722
15,14,101.63290423106626,0.0001,101.63306146455474,102.84086197818002,19.084185189999996,0.0,0.0,0.0,15.94550206,15.74074074,0.0,2.77777778,2.77777778,2.77777778,0.0,2.77777778,2.77777778,2.77777778,8.33333333,19.74585416,237.90906722
15,15,101.63290423106626,0.0001,101.63294982976873,101.6328586323638,19.084185189999996,0.0,0.0,0.0,15.94550206,15.74074074,0.0,2.77777778,2.77777778,2.77777778,0.0,2.77777778,2.77777778,2.77777778,8.33333333,19.74585416,237.90906722
15,16,101.6328586323638,0.0001,101.63286183113787,101.71368956987646,19.084185189999996,0.0,0.0,0.0,15.94550206,15.74074074,0.0,2.77777778,2.77777778,2.77777778,0.0,2.77777778,2.77777778,2.77777778,8.33333333,19.74575416,237.90906722
16,0,101.6328586323638,0.0001,101.63294388138212,102.45642452291216,19.084185189999996,0.0,0.0,0.0,15.94550206,15.74074074,0.0,2.77777778,2.77777778,2.77777778,0.0,2.77777778,2.77777778,2.77777778,8.33333333,19.74575416,237.90906722
16,1,101.6328586323638,0.0001,101.63294412464244,101.6328586323638,19.084185189999996,0.0,0.0,0.0,15.94550206,15.74074074,0.0,2.77777778,2.77777778,2.77777778,0.0,2.77777778,2.77777778,2.77777778,8.33333333,19.74575416,237.90906722
16,2,101.6328586323638,0.0001,101.63294425431124,101.6328586323638,19.084185189999996,0.0,0.0,0.0,15.94550206,15.74074074,0.0,2.77777778,2.77777778,2.77777778,0.0,2.77777778,2.77777778,2.77777778,8.33333333,19.74575416,237.90906722
16,3,101.6328586323638,0.0001,101.63294427123004,101.6328586323638,19.084185189999996,0.0,0.0,0.0,15.94550206,15.74074074,0.0,2.77777778,2.77777778,2.77777778,0.0,2.77777778,2.77777778,2.77777778,8.33333333,19.74575416,237.90906722
16,4,101.6328586323638,0.0001,101.63294367861754,102.38033799041844,19.084185189999996,0.0,0.0,0.0,15.94550206,15.74074074,0.0,2.77777778,2.77777778,2.77777778,0.0,2.77777778,2.77777778,2.77777778,8.33333333,19.74575416,237.90906722
16,5,101.6328586323638,0.0001,101.63294380640336,102.33944009539847,19.084185189999996,0.0,0.0,0.0,15.94550206,15.74074074,0.0,2.77777778,2.77777778,2.77777778,0.0,2.77777778,2.77777778,2.77777778,8.33333333,19.74575416,237.90906722
16,6,101.6328586323638,0.0001,101.6329441786434,101.6328586323638,19.084185189999996,0.0,0.0,0.0,15.94550206,15.74074074,0.0,2.77777778,2.77777778,2.77777778,0.0,2.77777778,2.77777778,2.77777778,8.33333333,19.74575416,237.90906722
16,7,101.6328586323638,0.0001,101.6330166290639,103.22904373159962,19.084185189999996,0.0,0.0,0.0,15.94550206,15.74074074,0.0,2.77777778,2.77777778,2.77777778,0.0,2.77777778,2.77777778,2.77777778,8.33333333,19.74575416,237.90906722
16,8,101.6328586323638,0.0001,101.6330169264122,103.57205884273488,19.084185189999996,0.0,0.0,0.0,15.94550206,15.74074074,0.0,2.77777778,2.77777778,2.77777778,0.0,2.77777778,2.77777778,2.77777778,8.33333333,19.74575416,237.90906722
16,9,101.6328586323638,0.0001,101.63301620191214,103.78450131985966,19.084185189999996,0.0,0.0,0.0,15.94550206,15.74074074,0.0,2.77777778,2.77777778,2.77777778,0.0,2.77777778,2.77777778,2.77777778,8.33333333,19.74575416,237.90906722
16,10,101.6328586323638,0.0001,101.63301777599581,101.6328586323638,19.084185189999996,0.0,0.0,0.0,15.94550206,15.74074074,0.0,2.77777778,2.77777778,2.77777778,0.0,2.77777778,2.77777778,2.77777778,8.33333333,19.74575416,237.90906722
16,11,101.6328586323638,0.0001,101.63301788019312,103.41364004195643,19.084185189999996,0.0,0.0,0.0,15.94550206,15.74074074,0.0,2.77777778,2.77777778,2.77777778,0.0,2.77777778,2.77777778,2.77777778,8.33333333,19.74575416,237.90906722
16,12,101.6328586323638,0.0001,101.63301717277727,103.47237261354148,19.084185189999996,0.0,0.0,0.0,15.94550206,15.74074074,0.0,2.77777778,2.77777778,2.77777778,0.0,2.77777778,2.77777778,2.77777778,8.33333333,19.74575416,237.90906722
16,13,101.6328586323638,0.0001,101.63301688996607,103.03485491259654,19.084185189999996,0.0,0.0,0.0,15.94550206,15.74074074,0.0,2.77777778,2.77777778,2.77777778,0.0,2.77777778,2.77777778,2.77777778,8.33333333,19.74575416,237.90906722
16,14,101.6328586323638,0.0001,101.63301586585226,103.16081637948452,19.084185189999996,0.0,0.0,0.0,15.94550206,15.74074074,0.0,2.77777778,2.77777778,2.77777778,0.0,2.77777778,2.77777778,2.77777778,8.33333333,19.74575416,237.90906722
16,15,101.6328586323638,0.0001,101.63290423106626,101.93364716986191,19.084185189999996,0.0,0.0,0.0,15.94550206,15.74074074,0.0,2.77777778,2.77777778,2.77777778,0.0,2.77777778,2.77777778,2.77777778,8.33333333,19.74575416,237.90906722
16,16,101.6328586323638,0.0001,101.63286183113787,101.71368956987646,19.084185189999996,0.0,0.0,0.0,15.94550206,15.74074074,0.0,2.77777778,2.77777778,2.77777778,0.0,2.77777778,2.77777778,2.77777778,8.33333333,19.74575416,237.90906722
17,0,101.6328586323638,1e-05,101.63286715726562,101.69796594404237,19.084185189999996,0.0,0.0,0.0,15.94550206,15.74074074,0.0,2.77777778,2.77777778,2.77777778,0.0,2.77777778,2.77777778,2.77777778,8.33333333,19.74575416,237.90906722
17,1,101.6328586323638,1e-05,101.63286718159166,101.6328586323638,19.084185189999996,0.0,0.0,0.0,15.94550206,15.74074074,0.0,2.77777778,2.77777778,2.77777778,0.0,2.77777778,2.77777778,2.77777778,8.33333333,19.74575416,237.90906722
17,2,101.6328586323638,1e-05,101.63286719455854,101.6328586323638,19.084185189999996,0.0,0.0,0.0,15.94550206,15.74074074,0.0,2.77777778,2.77777778,2.77777778,0.0,2.77777778,2.77777778,2.77777778,8.33333333,19.74575416,237.90906722
17,3,101.6328586323638,1e-05,101.63286719625042,101.6328586323638,19.084185189999996,0.0,0.0,0.0,15.94550206,15.74074074,0.0,2.77777778,2.77777778,2.77777778,0.0,2.77777778,2.77777778,2.77777778,8.33333333,19.74575416,237.90906722
17,4,101.6328586323638,1e-05,101.63286713698918,101.69035729080717,19.084185189999996,0.0,0.0,0.0,15.94550206,15.74074074,0.0,2.77777778,2.77777778,2.77777778,0.0,2.77777778,2.77777778,2.77777778,8.33333333,19.74575416,237.90906722
17,5,101.6328586323638,1e-05,101.63286714976773,101.68626750127281,19.084185189999996,0.0,0.0,0.0,15.94550206,15.74074074,0.0,2.77777778,2.77777778,2.77777778,0.0,2.77777778,2.77777778,2.77777778,8.33333333,19.74575416,237.90906722
17,6,101.6328586323638,1e-05,101.63286718699175,101.6328586323638,19.084185189999996,0.0,0.0,0.0,15.94550206,15.74074074,0.0,2.77777778,2.77777778,2.77777778,0.0,2.77777778,2.77777778,2.77777778,8.33333333,19.74575416,237.90906722
17,7,101.6328586323638,1e-05,101.6328744320338,101.77522786484043,19.084185189999996,0.0,0.0,0.0,15.94550206,15.74074074,0.0,2.77777778,2.77777778,2.77777778,0.0,2.77777778,2.77777778,2.77777778,8.33333333,19.74575416,237.90906722
17,8,101.6328586323638,1e-05,101.63287446176864,101.80952937609456,19.084185189999996,0.0,0.0,0.0,15.94550206,15.74074074,0.0,2.77777778,2.77777778,2.77777778,0.0,2.77777778,2.77777778,2.77777778,8.33333333,19.74575416,237.90906722
17,9,101.6328586323638,1e-05,101.63287438931863,101.83077362382559,19.084185189999996,0.0,0.0,0.0,15.94550206,15.74074074,0.0,2.77777778,2.77777778,2.77777778,0.0,2.77777778,2.77777778,2.77777778,8.33333333,19.74575416,237.90906722
17,10,101.6328586323638,1e-05,101.63287454672701,101.6328586323638,19.084185189999996,0.0,0.0,0.0,15.94550206,15.74074074,0.0,2.77777778,2.77777778,2.77777778,0.0,2.77777778,2.77777778,2.77777778,8.33333333,19.74575416,237.90906722
17,11,101.6328586323638,1e-05,101.63287455714672,101.79368749588039,19.084185189999996,0.0,0.0,0.0,15.94550206,15.74074074,0.0,2.77777778,2.77777778,2.77777778,0.0,2.77777778,2.77777778,2.77777778,8.33333333,19.74575416,237.90906722
17,12,101.6328586323638,1e-05,101.63287448640514,101.79956075323943,19.084185189999996,0.0,0.0,0.0,15.94550206,15.74074074,0.0,2.77777778,2.77777778,2.77777778,0.0,2.77777778,2.77777778,2.77777778,8.33333333,19.74575416,237.90906722
17,13,101.6328586323638,1e-05,101.63287445812404,101.7558089830277,19.084185189999996,0.0,0.0,0.0,15.94550206,15.74074074,0.0,2.77777778,2.77777778,2.77777778,0.0,2.77777778,2.77777778,2.77777778,8.33333333,19.74575416,237.90906722
17,14,101.6328586323638,1e-05,101.63287435571266,101.76840512970378,19.084185189999996,0.0,0.0,0.0,15.94550206,15.74074074,0.0,2.77777778,2.77777778,2.77777778,0.0,2.77777778,2.77777778,2.77777778,8.33333333,19.74575416,237.90906722
17,15,101.6328586323638,1e-05,101.63286319223404,101.64568820875189,19.084185189999996,0.0,0.0,0.0,15.94550206,15.74074074,0.0,2.77777778,2.77777778,2.77777778,0.0,2.77777778,2.77777778,2.77777778,8.33333333,19.74575416,237.90906722
17,16,101.6328586323638,1e-05,101.63285895224121,101.6328583124864,19.084185189999996,0.0,0.0,0.0,15.94550206,15.74074074,0.0,2.77777778,2.77777778,2.77777778,0.0,2.77777778,2.77777778,2.77777778,8.33333333,19.74575416,237.90906722
