Date & time,Operational demand (original),Operational demand (adjusted),Hydropower,Biomass,Solar photovoltaics,Wind,eventWind,PHES-power,Energy deficit,Energy spillage,PHES-Charge,PHES-Storage,eventDeficit,eventStorage,eventPHES-power,eventPHES-Charge,eventSpillage,FNQ-QLD,NSW-QLD,NSW-SA,NSW-VIC,NT-SA,SA-WA,TAS-VIC,eventH&B
Tue -20 Jun 2028 10:00,50377.0,50377.0,1000.0,0.0,194202.0,9.0,0.0,0.0,0.0,-58336.0,-86499.0,844718.0,0.0,844718.0,0.0,-86499.0,-58336.0,0.0,23984.0,-96048.0,31001.0,0.0,0.0,-1836.0,1000.0
Tue -20 Jun 2028 10:30,48215.0,48215.0,1000.0,0.0,193044.0,10.0,0.0,0.0,0.0,-59340.0,-86499.0,879317.0,0.0,879317.0,0.0,-86499.0,-59340.0,0.0,23146.0,-94235.0,30826.0,0.0,0.0,-1726.0,1000.0
Tue -20 Jun 2028 11:00,48390.0,48390.0,1000.0,0.0,193044.0,10.0,0.0,0.0,0.0,-59165.0,-86499.0,913917.0,0.0,913917.0,0.0,-86499.0,-59165.0,0.0,23251.0,-94524.0,30944.0,0.0,0.0,-1719.0,1000.0
Tue -20 Jun 2028 11:30,47082.0,47082.0,1000.0,0.0,187546.0,10.0,0.0,0.0,0.0,-54975.0,-86499.0,948516.0,0.0,948516.0,0.0,-86499.0,-54975.0,0.0,23339.0,-93481.0,30305.0,0.0,0.0,-1657.0,1000.0
Tue -20 Jun 2028 12:00,47648.0,47648.0,1000.0,0.0,187546.0,10.0,0.0,0.0,0.0,-54410.0,-86499.0,983116.0,0.0,983116.0,0.0,-86499.0,-54410.0,0.0,23448.0,-93804.0,30230.0,0.0,0.0,-1672.0,1000.0
Tue -20 Jun 2028 12:30,46866.0,46866.0,1000.0,0.0,171711.0,11.0,0.0,0.0,0.0,-39357.0,-86499.0,1017715.0,0.0,1017715.0,0.0,-86499.0,-39357.0,0.0,23831.0,-90182.0,26471.0,0.0,0.0,-1620.0,1000.0
Tue -20 Jun 2028 13:00,47153.0,47153.0,1000.0,0.0,171711.0,11.0,0.0,0.0,0.0,-39070.0,-86499.0,1052314.0,0.0,1052314.0,0.0,-86499.0,-39070.0,0.0,23924.0,-90404.0,26369.0,0.0,0.0,-1541.0,1000.0
Tue -20 Jun 2028 13:30,46835.0,46835.0,1000.0,0.0,137691.0,11.0,0.0,0.0,0.0,-5368.0,-86499.0,1086914.0,0.0,1086914.0,0.0,-86499.0,-5368.0,0.0,24738.0,-78453.0,13753.0,0.0,0.0,-1598.0,1000.0
Tue -20 Jun 2028 14:00,49603.0,49603.0,1000.0,0.0,137691.0,10.0,0.0,0.0,0.0,-8225.0,-80872.0,1119263.0,0.0,1119263.0,0.0,-80872.0,-8225.0,0.0,24629.0,-79142.0,14942.0,0.0,0.0,-1648.0,1000.0
Tue -20 Jun 2028 14:30,51256.0,51256.0,1000.0,0.0,100682.0,9.0,0.0,0.0,0.0,-50435.0,-0.0,1119263.0,0.0,1119263.0,0.0,-0.0,-50435.0,0.0,14867.0,-61199.0,28691.0,0.0,0.0,-1018.0,7781.0
Tue -20 Jun 2028 15:00,54565.0,54565.0,1000.0,0.0,100682.0,9.0,0.0,0.0,0.0,-47126.0,-0.0,1119263.0,0.0,1119263.0,0.0,-0.0,-47126.0,0.0,15404.0,-61742.0,27373.0,0.0,0.0,-1112.0,7781.0
Tue -20 Jun 2028 15:30,56417.0,56417.0,7173.0,609.0,6836.0,9.0,0.0,41791.0,0.0,0.0,0.0,1098367.0,0.0,1098367.0,41791.0,-0.0,-0.0,0.0,6642.0,-12948.0,741.0,0.0,0.0,512.0,7781.0
Tue -20 Jun 2028 16:00,58665.0,58665.0,7173.0,609.0,6836.0,9.0,0.0,44039.0,0.0,0.0,0.0,1076348.0,0.0,1076348.0,44039.0,-0.0,-0.0,0.0,6683.0,-13271.0,777.0,0.0,0.0,449.0,7781.0
Tue -20 Jun 2028 16:30,59208.0,59208.0,7173.0,609.0,0.0,9.0,0.0,51418.0,0.0,0.0,0.0,1050639.0,0.0,1050639.0,51418.0,-0.0,-0.0,0.0,5528.0,-8252.0,-1304.0,0.0,0.0,451.0,7781.0
Tue -20 Jun 2028 17:00,62385.0,62385.0,7173.0,609.0,0.0,9.0,0.0,54595.0,0.0,0.0,0.0,1023341.0,0.0,1023341.0,54595.0,-0.0,-0.0,0.0,5733.0,-8969.0,-1154.0,0.0,0.0,309.0,7781.0
Tue -20 Jun 2028 17:30,63154.0,63154.0,7173.0,609.0,0.0,9.0,0.0,55364.0,0.0,0.0,0.0,995659.0,0.0,995659.0,55364.0,-0.0,-0.0,0.0,5777.0,-8881.0,-1381.0,0.0,0.0,278.0,7781.0
Tue -20 Jun 2028 18:00,61148.0,61148.0,7173.0,609.0,0.0,9.0,0.0,53357.0,0.0,0.0,0.0,968981.0,0.0,968981.0,53357.0,-0.0,-0.0,0.0,5596.0,-8309.0,-1506.0,0.0,0.0,297.0,7781.0
Tue -20 Jun 2028 18:30,56944.0,56944.0,7173.0,609.0,0.0,9.0,0.0,49153.0,0.0,0.0,0.0,944404.0,0.0,944404.0,49153.0,-0.0,-0.0,0.0,5252.0,-7489.0,-1645.0,0.0,0.0,369.0,7781.0
Tue -20 Jun 2028 19:00,53429.0,53429.0,7173.0,609.0,0.0,9.0,0.0,45638.0,0.0,0.0,0.0,921585.0,0.0,921585.0,45638.0,-0.0,-0.0,0.0,4955.0,-6981.0,-1411.0,0.0,0.0,454.0,7781.0
Tue -20 Jun 2028 19:30,49900.0,49900.0,7173.0,609.0,0.0,9.0,0.0,42110.0,0.0,0.0,0.0,900530.0,0.0,900530.0,42110.0,-0.0,-0.0,0.0,4663.0,-6438.0,-1375.0,0.0,0.0,511.0,7781.0
Tue -20 Jun 2028 20:00,47357.0,47357.0,7173.0,609.0,0.0,9.0,0.0,39566.0,0.0,0.0,0.0,880747.0,0.0,880747.0,39566.0,-0.0,-0.0,0.0,4536.0,-6115.0,-1276.0,0.0,0.0,552.0,7781.0
Tue -20 Jun 2028 20:30,46121.0,46121.0,7173.0,609.0,0.0,9.0,0.0,38331.0,0.0,0.0,0.0,861582.0,0.0,861582.0,38331.0,-0.0,-0.0,0.0,4474.0,-6055.0,-1099.0,0.0,0.0,583.0,7781.0
Tue -20 Jun 2028 21:00,44558.0,44558.0,7173.0,609.0,0.0,9.0,0.0,36767.0,0.0,0.0,0.0,843198.0,0.0,843198.0,36767.0,-0.0,-0.0,0.0,4353.0,-5779.0,-1004.0,0.0,0.0,624.0,7781.0
Tue -20 Jun 2028 21:30,42967.0,42967.0,7173.0,609.0,0.0,10.0,0.0,35176.0,0.0,0.0,0.0,825611.0,0.0,825611.0,35176.0,-0.0,-0.0,0.0,4291.0,-5549.0,-993.0,0.0,0.0,673.0,7781.0
Tue -20 Jun 2028 22:00,41540.0,41540.0,7173.0,609.0,0.0,10.0,0.0,33749.0,0.0,0.0,0.0,808736.0,0.0,808736.0,33749.0,-0.0,-0.0,0.0,4061.0,-5355.0,-882.0,0.0,0.0,735.0,7781.0
Tue -20 Jun 2028 22:30,39771.0,39771.0,7173.0,609.0,0.0,11.0,0.0,31979.0,0.0,0.0,0.0,792747.0,0.0,792747.0,31979.0,-0.0,-0.0,0.0,3976.0,-5091.0,-861.0,0.0,0.0,795.0,7781.0
Tue -20 Jun 2028 23:00,38867.0,38867.0,7173.0,609.0,0.0,11.0,0.0,31075.0,0.0,0.0,0.0,777209.0,0.0,777209.0,31075.0,-0.0,-0.0,0.0,3805.0,-5038.0,-613.0,0.0,0.0,829.0,7781.0
Tue -20 Jun 2028 23:30,39637.0,39637.0,7173.0,609.0,0.0,11.0,0.0,31845.0,0.0,0.0,0.0,761287.0,0.0,761287.0,31845.0,-0.0,-0.0,0.0,3804.0,-4741.0,-778.0,0.0,0.0,876.0,7781.0
Wed -21 Jun 2028 00:00,35722.0,35722.0,7173.0,609.0,0.0,9.0,0.0,27932.0,0.0,0.0,0.0,747321.0,0.0,747321.0,27932.0,-0.0,-0.0,0.0,3615.0,-4165.0,-752.0,0.0,0.0,954.0,7781.0
Wed -21 Jun 2028 00:30,34670.0,34670.0,7173.0,609.0,0.0,9.0,0.0,26879.0,0.0,0.0,0.0,733882.0,0.0,733882.0,26879.0,-0.0,-0.0,0.0,3556.0,-4086.0,-748.0,0.0,0.0,973.0,7781.0
Wed -21 Jun 2028 01:00,33708.0,33708.0,7173.0,609.0,0.0,9.0,0.0,25918.0,0.0,0.0,0.0,720923.0,0.0,720923.0,25918.0,-0.0,-0.0,0.0,3487.0,-3982.0,-768.0,0.0,0.0,975.0,7781.0
Wed -21 Jun 2028 01:30,33099.0,33099.0,7173.0,609.0,0.0,9.0,0.0,25309.0,0.0,0.0,0.0,708269.0,0.0,708269.0,25309.0,-0.0,-0.0,0.0,3445.0,-3933.0,-745.0,0.0,0.0,972.0,7781.0
Wed -21 Jun 2028 02:00,32364.0,32364.0,7173.0,609.0,0.0,9.0,0.0,24574.0,0.0,0.0,0.0,695982.0,0.0,695982.0,24574.0,-0.0,-0.0,0.0,3484.0,-3814.0,-739.0,0.0,0.0,965.0,7781.0
Wed -21 Jun 2028 02:30,31740.0,31740.0,7173.0,609.0,0.0,9.0,0.0,23950.0,0.0,0.0,0.0,684007.0,0.0,684007.0,23950.0,-0.0,-0.0,0.0,3514.0,-3716.0,-734.0,0.0,0.0,958.0,7781.0
Wed -21 Jun 2028 03:00,31542.0,31542.0,7173.0,609.0,0.0,9.0,0.0,23752.0,0.0,0.0,0.0,672131.0,0.0,672131.0,23752.0,-0.0,-0.0,0.0,3567.0,-3718.0,-693.0,0.0,0.0,951.0,7781.0
Wed -21 Jun 2028 03:30,31459.0,31459.0,7173.0,609.0,0.0,9.0,0.0,23669.0,0.0,0.0,0.0,660296.0,0.0,660296.0,23669.0,-0.0,-0.0,0.0,3639.0,-3698.0,-707.0,0.0,0.0,947.0,7781.0
Wed -21 Jun 2028 04:00,31945.0,31945.0,7173.0,609.0,0.0,9.0,0.0,24155.0,0.0,0.0,0.0,648219.0,0.0,648219.0,24155.0,-0.0,-0.0,0.0,3743.0,-3831.0,-688.0,0.0,0.0,928.0,7781.0
Wed -21 Jun 2028 04:30,33578.0,33578.0,7173.0,609.0,0.0,9.0,0.0,25788.0,0.0,0.0,0.0,635325.0,0.0,635325.0,25788.0,-0.0,-0.0,0.0,3943.0,-4180.0,-662.0,0.0,0.0,897.0,7781.0
Wed -21 Jun 2028 05:00,35829.0,35829.0,7173.0,609.0,0.0,9.0,0.0,28039.0,0.0,0.0,0.0,621305.0,0.0,621305.0,28039.0,-0.0,-0.0,0.0,4189.0,-4593.0,-685.0,0.0,0.0,847.0,7781.0
Wed -21 Jun 2028 05:30,38068.0,38068.0,7173.0,609.0,0.0,8.0,0.0,30278.0,0.0,0.0,0.0,606166.0,0.0,606166.0,30278.0,-0.0,-0.0,0.0,4447.0,-4996.0,-695.0,0.0,0.0,823.0,7781.0
Wed -21 Jun 2028 06:00,42085.0,42085.0,7173.0,609.0,0.0,8.0,0.0,34296.0,0.0,0.0,0.0,589018.0,0.0,589018.0,34296.0,-0.0,-0.0,0.0,4709.0,-5705.0,-648.0,0.0,0.0,720.0,7781.0
Wed -21 Jun 2028 06:30,47048.0,47048.0,7173.0,609.0,64803.0,8.0,0.0,0.0,0.0,0.0,-25544.0,599236.0,0.0,599236.0,0.0,-25544.0,-0.0,0.0,13727.0,-34313.0,324.0,0.0,0.0,13.0,7781.0
Wed -21 Jun 2028 07:00,50981.0,50981.0,7173.0,609.0,64803.0,8.0,0.0,0.0,0.0,0.0,-21611.0,607880.0,0.0,607880.0,0.0,-21611.0,-0.0,0.0,13844.0,-34881.0,495.0,0.0,0.0,-135.0,7781.0
Wed -21 Jun 2028 07:30,55536.0,55536.0,7173.0,609.0,131852.0,8.0,0.0,0.0,0.0,0.0,-84105.0,641523.0,0.0,641523.0,0.0,-84105.0,-0.0,0.0,21361.0,-70137.0,9159.0,0.0,0.0,-806.0,7781.0
Wed -21 Jun 2028 08:00,57226.0,57226.0,7173.0,609.0,131852.0,8.0,0.0,0.0,0.0,0.0,-82415.0,674489.0,0.0,674489.0,0.0,-82415.0,-0.0,0.0,21233.0,-70127.0,9163.0,0.0,0.0,-807.0,7781.0
Wed -21 Jun 2028 08:30,56242.0,56242.0,1000.0,0.0,163589.0,8.0,0.0,0.0,0.0,-21856.0,-86499.0,709088.0,0.0,709088.0,0.0,-86499.0,-21856.0,0.0,19736.0,-82836.0,20215.0,0.0,0.0,-2090.0,1000.0
Wed -21 Jun 2028 09:00,50329.0,50329.0,1000.0,0.0,163589.0,8.0,0.0,0.0,0.0,-27769.0,-86499.0,743688.0,0.0,743688.0,0.0,-86499.0,-27769.0,0.0,19374.0,-80675.0,20322.0,0.0,0.0,-1825.0,1000.0
Wed -21 Jun 2028 09:30,46856.0,46856.0,1000.0,0.0,186738.0,8.0,0.0,0.0,0.0,-54391.0,-86499.0,778287.0,0.0,778287.0,0.0,-86499.0,-54391.0,0.0,20327.0,-89991.0,29889.0,0.0,0.0,-1721.0,1000.0
Wed -21 Jun 2028 10:00,44767.0,44767.0,1000.0,0.0,186738.0,8.0,0.0,0.0,0.0,-56480.0,-86499.0,812887.0,0.0,812887.0,0.0,-86499.0,-56480.0,0.0,20438.0,-89598.0,30079.0,0.0,0.0,-1621.0,1000.0
Wed -21 Jun 2028 10:30,42591.0,42591.0,1000.0,0.0,179933.0,9.0,0.0,0.0,0.0,-51852.0,-86499.0,847486.0,0.0,847486.0,0.0,-86499.0,-51852.0,0.0,20765.0,-87620.0,28607.0,0.0,0.0,-1566.0,1000.0
Wed -21 Jun 2028 11:00,42757.0,42757.0,1000.0,0.0,179933.0,9.0,0.0,0.0,0.0,-51686.0,-86499.0,882086.0,0.0,882086.0,0.0,-86499.0,-51686.0,0.0,20850.0,-87890.0,28675.0,0.0,0.0,-1578.0,1000.0
Wed -21 Jun 2028 11:30,41716.0,41716.0,1000.0,0.0,174454.0,9.0,0.0,0.0,0.0,-47247.0,-86499.0,916685.0,0.0,916685.0,0.0,-86499.0,-47247.0,0.0,14446.0,-75874.0,23503.0,0.0,0.0,-1531.0,1000.0
Wed -21 Jun 2028 12:00,42324.0,42324.0,1000.0,0.0,174454.0,9.0,0.0,0.0,0.0,-46640.0,-86499.0,951285.0,0.0,951285.0,0.0,-86499.0,-46640.0,0.0,14581.0,-76217.0,23396.0,0.0,0.0,-1542.0,1000.0
Wed -21 Jun 2028 12:30,41803.0,41803.0,1000.0,0.0,155891.0,8.0,0.0,0.0,0.0,-28598.0,-86499.0,985884.0,0.0,985884.0,0.0,-86499.0,-28598.0,0.0,14462.0,-70607.0,18126.0,0.0,0.0,-1521.0,1000.0
Wed -21 Jun 2028 13:00,42555.0,42555.0,1000.0,0.0,155891.0,8.0,0.0,0.0,0.0,-27846.0,-86499.0,1020484.0,0.0,1020484.0,0.0,-86499.0,-27846.0,0.0,14474.0,-70946.0,18130.0,0.0,0.0,-1540.0,1000.0
Wed -21 Jun 2028 13:30,42540.0,42540.0,1000.0,0.0,137356.0,8.0,0.0,0.0,0.0,-9325.0,-86499.0,1055083.0,0.0,1055083.0,0.0,-86499.0,-9325.0,0.0,18904.0,-70627.0,13358.0,0.0,0.0,-1519.0,1000.0
Wed -21 Jun 2028 14:00,45549.0,45549.0,1000.0,0.0,137356.0,11.0,0.0,0.0,0.0,-6319.0,-86499.0,1089683.0,0.0,1089683.0,0.0,-86499.0,-6319.0,0.0,19404.0,-71983.0,13014.0,0.0,0.0,-1608.0,1000.0
Wed -21 Jun 2028 14:30,47371.0,47371.0,7173.0,609.0,101265.0,11.0,0.0,0.0,0.0,0.0,-61686.0,1114357.0,0.0,1114357.0,0.0,-61686.0,-0.0,0.0,16383.0,-54473.0,7349.0,0.0,0.0,-129.0,7781.0
Wed -21 Jun 2028 15:00,50734.0,50734.0,1000.0,0.0,101265.0,11.0,0.0,0.0,0.0,-39277.0,-12264.0,1119263.0,0.0,1119263.0,0.0,-12264.0,-39277.0,0.0,14150.0,-50048.0,15132.0,0.0,0.0,-1087.0,7781.0
Wed -21 Jun 2028 15:30,52899.0,52899.0,7173.0,609.0,2529.0,10.0,0.0,42578.0,0.0,0.0,0.0,1097973.0,0.0,1097973.0,42578.0,-0.0,-0.0,0.0,5761.0,-8749.0,-687.0,0.0,0.0,621.0,7781.0
Wed -21 Jun 2028 16:00,54826.0,54826.0,7173.0,609.0,2529.0,10.0,0.0,44505.0,0.0,0.0,0.0,1075721.0,0.0,1075721.0,44505.0,-0.0,-0.0,0.0,5835.0,-9026.0,-623.0,0.0,0.0,545.0,7781.0
Wed -21 Jun 2028 16:30,55228.0,55228.0,7173.0,609.0,0.0,10.0,0.0,47437.0,0.0,0.0,0.0,1052003.0,0.0,1052003.0,47437.0,-0.0,-0.0,0.0,5414.0,-7359.0,-1231.0,0.0,0.0,517.0,7781.0
Wed -21 Jun 2028 17:00,57731.0,57731.0,7173.0,609.0,0.0,10.0,0.0,49940.0,0.0,0.0,0.0,1027033.0,0.0,1027033.0,49940.0,-0.0,-0.0,0.0,5546.0,-7944.0,-1016.0,0.0,0.0,392.0,7781.0
Wed -21 Jun 2028 17:30,58001.0,58001.0,7173.0,609.0,0.0,10.0,0.0,50210.0,0.0,0.0,0.0,1001928.0,0.0,1001928.0,50210.0,-0.0,-0.0,0.0,5558.0,-7953.0,-1155.0,0.0,0.0,378.0,7781.0
Wed -21 Jun 2028 18:00,55741.0,55741.0,7173.0,609.0,0.0,10.0,0.0,47950.0,0.0,0.0,0.0,977953.0,0.0,977953.0,47950.0,-0.0,-0.0,0.0,5401.0,-7361.0,-1340.0,0.0,0.0,418.0,7781.0
Wed -21 Jun 2028 18:30,51989.0,51989.0,7173.0,609.0,0.0,10.0,0.0,44198.0,0.0,0.0,0.0,955854.0,0.0,955854.0,44198.0,-0.0,-0.0,0.0,5101.0,-6473.0,-1542.0,0.0,0.0,493.0,7781.0
Wed -21 Jun 2028 19:00,48396.0,48396.0,7173.0,609.0,0.0,10.0,0.0,40605.0,0.0,0.0,0.0,935551.0,0.0,935551.0,40605.0,-0.0,-0.0,0.0,4962.0,-5944.0,-1623.0,0.0,0.0,561.0,7781.0
Wed -21 Jun 2028 19:30,45203.0,45203.0,7173.0,609.0,0.0,10.0,0.0,37412.0,0.0,0.0,0.0,916846.0,0.0,916846.0,37412.0,-0.0,-0.0,0.0,4827.0,-5468.0,-1675.0,0.0,0.0,620.0,7781.0
Wed -21 Jun 2028 20:00,42673.0,42673.0,7173.0,609.0,0.0,10.0,0.0,34882.0,0.0,0.0,0.0,899405.0,0.0,899405.0,34882.0,-0.0,-0.0,0.0,4774.0,-5121.0,-1751.0,0.0,0.0,658.0,7781.0
Wed -21 Jun 2028 20:30,41362.0,41362.0,7173.0,609.0,0.0,10.0,0.0,33570.0,0.0,0.0,0.0,882620.0,0.0,882620.0,33570.0,-0.0,-0.0,0.0,4672.0,-4998.0,-1713.0,0.0,0.0,689.0,7781.0
Wed -21 Jun 2028 21:00,39707.0,39707.0,7173.0,609.0,0.0,10.0,0.0,31915.0,0.0,0.0,0.0,866662.0,0.0,866662.0,31915.0,-0.0,-0.0,0.0,4603.0,-4708.0,-1776.0,0.0,0.0,707.0,7781.0
Wed -21 Jun 2028 21:30,38234.0,38234.0,7173.0,609.0,0.0,10.0,0.0,30442.0,0.0,0.0,0.0,851441.0,0.0,851441.0,30442.0,-0.0,-0.0,0.0,4492.0,-4485.0,-1760.0,0.0,0.0,755.0,7781.0
Wed -21 Jun 2028 22:00,36639.0,36639.0,7173.0,609.0,0.0,10.0,0.0,28847.0,0.0,0.0,0.0,837017.0,0.0,837017.0,28847.0,-0.0,-0.0,0.0,4306.0,-4204.0,-1892.0,0.0,0.0,816.0,7781.0
Wed -21 Jun 2028 22:30,35057.0,35057.0,7173.0,609.0,0.0,10.0,0.0,27266.0,0.0,0.0,0.0,823385.0,0.0,823385.0,27266.0,-0.0,-0.0,0.0,4170.0,-3969.0,-1883.0,0.0,0.0,918.0,7781.0
Wed -21 Jun 2028 23:00,34232.0,34232.0,7173.0,609.0,0.0,10.0,0.0,26441.0,0.0,0.0,0.0,810164.0,0.0,810164.0,26441.0,-0.0,-0.0,0.0,4029.0,-3919.0,-1665.0,0.0,0.0,981.0,7781.0
Wed -21 Jun 2028 23:30,34860.0,34860.0,7173.0,609.0,0.0,9.0,0.0,27069.0,0.0,0.0,0.0,796630.0,0.0,796630.0,27069.0,-0.0,-0.0,0.0,4100.0,-3825.0,-1783.0,0.0,0.0,1020.0,7781.0
Thu -22 Jun 2028 00:00,34267.0,34267.0,7173.0,609.0,0.0,9.0,0.0,26476.0,0.0,0.0,0.0,783392.0,0.0,783392.0,26476.0,-0.0,-0.0,0.0,4575.0,-3890.0,-2106.0,0.0,0.0,1061.0,7781.0
Thu -22 Jun 2028 00:30,33354.0,33354.0,7173.0,609.0,0.0,9.0,0.0,25564.0,0.0,0.0,0.0,770610.0,0.0,770610.0,25564.0,-0.0,-0.0,0.0,4490.0,-3720.0,-2151.0,0.0,0.0,1089.0,7781.0
Thu -22 Jun 2028 01:00,32286.0,32286.0,7173.0,609.0,0.0,9.0,0.0,24495.0,0.0,0.0,0.0,758362.0,0.0,758362.0,24495.0,-0.0,-0.0,0.0,4392.0,-3614.0,-2181.0,0.0,0.0,1100.0,7781.0
Thu -22 Jun 2028 01:30,31594.0,31594.0,7173.0,609.0,0.0,9.0,0.0,23804.0,0.0,0.0,0.0,746460.0,0.0,746460.0,23804.0,-0.0,-0.0,0.0,4345.0,-3578.0,-2157.0,0.0,0.0,1105.0,7781.0
Thu -22 Jun 2028 02:00,30934.0,30934.0,7173.0,609.0,0.0,9.0,0.0,23143.0,0.0,0.0,0.0,734888.0,0.0,734888.0,23143.0,-0.0,-0.0,0.0,4346.0,-3488.0,-2109.0,0.0,0.0,1082.0,7781.0
Thu -22 Jun 2028 02:30,30446.0,30446.0,7173.0,609.0,0.0,9.0,0.0,22655.0,0.0,0.0,0.0,723561.0,0.0,723561.0,22655.0,-0.0,-0.0,0.0,4385.0,-3433.0,-2053.0,0.0,0.0,1035.0,7781.0
Thu -22 Jun 2028 03:00,30368.0,30368.0,7173.0,609.0,0.0,9.0,0.0,22578.0,0.0,0.0,0.0,712272.0,0.0,712272.0,22578.0,-0.0,-0.0,0.0,4412.0,-3453.0,-1997.0,0.0,0.0,1021.0,7781.0
Thu -22 Jun 2028 03:30,30264.0,30264.0,7173.0,609.0,0.0,8.0,0.0,22474.0,0.0,0.0,0.0,701035.0,0.0,701035.0,22474.0,-0.0,-0.0,0.0,4447.0,-3434.0,-1975.0,0.0,0.0,1017.0,7781.0
Thu -22 Jun 2028 04:00,30771.0,30771.0,7173.0,609.0,0.0,8.0,0.0,22981.0,0.0,0.0,0.0,689544.0,0.0,689544.0,22981.0,-0.0,-0.0,0.0,4577.0,-3572.0,-2025.0,0.0,0.0,1097.0,7781.0
Thu -22 Jun 2028 04:30,32417.0,32417.0,7173.0,609.0,0.0,8.0,0.0,24627.0,0.0,0.0,0.0,677230.0,0.0,677230.0,24627.0,-0.0,-0.0,0.0,4802.0,-3914.0,-2036.0,0.0,0.0,1081.0,7781.0
Thu -22 Jun 2028 05:00,34826.0,34826.0,7173.0,609.0,0.0,8.0,0.0,27036.0,0.0,0.0,0.0,663712.0,0.0,663712.0,27036.0,-0.0,-0.0,0.0,5048.0,-4365.0,-2036.0,0.0,0.0,995.0,7781.0
Thu -22 Jun 2028 05:30,37240.0,37240.0,7173.0,609.0,0.0,8.0,0.0,29451.0,0.0,0.0,0.0,648987.0,0.0,648987.0,29451.0,-0.0,-0.0,0.0,5376.0,-4829.0,-2050.0,0.0,0.0,902.0,7781.0
Thu -22 Jun 2028 06:00,41483.0,41483.0,7173.0,609.0,0.0,8.0,0.0,33693.0,0.0,0.0,0.0,632141.0,0.0,632141.0,33693.0,-0.0,-0.0,0.0,5762.0,-5587.0,-2087.0,0.0,0.0,793.0,7781.0
Thu -22 Jun 2028 06:30,46514.0,46514.0,7173.0,609.0,110061.0,8.0,0.0,0.0,0.0,0.0,-71337.0,660675.0,0.0,660675.0,0.0,-71337.0,-0.0,0.0,15308.0,-57831.0,9344.0,0.0,0.0,-321.0,7781.0
Thu -22 Jun 2028 07:00,50365.0,50365.0,7173.0,609.0,110061.0,8.0,0.0,0.0,0.0,0.0,-67485.0,687669.0,0.0,687669.0,0.0,-67485.0,-0.0,0.0,15435.0,-58356.0,9475.0,0.0,0.0,-460.0,7781.0
Thu -22 Jun 2028 07:30,54712.0,54712.0,1000.0,0.0,181253.0,7.0,0.0,0.0,0.0,-41050.0,-86499.0,722269.0,0.0,722269.0,0.0,-86499.0,-41050.0,0.0,23631.0,-94863.0,28370.0,0.0,0.0,-2091.0,1000.0
Thu -22 Jun 2028 08:00,56448.0,56448.0,1000.0,0.0,181253.0,7.0,0.0,0.0,0.0,-39314.0,-86499.0,756868.0,0.0,756868.0,0.0,-86499.0,-39314.0,0.0,23437.0,-95112.0,28259.0,0.0,0.0,-2156.0,1000.0
Thu -22 Jun 2028 08:30,55314.0,55314.0,1000.0,0.0,193101.0,7.0,0.0,0.0,0.0,-52295.0,-86499.0,791468.0,0.0,791468.0,0.0,-86499.0,-52295.0,0.0,25544.0,-99483.0,31078.0,0.0,0.0,-2109.0,1000.0
Thu -22 Jun 2028 09:00,49854.0,49854.0,1000.0,0.0,193101.0,7.0,0.0,0.0,0.0,-57755.0,-86499.0,826067.0,0.0,826067.0,0.0,-86499.0,-57755.0,0.0,24696.0,-97229.0,31687.0,0.0,0.0,-1856.0,1000.0
Thu -22 Jun 2028 09:30,46456.0,46456.0,1000.0,0.0,206833.0,7.0,0.0,0.0,0.0,-74885.0,-86499.0,860667.0,0.0,860667.0,0.0,-86499.0,-74885.0,0.0,21156.0,-95236.0,34409.0,0.0,0.0,-1760.0,1000.0
Thu -22 Jun 2028 10:00,44487.0,44487.0,1000.0,0.0,206833.0,7.0,0.0,0.0,0.0,-76853.0,-86499.0,895266.0,0.0,895266.0,0.0,-86499.0,-76847.0,0.0,21288.0,-94782.0,34606.0,0.0,0.0,-1693.0,1000.0
Thu -22 Jun 2028 10:30,42320.0,42320.0,1000.0,0.0,187304.0,7.0,0.0,0.0,0.0,-59492.0,-86499.0,929866.0,0.0,929866.0,0.0,-86499.0,-59485.0,0.0,23412.0,-93497.0,32047.0,0.0,0.0,-1642.0,1000.0
Thu -22 Jun 2028 11:00,42661.0,42661.0,1000.0,0.0,187304.0,7.0,0.0,0.0,0.0,-59151.0,-86499.0,964465.0,0.0,964465.0,0.0,-86499.0,-59144.0,0.0,23519.0,-93808.0,32173.0,0.0,0.0,-1656.0,1000.0
Thu -22 Jun 2028 11:30,41634.0,41634.0,1000.0,0.0,184064.0,7.0,0.0,0.0,0.0,-56938.0,-86499.0,999065.0,0.0,999065.0,0.0,-86499.0,-56931.0,0.0,22941.0,-91095.0,30479.0,0.0,0.0,-1615.0,1000.0
Thu -22 Jun 2028 12:00,42335.0,42335.0,1000.0,0.0,184064.0,7.0,0.0,0.0,0.0,-56237.0,-86499.0,1033664.0,0.0,1033664.0,0.0,-86499.0,-56230.0,0.0,23149.0,-91492.0,30332.0,0.0,0.0,-1598.0,1000.0
Thu -22 Jun 2028 12:30,41824.0,41824.0,1000.0,0.0,172171.0,7.0,0.0,0.0,0.0,-44856.0,-86499.0,1068264.0,0.0,1068264.0,0.0,-86499.0,-44849.0,0.0,22942.0,-88514.0,27810.0,0.0,0.0,-1567.0,1000.0
Thu -22 Jun 2028 13:00,42855.0,42855.0,1000.0,0.0,172171.0,7.0,0.0,0.0,0.0,-43824.0,-86499.0,1102863.0,0.0,1102863.0,0.0,-86499.0,-43817.0,0.0,23081.0,-89029.0,27793.0,0.0,0.0,-1617.0,1000.0
Thu -22 Jun 2028 13:30,42795.0,42795.0,1000.0,0.0,151915.0,7.0,0.0,0.0,0.0,-69128.0,-40999.0,1119263.0,0.0,1119263.0,0.0,-40999.0,-69121.0,0.0,19040.0,-76110.0,31574.0,0.0,0.0,-1180.0,1000.0
Thu -22 Jun 2028 14:00,45702.0,45702.0,1000.0,0.0,151915.0,8.0,0.0,0.0,0.0,-107221.0,-0.0,1119263.0,0.0,1119263.0,0.0,-0.0,-107213.0,0.0,15037.0,-70242.0,39902.0,0.0,0.0,-918.0,1000.0
Thu -22 Jun 2028 14:30,47490.0,47490.0,1000.0,0.0,118759.0,9.0,0.0,0.0,0.0,-72278.0,-0.0,1119263.0,0.0,1119263.0,0.0,-0.0,-72269.0,0.0,14510.0,-56467.0,26058.0,0.0,0.0,-952.0,7781.0
Thu -22 Jun 2028 15:00,50928.0,50928.0,1000.0,0.0,118759.0,9.0,0.0,0.0,0.0,-68840.0,-0.0,1119263.0,0.0,1119263.0,0.0,-0.0,-68831.0,0.0,15272.0,-57915.0,25412.0,0.0,0.0,-1054.0,7781.0
Thu -22 Jun 2028 15:30,53445.0,53445.0,7173.0,609.0,9618.0,9.0,0.0,36037.0,0.0,0.0,0.0,1101244.0,0.0,1101240.0,36045.0,-0.0,-0.0,0.0,7831.0,-14298.0,1051.0,0.0,0.0,493.0,7781.0
Thu -22 Jun 2028 16:00,55304.0,55304.0,7173.0,609.0,9618.0,9.0,0.0,37896.0,0.0,0.0,0.0,1082296.0,0.0,1082288.0,37905.0,-0.0,-0.0,0.0,7909.0,-14588.0,1057.0,0.0,0.0,419.0,7781.0
Thu -22 Jun 2028 16:30,54813.0,54813.0,7173.0,609.0,0.0,9.0,0.0,47022.0,0.0,0.0,0.0,1058785.0,0.0,1058772.0,47031.0,-0.0,-0.0,0.0,6124.0,-7694.0,-1543.0,0.0,0.0,461.0,7781.0
Thu -22 Jun 2028 17:00,57650.0,57650.0,7173.0,609.0,0.0,9.0,0.0,49860.0,0.0,0.0,0.0,1033855.0,0.0,1033838.0,49868.0,-0.0,-0.0,0.0,6502.0,-8358.0,-1494.0,0.0,0.0,348.0,7781.0
Thu -22 Jun 2028 17:30,58255.0,58255.0,7173.0,609.0,0.0,9.0,0.0,50465.0,0.0,0.0,0.0,1008623.0,0.0,1008601.0,50473.0,-0.0,-0.0,0.0,6501.0,-8251.0,-1674.0,0.0,0.0,335.0,7781.0
Thu -22 Jun 2028 18:00,56380.0,56380.0,7173.0,609.0,0.0,9.0,0.0,48590.0,0.0,0.0,0.0,984328.0,0.0,984302.0,48599.0,-0.0,-0.0,0.0,6495.0,-7693.0,-1921.0,0.0,0.0,396.0,7781.0
Thu -22 Jun 2028 18:30,52626.0,52626.0,7173.0,609.0,0.0,10.0,0.0,44835.0,0.0,0.0,0.0,961910.0,0.0,961880.0,44844.0,-0.0,-0.0,0.0,6238.0,-6949.0,-2014.0,0.0,0.0,476.0,7781.0
Thu -22 Jun 2028 19:00,49290.0,49290.0,7173.0,609.0,0.0,10.0,0.0,41499.0,0.0,0.0,0.0,941161.0,0.0,941126.0,41508.0,-0.0,-0.0,0.0,6033.0,-6456.0,-1970.0,0.0,0.0,555.0,7781.0
Thu -22 Jun 2028 19:30,46135.0,46135.0,7173.0,609.0,0.0,10.0,0.0,38344.0,0.0,0.0,0.0,921989.0,0.0,921948.0,38354.0,-0.0,-0.0,0.0,5835.0,-5952.0,-2027.0,0.0,0.0,617.0,7781.0
Thu -22 Jun 2028 20:00,43812.0,43812.0,7173.0,609.0,0.0,10.0,0.0,36020.0,0.0,0.0,0.0,903979.0,0.0,903933.0,36030.0,-0.0,-0.0,0.0,5823.0,-5639.0,-2059.0,0.0,0.0,677.0,7781.0
Thu -22 Jun 2028 20:30,42882.0,42882.0,7173.0,609.0,0.0,10.0,0.0,35091.0,0.0,0.0,0.0,886434.0,0.0,886383.0,35101.0,-0.0,-0.0,0.0,5716.0,-5378.0,-2063.0,0.0,0.0,703.0,7781.0
Thu -22 Jun 2028 21:00,41152.0,41152.0,7173.0,609.0,0.0,10.0,0.0,33361.0,0.0,0.0,0.0,869753.0,0.0,869698.0,33371.0,-0.0,-0.0,0.0,5351.0,-5049.0,-1929.0,0.0,0.0,731.0,7781.0
Thu -22 Jun 2028 21:30,39646.0,39646.0,7173.0,609.0,0.0,10.0,0.0,31854.0,0.0,0.0,0.0,853826.0,0.0,853765.0,31864.0,-0.0,-0.0,0.0,5198.0,-4833.0,-1931.0,0.0,0.0,783.0,7781.0
Thu -22 Jun 2028 22:00,38054.0,38054.0,7173.0,609.0,0.0,10.0,0.0,30263.0,0.0,0.0,0.0,838694.0,0.0,838629.0,30273.0,-0.0,-0.0,0.0,4925.0,-4571.0,-1957.0,0.0,0.0,849.0,7781.0
Thu -22 Jun 2028 22:30,36516.0,36516.0,7173.0,609.0,0.0,10.0,0.0,28725.0,0.0,0.0,0.0,824332.0,0.0,824261.0,28735.0,-0.0,-0.0,0.0,4818.0,-4356.0,-1936.0,0.0,0.0,915.0,7781.0
Thu -22 Jun 2028 23:00,35617.0,35617.0,7173.0,609.0,0.0,10.0,0.0,27826.0,0.0,0.0,0.0,810419.0,0.0,810343.0,27836.0,-0.0,-0.0,0.0,4629.0,-4286.0,-1712.0,0.0,0.0,977.0,7781.0
Thu -22 Jun 2028 23:30,35841.0,35841.0,7173.0,609.0,0.0,9.0,0.0,28051.0,0.0,0.0,0.0,796393.0,0.0,796313.0,28060.0,-0.0,-0.0,0.0,4459.0,-4123.0,-1702.0,0.0,0.0,1010.0,7781.0
Fri -23 Jun 2028 00:00,34785.0,34785.0,7173.0,609.0,0.0,8.0,0.0,26996.0,0.0,0.0,0.0,782895.0,0.0,782812.0,27004.0,-0.0,-0.0,0.0,4328.0,-4034.0,-1655.0,0.0,0.0,1036.0,7781.0
Fri -23 Jun 2028 00:30,33767.0,33767.0,7173.0,609.0,0.0,8.0,0.0,25978.0,0.0,0.0,0.0,769907.0,0.0,769819.0,25986.0,-0.0,-0.0,0.0,4240.0,-3908.0,-1677.0,0.0,0.0,1053.0,7781.0
Fri -23 Jun 2028 01:00,32826.0,32826.0,7173.0,609.0,0.0,8.0,0.0,25036.0,0.0,0.0,0.0,757388.0,0.0,757297.0,25044.0,-0.0,-0.0,0.0,4110.0,-3819.0,-1591.0,0.0,0.0,1064.0,7781.0
Fri -23 Jun 2028 01:30,32535.0,32535.0,7173.0,609.0,0.0,8.0,0.0,24746.0,0.0,0.0,0.0,745015.0,0.0,744920.0,24754.0,-0.0,-0.0,0.0,4302.0,-3874.0,-1679.0,0.0,0.0,1065.0,7781.0
Fri -23 Jun 2028 02:00,31913.0,31913.0,7173.0,609.0,0.0,8.0,0.0,24124.0,0.0,0.0,0.0,732954.0,0.0,732854.0,24132.0,-0.0,-0.0,0.0,4274.0,-3781.0,-1607.0,0.0,0.0,1060.0,7781.0
Fri -23 Jun 2028 02:30,31380.0,31380.0,7173.0,609.0,0.0,8.0,0.0,23591.0,0.0,0.0,0.0,721158.0,0.0,721054.0,23599.0,-0.0,-0.0,0.0,4315.0,-3705.0,-1566.0,0.0,0.0,1052.0,7781.0
Fri -23 Jun 2028 03:00,31369.0,31369.0,7173.0,609.0,0.0,8.0,0.0,23579.0,0.0,0.0,0.0,709368.0,0.0,709261.0,23587.0,-0.0,-0.0,0.0,4367.0,-3743.0,-1438.0,0.0,0.0,1049.0,7781.0
Fri -23 Jun 2028 03:30,31276.0,31276.0,7173.0,609.0,0.0,8.0,0.0,23486.0,0.0,0.0,0.0,697625.0,0.0,697514.0,23494.0,-0.0,-0.0,0.0,4415.0,-3730.0,-1415.0,0.0,0.0,1044.0,7781.0
Fri -23 Jun 2028 04:00,32054.0,32054.0,7173.0,609.0,0.0,8.0,0.0,24265.0,0.0,0.0,0.0,685493.0,0.0,685377.0,24273.0,-0.0,-0.0,0.0,4506.0,-3921.0,-1298.0,0.0,0.0,1031.0,7781.0
Fri -23 Jun 2028 04:30,33695.0,33695.0,7173.0,609.0,0.0,8.0,0.0,25906.0,0.0,0.0,0.0,672540.0,0.0,672420.0,25914.0,-0.0,-0.0,0.0,4727.0,-4277.0,-1277.0,0.0,0.0,998.0,7781.0
Fri -23 Jun 2028 05:00,36042.0,36042.0,7173.0,609.0,0.0,8.0,0.0,28253.0,0.0,0.0,0.0,658413.0,0.0,658290.0,28261.0,-0.0,-0.0,0.0,4999.0,-4707.0,-1362.0,0.0,0.0,953.0,7781.0
Fri -23 Jun 2028 05:30,38473.0,38473.0,7173.0,609.0,0.0,8.0,0.0,30684.0,0.0,0.0,0.0,643071.0,0.0,642944.0,30691.0,-0.0,-0.0,0.0,5341.0,-5175.0,-1381.0,0.0,0.0,883.0,7781.0
Fri -23 Jun 2028 06:00,42490.0,42490.0,7173.0,609.0,0.0,8.0,0.0,34701.0,0.0,0.0,0.0,625721.0,0.0,625590.0,34709.0,-0.0,-0.0,0.0,5718.0,-5882.0,-1464.0,0.0,0.0,796.0,7781.0
Fri -23 Jun 2028 06:30,47396.0,47396.0,7173.0,609.0,101136.0,8.0,0.0,0.0,0.0,0.0,-61529.0,650332.0,0.0,650198.0,0.0,-61521.0,-0.0,0.0,20301.0,-57527.0,6857.0,0.0,0.0,-231.0,7781.0
Fri -23 Jun 2028 07:00,51287.0,51287.0,7173.0,609.0,101136.0,8.0,0.0,0.0,0.0,0.0,-57638.0,673387.0,0.0,673250.0,0.0,-57630.0,-0.0,0.0,20536.0,-58053.0,6916.0,0.0,0.0,-374.0,7781.0
Fri -23 Jun 2028 07:30,55897.0,55897.0,1000.0,0.0,183056.0,8.0,0.0,0.0,0.0,-41668.0,-86499.0,707987.0,0.0,707850.0,0.0,-86499.0,-41661.0,0.0,17384.0,-87000.0,26696.0,0.0,0.0,-2088.0,1000.0
Fri -23 Jun 2028 08:00,58062.0,58062.0,1000.0,0.0,183056.0,8.0,0.0,0.0,0.0,-39503.0,-86499.0,742586.0,0.0,742449.0,0.0,-86499.0,-39496.0,0.0,17114.0,-87207.0,26442.0,0.0,0.0,-2175.0,1000.0
Fri -23 Jun 2028 08:30,57133.0,57133.0,1000.0,0.0,209721.0,8.0,0.0,0.0,0.0,-67097.0,-86499.0,777186.0,0.0,777049.0,0.0,-86499.0,-67089.0,0.0,18789.0,-93507.0,31516.0,0.0,0.0,-2140.0,1000.0
Fri -23 Jun 2028 09:00,51089.0,51089.0,1000.0,0.0,209721.0,8.0,0.0,0.0,0.0,-73140.0,-86499.0,811785.0,0.0,811648.0,0.0,-86499.0,-73133.0,0.0,18912.0,-91620.0,31453.0,0.0,0.0,-1917.0,1000.0
Fri -23 Jun 2028 09:30,47595.0,47595.0,1000.0,0.0,201907.0,8.0,0.0,0.0,0.0,-68821.0,-86499.0,846385.0,0.0,846248.0,0.0,-86499.0,-68813.0,0.0,20195.0,-91112.0,30890.0,0.0,0.0,-1798.0,1000.0
Fri -23 Jun 2028 10:00,45319.0,45319.0,1000.0,0.0,201907.0,8.0,0.0,0.0,0.0,-71097.0,-86499.0,880984.0,0.0,880847.0,0.0,-86499.0,-71089.0,0.0,20011.0,-90556.0,31294.0,0.0,0.0,-1732.0,1000.0
Fri -23 Jun 2028 10:30,43187.0,43187.0,1000.0,0.0,212959.0,8.0,0.0,0.0,0.0,-84281.0,-86499.0,915584.0,0.0,915447.0,0.0,-86499.0,-84273.0,0.0,18195.0,-89466.0,32814.0,0.0,0.0,-1641.0,1000.0
Fri -23 Jun 2028 11:00,43463.0,43463.0,1000.0,0.0,212959.0,8.0,0.0,0.0,0.0,-84005.0,-86499.0,950183.0,0.0,950046.0,0.0,-86499.0,-83997.0,0.0,18201.0,-89763.0,32963.0,0.0,0.0,-1649.0,1000.0
Fri -23 Jun 2028 11:30,42296.0,42296.0,1000.0,0.0,193222.0,8.0,0.0,0.0,0.0,-65435.0,-86499.0,984783.0,0.0,984646.0,0.0,-86499.0,-65427.0,0.0,12637.0,-78331.0,27604.0,0.0,0.0,-1592.0,1000.0
Fri -23 Jun 2028 12:00,42850.0,42850.0,1000.0,0.0,193222.0,8.0,0.0,0.0,0.0,-64881.0,-86499.0,1019382.0,0.0,1019245.0,0.0,-86499.0,-64873.0,0.0,12676.0,-78608.0,27619.0,0.0,0.0,-1579.0,1000.0
Fri -23 Jun 2028 12:30,42087.0,42087.0,1000.0,0.0,185905.0,8.0,0.0,0.0,0.0,-58328.0,-86499.0,1053982.0,0.0,1053845.0,0.0,-86499.0,-58319.0,0.0,11575.0,-76029.0,26426.0,0.0,0.0,-1558.0,1000.0
Fri -23 Jun 2028 13:00,42683.0,42683.0,1000.0,0.0,185905.0,8.0,0.0,0.0,0.0,-57732.0,-86499.0,1088581.0,0.0,1088444.0,0.0,-86499.0,-57724.0,0.0,11619.0,-76221.0,26296.0,0.0,0.0,-1574.0,1000.0
Fri -23 Jun 2028 13:30,42445.0,42445.0,1000.0,0.0,165020.0,8.0,0.0,0.0,0.0,-46880.0,-76704.0,1119263.0,0.0,1119263.0,0.0,-77047.0,-46529.0,0.0,9143.0,-66527.0,21888.0,0.0,0.0,-1471.0,1000.0
Fri -23 Jun 2028 14:00,45397.0,45397.0,1000.0,0.0,165020.0,7.0,0.0,0.0,0.0,-120630.0,-0.0,1119263.0,0.0,1119263.0,0.0,-0.0,-120623.0,0.0,21944.0,-60373.0,23165.0,0.0,0.0,-885.0,1000.0
Fri -23 Jun 2028 14:30,46939.0,46939.0,1000.0,0.0,136155.0,7.0,0.0,0.0,0.0,-90222.0,-0.0,1119263.0,0.0,1119263.0,0.0,-0.0,-90216.0,0.0,19505.0,-56972.0,21646.0,0.0,0.0,-902.0,1000.0
Fri -23 Jun 2028 15:00,50350.0,50350.0,1000.0,0.0,136155.0,7.0,0.0,0.0,0.0,-86812.0,-0.0,1119263.0,0.0,1119263.0,0.0,-0.0,-86805.0,0.0,19347.0,-58081.0,21606.0,0.0,0.0,-981.0,1000.0
Fri -23 Jun 2028 15:30,52979.0,52979.0,7173.0,609.0,8071.0,6.0,0.0,37120.0,0.0,0.0,0.0,1100703.0,0.0,1100699.0,37126.0,-0.0,-0.0,0.0,7397.0,-12812.0,381.0,0.0,0.0,592.0,7781.0
Fri -23 Jun 2028 16:00,55220.0,55220.0,7173.0,609.0,8071.0,6.0,0.0,39361.0,0.0,0.0,0.0,1081022.0,0.0,1081016.0,39367.0,-0.0,-0.0,0.0,7469.0,-13153.0,391.0,0.0,0.0,545.0,7781.0
Fri -23 Jun 2028 16:30,55473.0,55473.0,7173.0,609.0,0.0,6.0,0.0,47686.0,0.0,0.0,0.0,1057179.0,0.0,1057170.0,47692.0,-0.0,-0.0,0.0,5982.0,-7533.0,-1560.0,0.0,0.0,591.0,7781.0
Fri -23 Jun 2028 17:00,58348.0,58348.0,7173.0,609.0,0.0,6.0,0.0,50561.0,0.0,0.0,0.0,1031899.0,0.0,1031887.0,50567.0,-0.0,-0.0,0.0,6199.0,-8147.0,-1446.0,0.0,0.0,506.0,7781.0
Fri -23 Jun 2028 17:30,58688.0,58688.0,7173.0,609.0,0.0,6.0,0.0,50900.0,0.0,0.0,0.0,1006449.0,0.0,1006434.0,50906.0,-0.0,-0.0,0.0,6086.0,-8012.0,-1516.0,0.0,0.0,501.0,7781.0
Fri -23 Jun 2028 18:00,56394.0,56394.0,7173.0,609.0,0.0,6.0,0.0,48607.0,0.0,0.0,0.0,982145.0,0.0,982127.0,48613.0,-0.0,-0.0,0.0,6035.0,-7448.0,-1705.0,0.0,0.0,551.0,7781.0
Fri -23 Jun 2028 18:30,52434.0,52434.0,7173.0,609.0,0.0,7.0,0.0,44645.0,0.0,0.0,0.0,959823.0,0.0,959801.0,44652.0,-0.0,-0.0,0.0,5793.0,-6689.0,-1841.0,0.0,0.0,619.0,7781.0
Fri -23 Jun 2028 19:00,48900.0,48900.0,7173.0,609.0,0.0,7.0,0.0,41112.0,0.0,0.0,0.0,939267.0,0.0,939242.0,41119.0,-0.0,-0.0,0.0,5695.0,-6172.0,-1940.0,0.0,0.0,684.0,7781.0
Fri -23 Jun 2028 19:30,45736.0,45736.0,7173.0,609.0,0.0,8.0,0.0,37947.0,0.0,0.0,0.0,920293.0,0.0,920264.0,37955.0,-0.0,-0.0,0.0,5560.0,-5700.0,-2002.0,0.0,0.0,747.0,7781.0
Fri -23 Jun 2028 20:00,43372.0,43372.0,7173.0,609.0,0.0,8.0,0.0,35584.0,0.0,0.0,0.0,902501.0,0.0,902469.0,35591.0,-0.0,-0.0,0.0,5566.0,-5380.0,-2097.0,0.0,0.0,779.0,7781.0
Fri -23 Jun 2028 20:30,42174.0,42174.0,7173.0,609.0,0.0,8.0,0.0,34385.0,0.0,0.0,0.0,885309.0,0.0,885272.0,34393.0,-0.0,-0.0,0.0,5498.0,-5316.0,-2051.0,0.0,0.0,803.0,7781.0
Fri -23 Jun 2028 21:00,40400.0,40400.0,7173.0,609.0,0.0,8.0,0.0,32611.0,0.0,0.0,0.0,869004.0,0.0,868963.0,32619.0,-0.0,-0.0,0.0,5179.0,-4980.0,-1970.0,0.0,0.0,833.0,7781.0
Fri -23 Jun 2028 21:30,39189.0,39189.0,7173.0,609.0,0.0,8.0,0.0,31399.0,0.0,0.0,0.0,853304.0,0.0,853259.0,31407.0,-0.0,-0.0,0.0,5084.0,-4789.0,-1991.0,0.0,0.0,865.0,7781.0
Fri -23 Jun 2028 22:00,37636.0,37636.0,7173.0,609.0,0.0,8.0,0.0,29847.0,0.0,0.0,0.0,838381.0,0.0,838332.0,29855.0,-0.0,-0.0,0.0,4810.0,-4542.0,-2054.0,0.0,0.0,907.0,7781.0
Fri -23 Jun 2028 22:30,36273.0,36273.0,7173.0,609.0,0.0,8.0,0.0,28484.0,0.0,0.0,0.0,824139.0,0.0,824086.0,28492.0,-0.0,-0.0,0.0,4651.0,-4355.0,-2022.0,0.0,0.0,962.0,7781.0
Fri -23 Jun 2028 23:00,35660.0,35660.0,7173.0,609.0,0.0,8.0,0.0,27870.0,0.0,0.0,0.0,810204.0,0.0,810147.0,27878.0,-0.0,-0.0,0.0,4487.0,-4337.0,-1755.0,0.0,0.0,1002.0,7781.0
Fri -23 Jun 2028 23:30,36208.0,36208.0,7173.0,609.0,0.0,8.0,0.0,28419.0,0.0,0.0,0.0,795994.0,0.0,795934.0,28427.0,-0.0,-0.0,0.0,4502.0,-4218.0,-1866.0,0.0,0.0,1043.0,7781.0
Sat -24 Jun 2028 00:00,35003.0,35003.0,7173.0,609.0,0.0,11.0,0.0,27211.0,0.0,0.0,0.0,782389.0,0.0,782323.0,27222.0,-0.0,-0.0,0.0,3935.0,-4033.0,-1716.0,0.0,0.0,1052.0,7781.0
Sat -24 Jun 2028 00:30,33756.0,33756.0,7173.0,609.0,0.0,11.0,0.0,25964.0,0.0,0.0,0.0,769407.0,0.0,769335.0,25975.0,-0.0,-0.0,0.0,3880.0,-3872.0,-1780.0,0.0,0.0,1086.0,7781.0
Sat -24 Jun 2028 01:00,32058.0,32058.0,7173.0,609.0,0.0,11.0,0.0,24266.0,0.0,0.0,0.0,757274.0,0.0,757197.0,24277.0,-0.0,-0.0,0.0,3782.0,-3605.0,-1866.0,0.0,0.0,1103.0,7781.0
Sat -24 Jun 2028 01:30,31496.0,31496.0,7173.0,609.0,0.0,11.0,0.0,23703.0,0.0,0.0,0.0,745422.0,0.0,745340.0,23714.0,-0.0,-0.0,0.0,3769.0,-3652.0,-1821.0,0.0,0.0,1109.0,7781.0
Sat -24 Jun 2028 02:00,30678.0,30678.0,7173.0,609.0,0.0,11.0,0.0,22886.0,0.0,0.0,0.0,733979.0,0.0,733891.0,22897.0,-0.0,-0.0,0.0,3756.0,-3516.0,-1782.0,0.0,0.0,1112.0,7781.0
Sat -24 Jun 2028 02:30,29966.0,29966.0,7173.0,609.0,0.0,10.0,0.0,22174.0,0.0,0.0,0.0,722892.0,0.0,722799.0,22184.0,-0.0,-0.0,0.0,3780.0,-3394.0,-1767.0,0.0,0.0,1116.0,7781.0
Sat -24 Jun 2028 03:00,29813.0,29813.0,7173.0,609.0,0.0,10.0,0.0,22022.0,0.0,0.0,0.0,711881.0,0.0,711783.0,22032.0,-0.0,-0.0,0.0,3788.0,-3425.0,-1593.0,0.0,0.0,1108.0,7781.0
Sat -24 Jun 2028 03:30,29285.0,29285.0,7173.0,609.0,0.0,10.0,0.0,21494.0,0.0,0.0,0.0,701134.0,0.0,701031.0,21504.0,-0.0,-0.0,0.0,3794.0,-3300.0,-1601.0,0.0,0.0,1116.0,7781.0
Sat -24 Jun 2028 04:00,29532.0,29532.0,7173.0,609.0,0.0,10.0,0.0,21740.0,0.0,0.0,0.0,690264.0,0.0,690156.0,21750.0,-0.0,-0.0,0.0,3832.0,-3396.0,-1507.0,0.0,0.0,1107.0,7781.0
Sat -24 Jun 2028 04:30,29943.0,29943.0,7173.0,609.0,0.0,10.0,0.0,22152.0,0.0,0.0,0.0,679188.0,0.0,679076.0,22161.0,-0.0,-0.0,0.0,3854.0,-3467.0,-1504.0,0.0,0.0,1100.0,7781.0
Sat -24 Jun 2028 05:00,31142.0,31142.0,7173.0,609.0,0.0,10.0,0.0,23351.0,0.0,0.0,0.0,667512.0,0.0,667395.0,23361.0,-0.0,-0.0,0.0,3956.0,-3728.0,-1399.0,0.0,0.0,1075.0,7781.0
Sat -24 Jun 2028 05:30,31118.0,31118.0,7173.0,609.0,0.0,9.0,0.0,23327.0,0.0,0.0,0.0,655849.0,0.0,655727.0,23337.0,-0.0,-0.0,0.0,4009.0,-3700.0,-1419.0,0.0,0.0,1062.0,7781.0
Sat -24 Jun 2028 06:00,32927.0,32927.0,7173.0,609.0,0.0,9.0,0.0,25136.0,0.0,0.0,0.0,643281.0,0.0,643154.0,25145.0,-0.0,-0.0,0.0,4124.0,-4057.0,-1390.0,0.0,0.0,1029.0,7781.0
Sat -24 Jun 2028 06:30,34690.0,34690.0,7173.0,609.0,72252.0,9.0,0.0,0.0,0.0,0.0,-45352.0,661421.0,0.0,661291.0,0.0,-45343.0,-0.0,0.0,4879.0,-33762.0,7108.0,0.0,0.0,347.0,7781.0
Sat -24 Jun 2028 07:00,36606.0,36606.0,7173.0,609.0,72252.0,9.0,0.0,0.0,0.0,0.0,-43436.0,678796.0,0.0,678662.0,0.0,-43427.0,-0.0,0.0,4947.0,-34070.0,7160.0,0.0,0.0,276.0,7781.0
Sat -24 Jun 2028 07:30,37947.0,37947.0,1000.0,0.0,130917.0,9.0,0.0,0.0,0.0,-7481.0,-86499.0,713395.0,0.0,713262.0,0.0,-86499.0,-7472.0,0.0,2491.0,-54279.0,14662.0,0.0,0.0,-1452.0,1000.0
Sat -24 Jun 2028 08:00,39932.0,39932.0,1000.0,0.0,130917.0,9.0,0.0,0.0,0.0,-5496.0,-86499.0,747995.0,0.0,747861.0,0.0,-86499.0,-5487.0,0.0,2467.0,-54809.0,14562.0,0.0,0.0,-1537.0,1000.0
Sat -24 Jun 2028 08:30,41160.0,41160.0,1000.0,0.0,169772.0,10.0,0.0,0.0,0.0,-43123.0,-86499.0,782594.0,0.0,782461.0,0.0,-86499.0,-43113.0,0.0,6989.0,-66512.0,21450.0,0.0,0.0,-1614.0,1000.0
Sat -24 Jun 2028 09:00,41488.0,41488.0,1000.0,0.0,169772.0,10.0,0.0,0.0,0.0,-42795.0,-86499.0,817194.0,0.0,817060.0,0.0,-86499.0,-42786.0,0.0,6873.0,-66540.0,21274.0,0.0,0.0,-1642.0,1000.0
Sat -24 Jun 2028 09:30,43007.0,43007.0,1000.0,0.0,166226.0,10.0,0.0,0.0,0.0,-37729.0,-86499.0,851793.0,0.0,851659.0,0.0,-86499.0,-37720.0,0.0,3638.0,-61124.0,18702.0,0.0,0.0,-1718.0,1000.0
Sat -24 Jun 2028 10:00,44079.0,44079.0,1000.0,0.0,166226.0,10.0,0.0,0.0,0.0,-36658.0,-86499.0,886393.0,0.0,886259.0,0.0,-86499.0,-36648.0,0.0,3587.0,-61368.0,18720.0,0.0,0.0,-1756.0,1000.0
Sat -24 Jun 2028 10:30,42926.0,42926.0,1000.0,0.0,139644.0,11.0,0.0,0.0,0.0,-11230.0,-86499.0,920992.0,0.0,920858.0,0.0,-86499.0,-11219.0,0.0,835.0,-53186.0,13825.0,0.0,0.0,-1730.0,1000.0
Sat -24 Jun 2028 11:00,44402.0,44402.0,1000.0,0.0,139644.0,11.0,0.0,0.0,0.0,-9754.0,-86499.0,955592.0,0.0,955458.0,0.0,-86499.0,-9744.0,0.0,496.0,-53509.0,13818.0,0.0,0.0,-1779.0,1000.0
Sat -24 Jun 2028 11:30,43832.0,43832.0,7173.0,609.0,78798.0,11.0,0.0,0.0,0.0,0.0,-42757.0,972695.0,0.0,972557.0,0.0,-42747.0,-0.0,0.0,14102.0,-57316.0,19067.0,0.0,0.0,-70.0,7781.0
Sat -24 Jun 2028 12:00,43136.0,43136.0,7173.0,609.0,78798.0,11.0,0.0,0.0,0.0,0.0,-43454.0,990076.0,0.0,989934.0,0.0,-43443.0,-0.0,0.0,14034.0,-57244.0,19060.0,0.0,0.0,-49.0,7781.0
Sat -24 Jun 2028 12:30,43095.0,43095.0,7173.0,609.0,54183.0,11.0,0.0,0.0,0.0,0.0,-18881.0,997629.0,0.0,997482.0,0.0,-18870.0,-0.0,0.0,10573.0,-40612.0,12728.0,0.0,0.0,193.0,7781.0
Sat -24 Jun 2028 13:00,42904.0,42904.0,7173.0,609.0,54183.0,11.0,0.0,0.0,0.0,0.0,-19072.0,1005257.0,0.0,1005106.0,0.0,-19061.0,-0.0,0.0,10674.0,-40587.0,12587.0,0.0,0.0,214.0,7781.0
Sat -24 Jun 2028 13:30,43035.0,43035.0,7173.0,609.0,80920.0,11.0,0.0,0.0,0.0,0.0,-45677.0,1023528.0,0.0,1023373.0,0.0,-45667.0,-0.0,0.0,15565.0,-60497.0,20072.0,0.0,0.0,0.0,7781.0
Sat -24 Jun 2028 14:00,44623.0,44623.0,7173.0,609.0,80920.0,8.0,0.0,0.0,0.0,0.0,-44086.0,1041163.0,0.0,1041004.0,0.0,-44078.0,-0.0,0.0,15727.0,-60904.0,20093.0,0.0,0.0,-34.0,7781.0
Sat -24 Jun 2028 14:30,44288.0,44288.0,7173.0,609.0,66465.0,8.0,0.0,0.0,0.0,0.0,-29967.0,1053149.0,0.0,1052988.0,0.0,-29958.0,-0.0,0.0,14891.0,-38252.0,2341.0,0.0,0.0,98.0,7781.0
Sat -24 Jun 2028 15:00,44859.0,44859.0,7173.0,609.0,66465.0,8.0,0.0,0.0,0.0,0.0,-29396.0,1064908.0,0.0,1064742.0,0.0,-29387.0,-0.0,0.0,14891.0,-38344.0,2310.0,0.0,0.0,94.0,7781.0
Sat -24 Jun 2028 15:30,45125.0,45125.0,7173.0,609.0,6662.0,8.0,0.0,30674.0,0.0,0.0,0.0,1049571.0,0.0,1049401.0,30682.0,-0.0,-0.0,0.0,5765.0,-10586.0,266.0,0.0,0.0,612.0,7781.0
Sat -24 Jun 2028 16:00,50718.0,50718.0,7173.0,609.0,6662.0,8.0,0.0,36267.0,0.0,0.0,0.0,1031437.0,0.0,1031264.0,36275.0,-0.0,-0.0,0.0,6118.0,-11795.0,430.0,0.0,0.0,497.0,7781.0
Sat -24 Jun 2028 16:30,48414.0,48414.0,7173.0,609.0,0.0,8.0,0.0,40625.0,0.0,0.0,0.0,1011125.0,0.0,1010947.0,40633.0,-0.0,-0.0,0.0,4630.0,-6026.0,-1606.0,0.0,0.0,601.0,7781.0
Sat -24 Jun 2028 17:00,51321.0,51321.0,7173.0,609.0,0.0,8.0,0.0,43532.0,0.0,0.0,0.0,989359.0,0.0,989177.0,43540.0,-0.0,-0.0,0.0,4892.0,-6925.0,-1321.0,0.0,0.0,477.0,7781.0
Sat -24 Jun 2028 17:30,50164.0,50164.0,7173.0,609.0,0.0,9.0,0.0,42374.0,0.0,0.0,0.0,968173.0,0.0,967986.0,42382.0,-0.0,-0.0,0.0,4656.0,-6313.0,-1499.0,0.0,0.0,503.0,7781.0
Sat -24 Jun 2028 18:00,49006.0,49006.0,7173.0,609.0,0.0,9.0,0.0,41216.0,0.0,0.0,0.0,947565.0,0.0,947374.0,41225.0,-0.0,-0.0,0.0,4612.0,-6126.0,-1627.0,0.0,0.0,542.0,7781.0
Sat -24 Jun 2028 18:30,47019.0,47019.0,7173.0,609.0,0.0,10.0,0.0,39228.0,0.0,0.0,0.0,927951.0,0.0,927755.0,39238.0,-0.0,-0.0,0.0,4500.0,-5752.0,-1682.0,0.0,0.0,582.0,7781.0
Sat -24 Jun 2028 19:00,44322.0,44322.0,7173.0,609.0,0.0,10.0,0.0,36531.0,0.0,0.0,0.0,909686.0,0.0,909485.0,36541.0,-0.0,-0.0,0.0,4420.0,-5291.0,-1771.0,0.0,0.0,654.0,7781.0
Sat -24 Jun 2028 19:30,41228.0,41228.0,7173.0,609.0,0.0,11.0,0.0,33436.0,0.0,0.0,0.0,892967.0,0.0,892761.0,33447.0,-0.0,-0.0,0.0,4229.0,-4795.0,-1820.0,0.0,0.0,713.0,7781.0
Sat -24 Jun 2028 20:00,40381.0,40381.0,7173.0,609.0,0.0,11.0,0.0,32589.0,0.0,0.0,0.0,876673.0,0.0,876461.0,32600.0,-0.0,-0.0,0.0,4200.0,-4850.0,-1742.0,0.0,0.0,708.0,7781.0
Sat -24 Jun 2028 20:30,39832.0,39832.0,7173.0,609.0,0.0,11.0,0.0,32040.0,0.0,0.0,0.0,860653.0,0.0,860436.0,32051.0,-0.0,-0.0,0.0,4318.0,-4795.0,-1800.0,0.0,0.0,732.0,7781.0
Sat -24 Jun 2028 21:00,37621.0,37621.0,7173.0,609.0,0.0,11.0,0.0,29829.0,0.0,0.0,0.0,845738.0,0.0,845516.0,29840.0,-0.0,-0.0,0.0,4135.0,-4334.0,-1846.0,0.0,0.0,776.0,7781.0
Sat -24 Jun 2028 21:30,36317.0,36317.0,7173.0,609.0,0.0,11.0,0.0,28525.0,0.0,0.0,0.0,831476.0,0.0,831248.0,28536.0,-0.0,-0.0,0.0,4104.0,-4216.0,-1906.0,0.0,0.0,908.0,7781.0
Sat -24 Jun 2028 22:00,36861.0,36861.0,7173.0,609.0,0.0,11.0,0.0,29068.0,0.0,0.0,0.0,816942.0,0.0,816708.0,29079.0,-0.0,-0.0,0.0,4042.0,-4454.0,-1751.0,0.0,0.0,856.0,7781.0
Sat -24 Jun 2028 22:30,35579.0,35579.0,7173.0,609.0,0.0,11.0,0.0,27786.0,0.0,0.0,0.0,803049.0,0.0,802810.0,27797.0,-0.0,-0.0,0.0,3877.0,-4124.0,-1737.0,0.0,0.0,879.0,7781.0
Sat -24 Jun 2028 23:00,35119.0,35119.0,7173.0,609.0,0.0,11.0,0.0,27326.0,0.0,0.0,0.0,789386.0,0.0,789141.0,27337.0,-0.0,-0.0,0.0,3772.0,-4149.0,-1469.0,0.0,0.0,917.0,7781.0
Sat -24 Jun 2028 23:30,35978.0,35978.0,7173.0,609.0,0.0,11.0,0.0,28186.0,0.0,0.0,0.0,775293.0,0.0,775042.0,28197.0,-0.0,-0.0,0.0,3882.0,-4114.0,-1543.0,0.0,0.0,949.0,7781.0
Sun -25 Jun 2028 00:00,34974.0,34974.0,7173.0,609.0,0.0,9.0,0.0,27183.0,0.0,0.0,0.0,761701.0,0.0,761446.0,27193.0,-0.0,-0.0,0.0,3794.0,-3929.0,-1518.0,0.0,0.0,979.0,7781.0
Sun -25 Jun 2028 00:30,33740.0,33740.0,7173.0,609.0,0.0,9.0,0.0,25949.0,0.0,0.0,0.0,748726.0,0.0,748467.0,25959.0,-0.0,-0.0,0.0,3736.0,-3806.0,-1509.0,0.0,0.0,1001.0,7781.0
Sun -25 Jun 2028 01:00,32250.0,32250.0,7173.0,609.0,0.0,9.0,0.0,24460.0,0.0,0.0,0.0,736496.0,0.0,736232.0,24469.0,-0.0,-0.0,0.0,3616.0,-3595.0,-1491.0,0.0,0.0,1028.0,7781.0
Sun -25 Jun 2028 01:30,31730.0,31730.0,7173.0,609.0,0.0,9.0,0.0,23939.0,0.0,0.0,0.0,724527.0,0.0,724258.0,23948.0,-0.0,-0.0,0.0,3616.0,-3651.0,-1474.0,0.0,0.0,1023.0,7781.0
Sun -25 Jun 2028 02:00,31001.0,31001.0,7173.0,609.0,0.0,9.0,0.0,23211.0,0.0,0.0,0.0,712921.0,0.0,712649.0,23219.0,-0.0,-0.0,0.0,3600.0,-3531.0,-1442.0,0.0,0.0,1040.0,7781.0
Sun -25 Jun 2028 02:30,30308.0,30308.0,7173.0,609.0,0.0,9.0,0.0,22517.0,0.0,0.0,0.0,701663.0,0.0,701385.0,22526.0,-0.0,-0.0,0.0,3616.0,-3447.0,-1433.0,0.0,0.0,1044.0,7781.0
Sun -25 Jun 2028 03:00,30171.0,30171.0,7173.0,609.0,0.0,9.0,0.0,22381.0,0.0,0.0,0.0,690472.0,0.0,690191.0,22390.0,-0.0,-0.0,0.0,3631.0,-3479.0,-1410.0,0.0,0.0,1053.0,7781.0
Sun -25 Jun 2028 03:30,29672.0,29672.0,7173.0,609.0,0.0,9.0,0.0,21882.0,0.0,0.0,0.0,679531.0,0.0,679245.0,21891.0,-0.0,-0.0,0.0,3614.0,-3381.0,-1436.0,0.0,0.0,1058.0,7781.0
Sun -25 Jun 2028 04:00,29821.0,29821.0,7173.0,609.0,0.0,9.0,0.0,22031.0,0.0,0.0,0.0,668516.0,0.0,668225.0,22040.0,-0.0,-0.0,0.0,3685.0,-3494.0,-1444.0,0.0,0.0,1057.0,7781.0
Sun -25 Jun 2028 04:30,30245.0,30245.0,7173.0,609.0,0.0,9.0,0.0,22455.0,0.0,0.0,0.0,657289.0,0.0,656993.0,22464.0,-0.0,-0.0,0.0,3729.0,-3580.0,-1433.0,0.0,0.0,1051.0,7781.0
Sun -25 Jun 2028 05:00,31282.0,31282.0,7173.0,609.0,0.0,9.0,0.0,23491.0,0.0,0.0,0.0,645543.0,0.0,645243.0,23500.0,-0.0,-0.0,0.0,3789.0,-3796.0,-1483.0,0.0,0.0,1046.0,7781.0
Sun -25 Jun 2028 05:30,31116.0,31116.0,7173.0,609.0,0.0,9.0,0.0,23326.0,0.0,0.0,0.0,633880.0,0.0,633576.0,23335.0,-0.0,-0.0,0.0,3839.0,-3741.0,-1490.0,0.0,0.0,1012.0,7781.0
Sun -25 Jun 2028 06:00,32553.0,32553.0,7173.0,609.0,0.0,9.0,0.0,24762.0,0.0,0.0,0.0,621499.0,0.0,621190.0,24771.0,-0.0,-0.0,0.0,3923.0,-4027.0,-1514.0,0.0,0.0,976.0,7781.0
Sun -25 Jun 2028 06:30,34003.0,34003.0,7173.0,609.0,105713.0,9.0,0.0,0.0,0.0,0.0,-79500.0,653299.0,0.0,652987.0,0.0,-79492.0,-0.0,0.0,13911.0,-55757.0,10456.0,0.0,0.0,2.0,7781.0
Sun -25 Jun 2028 07:00,35403.0,35403.0,7173.0,609.0,105713.0,9.0,0.0,0.0,0.0,0.0,-78101.0,684539.0,0.0,684224.0,0.0,-78092.0,-0.0,0.0,13837.0,-55970.0,10542.0,0.0,0.0,-70.0,7781.0
Sun -25 Jun 2028 07:30,36464.0,36464.0,1000.0,0.0,176664.0,9.0,0.0,0.0,0.0,-54710.0,-86499.0,719139.0,0.0,718823.0,0.0,-86499.0,-54701.0,0.0,21450.0,-89043.0,30611.0,0.0,0.0,-1495.0,1000.0
Sun -25 Jun 2028 08:00,37870.0,37870.0,1000.0,0.0,176664.0,9.0,0.0,0.0,0.0,-53303.0,-86499.0,753738.0,0.0,753423.0,0.0,-86499.0,-53295.0,0.0,21466.0,-89486.0,30454.0,0.0,0.0,-1588.0,1000.0
Sun -25 Jun 2028 08:30,39074.0,39074.0,1000.0,0.0,191365.0,9.0,0.0,0.0,0.0,-66800.0,-86499.0,788338.0,0.0,788022.0,0.0,-86499.0,-66792.0,0.0,22813.0,-93571.0,32769.0,0.0,0.0,-1656.0,1000.0
Sun -25 Jun 2028 09:00,40276.0,40276.0,1000.0,0.0,191365.0,9.0,0.0,0.0,0.0,-65599.0,-86499.0,822937.0,0.0,822622.0,0.0,-86499.0,-65590.0,0.0,22843.0,-94088.0,32792.0,0.0,0.0,-1716.0,1000.0
Sun -25 Jun 2028 09:30,42003.0,42003.0,1000.0,0.0,193331.0,9.0,0.0,0.0,0.0,-65838.0,-86499.0,857537.0,0.0,857221.0,0.0,-86499.0,-65829.0,0.0,23445.0,-95943.0,33515.0,0.0,0.0,-1780.0,1000.0
Sun -25 Jun 2028 10:00,42994.0,42994.0,1000.0,0.0,193331.0,9.0,0.0,0.0,0.0,-64847.0,-86499.0,892136.0,0.0,891820.0,0.0,-86499.0,-64838.0,0.0,23661.0,-96287.0,33406.0,0.0,0.0,-1796.0,1000.0
Sun -25 Jun 2028 10:30,42098.0,42098.0,1000.0,0.0,193822.0,10.0,0.0,0.0,0.0,-66236.0,-86499.0,926736.0,0.0,926420.0,0.0,-86499.0,-66226.0,0.0,22222.0,-93805.0,32811.0,0.0,0.0,-1753.0,1000.0
Sun -25 Jun 2028 11:00,43772.0,43772.0,1000.0,0.0,193822.0,10.0,0.0,0.0,0.0,-64561.0,-86499.0,961335.0,0.0,961019.0,0.0,-86499.0,-64551.0,0.0,22413.0,-94595.0,32816.0,0.0,0.0,-1787.0,1000.0
Sun -25 Jun 2028 11:30,43148.0,43148.0,1000.0,0.0,175502.0,10.0,0.0,0.0,0.0,-46865.0,-86499.0,995935.0,0.0,995619.0,0.0,-86499.0,-46855.0,0.0,20698.0,-89409.0,29716.0,0.0,0.0,-1745.0,1000.0
Sun -25 Jun 2028 12:00,42406.0,42406.0,1000.0,0.0,175502.0,10.0,0.0,0.0,0.0,-47607.0,-86499.0,1030534.0,0.0,1030218.0,0.0,-86499.0,-47598.0,0.0,20709.0,-89299.0,29929.0,0.0,0.0,-1713.0,1000.0
Sun -25 Jun 2028 12:30,42378.0,42378.0,1000.0,0.0,157043.0,10.0,0.0,0.0,0.0,-29177.0,-86499.0,1065133.0,0.0,1064818.0,0.0,-86499.0,-29167.0,0.0,18494.0,-82902.0,25742.0,0.0,0.0,-1688.0,1000.0
Sun -25 Jun 2028 13:00,42136.0,42136.0,1000.0,0.0,157043.0,10.0,0.0,0.0,0.0,-29419.0,-86499.0,1099733.0,0.0,1099417.0,0.0,-86499.0,-29409.0,0.0,18536.0,-82873.0,25740.0,0.0,0.0,-1670.0,1000.0
Sun -25 Jun 2028 13:30,42330.0,42330.0,1000.0,0.0,126672.0,10.0,0.0,0.0,0.0,-36527.0,-48824.0,1119263.0,0.0,1119263.0,0.0,-49613.0,-35728.0,0.0,17531.0,-71210.0,25492.0,0.0,0.0,-1321.0,2147.0
Sun -25 Jun 2028 14:00,44064.0,44064.0,1000.0,0.0,126672.0,11.0,0.0,0.0,0.0,-83619.0,-0.0,1119263.0,0.0,1119263.0,0.0,-0.0,-83608.0,0.0,19634.0,-74245.0,39287.0,0.0,0.0,-993.0,1000.0
Sun -25 Jun 2028 14:30,43948.0,43948.0,1000.0,0.0,104440.0,10.0,0.0,0.0,0.0,-61503.0,-0.0,1119263.0,0.0,1119263.0,0.0,-0.0,-61493.0,0.0,24577.0,-62944.0,23130.0,0.0,0.0,-967.0,1000.0
Sun -25 Jun 2028 15:00,44487.0,44487.0,1000.0,0.0,104440.0,10.0,0.0,0.0,0.0,-60964.0,-0.0,1119263.0,0.0,1119263.0,0.0,-0.0,-60954.0,0.0,24605.0,-63048.0,22874.0,0.0,0.0,-997.0,1000.0
Sun -25 Jun 2028 15:30,44670.0,44670.0,7173.0,609.0,10276.0,10.0,0.0,26602.0,0.0,0.0,0.0,1105962.0,0.0,1105957.0,26612.0,-0.0,-0.0,0.0,6239.0,-13525.0,1561.0,0.0,0.0,553.0,7781.0
Sun -25 Jun 2028 16:00,50570.0,50570.0,7173.0,609.0,10276.0,10.0,0.0,32502.0,0.0,0.0,0.0,1089710.0,0.0,1089700.0,32512.0,-0.0,-0.0,0.0,6695.0,-14838.0,1816.0,0.0,0.0,454.0,7781.0
Sun -25 Jun 2028 16:30,48296.0,48296.0,7173.0,609.0,0.0,10.0,0.0,40505.0,0.0,0.0,0.0,1069458.0,0.0,1069443.0,40515.0,-0.0,-0.0,0.0,4667.0,-6395.0,-1370.0,0.0,0.0,557.0,7781.0
Sun -25 Jun 2028 17:00,51840.0,51840.0,7173.0,609.0,0.0,10.0,0.0,44049.0,0.0,0.0,0.0,1047433.0,0.0,1047414.0,44059.0,-0.0,-0.0,0.0,5002.0,-7386.0,-1003.0,0.0,0.0,430.0,7781.0
Sun -25 Jun 2028 17:30,51006.0,51006.0,7173.0,609.0,0.0,9.0,0.0,43215.0,0.0,0.0,0.0,1025825.0,0.0,1025801.0,43225.0,-0.0,-0.0,0.0,4839.0,-6861.0,-1240.0,0.0,0.0,434.0,7781.0
Sun -25 Jun 2028 18:00,50216.0,50216.0,7173.0,609.0,0.0,9.0,0.0,42425.0,0.0,0.0,0.0,1004613.0,0.0,1004584.0,42435.0,-0.0,-0.0,0.0,4812.0,-6726.0,-1143.0,0.0,0.0,465.0,7781.0
Sun -25 Jun 2028 18:30,48415.0,48415.0,7173.0,609.0,0.0,10.0,0.0,40624.0,0.0,0.0,0.0,984301.0,0.0,984267.0,40633.0,-0.0,-0.0,0.0,4762.0,-6375.0,-1217.0,0.0,0.0,500.0,7781.0
Sun -25 Jun 2028 19:00,45663.0,45663.0,7173.0,609.0,0.0,10.0,0.0,37872.0,0.0,0.0,0.0,965365.0,0.0,965326.0,37882.0,-0.0,-0.0,0.0,4627.0,-5850.0,-1275.0,0.0,0.0,554.0,7781.0
Sun -25 Jun 2028 19:30,42741.0,42741.0,7173.0,609.0,0.0,9.0,0.0,34950.0,0.0,0.0,0.0,947890.0,0.0,947846.0,34960.0,-0.0,-0.0,0.0,4509.0,-5360.0,-1346.0,0.0,0.0,608.0,7781.0
Sun -25 Jun 2028 20:00,42202.0,42202.0,7173.0,609.0,0.0,9.0,0.0,34411.0,0.0,0.0,0.0,930684.0,0.0,930636.0,34421.0,-0.0,-0.0,0.0,4606.0,-5470.0,-1293.0,0.0,0.0,624.0,7781.0
Sun -25 Jun 2028 20:30,41382.0,41382.0,7173.0,609.0,0.0,9.0,0.0,33591.0,0.0,0.0,0.0,913888.0,0.0,913836.0,33601.0,-0.0,-0.0,0.0,4546.0,-5325.0,-1273.0,0.0,0.0,647.0,7781.0
Sun -25 Jun 2028 21:00,39103.0,39103.0,7173.0,609.0,0.0,9.0,0.0,31312.0,0.0,0.0,0.0,898232.0,0.0,898175.0,31322.0,-0.0,-0.0,0.0,4285.0,-4852.0,-1247.0,0.0,0.0,696.0,7781.0
Sun -25 Jun 2028 21:30,37658.0,37658.0,7173.0,609.0,0.0,9.0,0.0,29868.0,0.0,0.0,0.0,883298.0,0.0,883237.0,29877.0,-0.0,-0.0,0.0,4191.0,-4707.0,-1232.0,0.0,0.0,734.0,7781.0
Sun -25 Jun 2028 22:00,37629.0,37629.0,7173.0,609.0,0.0,9.0,0.0,29838.0,0.0,0.0,0.0,868379.0,0.0,868313.0,29847.0,-0.0,-0.0,0.0,4171.0,-4834.0,-1133.0,0.0,0.0,770.0,7781.0
Sun -25 Jun 2028 22:30,35886.0,35886.0,7173.0,609.0,0.0,9.0,0.0,28095.0,0.0,0.0,0.0,854332.0,0.0,854261.0,28104.0,-0.0,-0.0,0.0,4031.0,-4461.0,-1188.0,0.0,0.0,896.0,7781.0
Sun -25 Jun 2028 23:00,36026.0,36026.0,7173.0,609.0,0.0,9.0,0.0,28235.0,0.0,0.0,0.0,840214.0,0.0,840139.0,28244.0,-0.0,-0.0,0.0,3751.0,-4665.0,-426.0,0.0,0.0,849.0,7781.0
Sun -25 Jun 2028 23:30,36478.0,36478.0,7173.0,609.0,0.0,9.0,0.0,28687.0,0.0,0.0,0.0,825870.0,0.0,825791.0,28697.0,-0.0,-0.0,0.0,3627.0,-4506.0,-379.0,0.0,0.0,864.0,7781.0
Mon -26 Jun 2028 00:00,34987.0,34987.0,7173.0,609.0,0.0,6.0,0.0,27199.0,0.0,0.0,0.0,812271.0,0.0,812188.0,27205.0,-0.0,-0.0,0.0,4045.0,-4220.0,-804.0,0.0,0.0,1023.0,7781.0
Mon -26 Jun 2028 00:30,33912.0,33912.0,7173.0,609.0,0.0,6.0,0.0,26124.0,0.0,0.0,0.0,799209.0,0.0,799123.0,26130.0,-0.0,-0.0,0.0,3987.0,-4158.0,-795.0,0.0,0.0,1045.0,7781.0
Mon -26 Jun 2028 01:00,33218.0,33218.0,7173.0,609.0,0.0,6.0,0.0,25431.0,0.0,0.0,0.0,786493.0,0.0,786404.0,25437.0,-0.0,-0.0,0.0,3836.0,-4131.0,-591.0,0.0,0.0,1044.0,7781.0
Mon -26 Jun 2028 01:30,33114.0,33114.0,7173.0,609.0,0.0,6.0,0.0,25326.0,0.0,0.0,0.0,773830.0,0.0,773738.0,25332.0,-0.0,-0.0,0.0,3977.0,-4224.0,-501.0,0.0,0.0,1038.0,7781.0
Mon -26 Jun 2028 02:00,32548.0,32548.0,7173.0,609.0,0.0,6.0,0.0,24761.0,0.0,0.0,0.0,761450.0,0.0,761355.0,24767.0,-0.0,-0.0,0.0,3935.0,-4147.0,-445.0,0.0,0.0,1031.0,7781.0
Mon -26 Jun 2028 02:30,32064.0,32064.0,7173.0,609.0,0.0,6.0,0.0,24277.0,0.0,0.0,0.0,749311.0,0.0,749214.0,24283.0,-0.0,-0.0,0.0,3938.0,-4083.0,-427.0,0.0,0.0,1027.0,7781.0
Mon -26 Jun 2028 03:00,32018.0,32018.0,7173.0,609.0,0.0,6.0,0.0,24230.0,0.0,0.0,0.0,737196.0,0.0,737096.0,24236.0,-0.0,-0.0,0.0,3965.0,-4101.0,-380.0,0.0,0.0,1000.0,7781.0
Mon -26 Jun 2028 03:30,32002.0,32002.0,7173.0,609.0,0.0,6.0,0.0,24215.0,0.0,0.0,0.0,725089.0,0.0,724985.0,24221.0,-0.0,-0.0,0.0,4022.0,-4107.0,-382.0,0.0,0.0,998.0,7781.0
Mon -26 Jun 2028 04:00,32546.0,32546.0,7173.0,609.0,0.0,6.0,0.0,24759.0,0.0,0.0,0.0,712709.0,0.0,712603.0,24765.0,-0.0,-0.0,0.0,4124.0,-4242.0,-428.0,0.0,0.0,970.0,7781.0
Mon -26 Jun 2028 04:30,34247.0,34247.0,7173.0,609.0,0.0,6.0,0.0,26460.0,0.0,0.0,0.0,699479.0,0.0,699370.0,26466.0,-0.0,-0.0,0.0,4309.0,-4611.0,-402.0,0.0,0.0,934.0,7781.0
Mon -26 Jun 2028 05:00,36681.0,36681.0,7173.0,609.0,0.0,6.0,0.0,28894.0,0.0,0.0,0.0,685032.0,0.0,684920.0,28900.0,-0.0,-0.0,0.0,4503.0,-5080.0,-343.0,0.0,0.0,881.0,7781.0
Mon -26 Jun 2028 05:30,39087.0,39087.0,7173.0,609.0,0.0,6.0,0.0,31300.0,0.0,0.0,0.0,669382.0,0.0,669267.0,31306.0,-0.0,-0.0,0.0,4732.0,-5296.0,-451.0,0.0,0.0,839.0,7781.0
Mon -26 Jun 2028 06:00,43096.0,43096.0,7173.0,609.0,0.0,6.0,0.0,35309.0,0.0,0.0,0.0,651727.0,0.0,651609.0,35315.0,-0.0,-0.0,0.0,4956.0,-6002.0,-395.0,0.0,0.0,729.0,7781.0
Mon -26 Jun 2028 06:30,47900.0,47900.0,7173.0,609.0,73293.0,6.0,0.0,0.0,0.0,0.0,-33179.0,664999.0,0.0,664879.0,0.0,-33174.0,-0.0,0.0,7391.0,-48942.0,19147.0,0.0,0.0,-45.0,7781.0
Mon -26 Jun 2028 07:00,51953.0,51953.0,7173.0,609.0,73293.0,6.0,0.0,0.0,0.0,0.0,-29127.0,676650.0,0.0,676527.0,0.0,-29121.0,-0.0,0.0,7598.0,-49502.0,19352.0,0.0,0.0,-185.0,7781.0
Mon -26 Jun 2028 07:30,56889.0,56889.0,1000.0,0.0,149557.0,5.0,0.0,0.0,0.0,-7175.0,-86499.0,711249.0,0.0,711127.0,0.0,-86499.0,-7169.0,0.0,2192.0,-67645.0,22519.0,0.0,0.0,-2146.0,1000.0
Mon -26 Jun 2028 08:00,58972.0,58972.0,1000.0,0.0,149557.0,5.0,0.0,0.0,0.0,-5092.0,-86499.0,745849.0,0.0,745726.0,0.0,-86499.0,-5087.0,0.0,1971.0,-67947.0,22429.0,0.0,0.0,-2180.0,1000.0
Mon -26 Jun 2028 08:30,58327.0,58327.0,1000.0,0.0,181514.0,5.0,0.0,0.0,0.0,-37693.0,-86499.0,780448.0,0.0,780326.0,0.0,-86499.0,-37688.0,0.0,18165.0,-87516.0,25978.0,0.0,0.0,-2107.0,1000.0
Mon -26 Jun 2028 09:00,53513.0,53513.0,1000.0,0.0,181514.0,5.0,0.0,0.0,0.0,-42507.0,-86499.0,815048.0,0.0,814925.0,0.0,-86499.0,-42502.0,0.0,18097.0,-85784.0,25951.0,0.0,0.0,-1919.0,1000.0
Mon -26 Jun 2028 09:30,50453.0,50453.0,1000.0,0.0,178136.0,5.0,0.0,0.0,0.0,-42189.0,-86499.0,849647.0,0.0,849525.0,0.0,-86499.0,-42184.0,0.0,5097.0,-67767.0,22020.0,0.0,0.0,-1851.0,1000.0
Mon -26 Jun 2028 10:00,49102.0,49102.0,1000.0,0.0,178136.0,5.0,0.0,0.0,0.0,-43541.0,-86499.0,884247.0,0.0,884124.0,0.0,-86499.0,-43536.0,0.0,5932.0,-67563.0,21615.0,0.0,0.0,-1722.0,1000.0
Mon -26 Jun 2028 10:30,47115.0,47115.0,1000.0,0.0,177673.0,5.0,0.0,0.0,0.0,-45065.0,-86499.0,918846.0,0.0,918724.0,0.0,-86499.0,-45060.0,0.0,6667.0,-67607.0,21722.0,0.0,0.0,-1641.0,1000.0
Mon -26 Jun 2028 11:00,47439.0,47439.0,1000.0,0.0,177673.0,5.0,0.0,0.0,0.0,-44741.0,-86499.0,953446.0,0.0,953323.0,0.0,-86499.0,-44736.0,0.0,6865.0,-67935.0,21813.0,0.0,0.0,-1638.0,1000.0
Mon -26 Jun 2028 11:30,46282.0,46282.0,1000.0,0.0,177428.0,5.0,0.0,0.0,0.0,-45652.0,-86499.0,988045.0,0.0,987923.0,0.0,-86499.0,-45647.0,0.0,8091.0,-69918.0,23111.0,0.0,0.0,-1621.0,1000.0
Mon -26 Jun 2028 12:00,46770.0,46770.0,1000.0,0.0,177428.0,5.0,0.0,0.0,0.0,-45164.0,-86499.0,1022645.0,0.0,1022522.0,0.0,-86499.0,-45159.0,0.0,8140.0,-70226.0,23040.0,0.0,0.0,-1659.0,1000.0
Mon -26 Jun 2028 12:30,46106.0,46106.0,1000.0,0.0,148635.0,5.0,0.0,0.0,0.0,-17036.0,-86499.0,1057244.0,0.0,1057122.0,0.0,-86499.0,-17030.0,0.0,-102.0,-53605.0,14974.0,0.0,0.0,-1610.0,1000.0
Mon -26 Jun 2028 13:00,46891.0,46891.0,1000.0,0.0,148635.0,5.0,0.0,0.0,0.0,-16250.0,-86499.0,1091844.0,0.0,1091721.0,0.0,-86499.0,-16245.0,0.0,-289.0,-53957.0,15193.0,0.0,0.0,-1630.0,1000.0
Mon -26 Jun 2028 13:30,46584.0,46584.0,1000.0,0.0,129500.0,6.0,0.0,0.0,0.0,-15375.0,-68548.0,1119263.0,0.0,1119263.0,0.0,-68853.0,-15063.0,0.0,-810.0,-45498.0,12349.0,0.0,0.0,-1448.0,1000.0
Mon -26 Jun 2028 14:00,49454.0,49454.0,1000.0,0.0,129500.0,3.0,0.0,0.0,0.0,-81050.0,-0.0,1119263.0,0.0,1119263.0,0.0,-0.0,-81046.0,0.0,10689.0,-39827.0,13137.0,0.0,0.0,-954.0,1000.0
Mon -26 Jun 2028 14:30,50374.0,50374.0,1000.0,0.0,75454.0,3.0,0.0,0.0,0.0,-26084.0,-0.0,1119263.0,0.0,1119263.0,0.0,-0.0,-26081.0,0.0,1059.0,-21738.0,4055.0,0.0,0.0,-967.0,1000.0
Mon -26 Jun 2028 15:00,53891.0,53891.0,1000.0,0.0,75454.0,3.0,0.0,0.0,0.0,-22567.0,-0.0,1119263.0,0.0,1119263.0,0.0,-0.0,-22563.0,0.0,615.0,-22851.0,4192.0,0.0,0.0,-1061.0,1000.0
Mon -26 Jun 2028 15:30,56111.0,56111.0,7173.0,609.0,4358.0,4.0,0.0,43968.0,0.0,0.0,0.0,1097279.0,0.0,1097277.0,43972.0,-0.0,-0.0,0.0,6971.0,-10539.0,-431.0,0.0,0.0,564.0,7781.0
Mon -26 Jun 2028 16:00,57975.0,57975.0,7173.0,609.0,4358.0,4.0,0.0,45832.0,0.0,0.0,0.0,1074363.0,0.0,1074359.0,45835.0,-0.0,-0.0,0.0,6997.0,-10784.0,-510.0,0.0,0.0,515.0,7781.0
Mon -26 Jun 2028 16:30,58271.0,58271.0,7173.0,609.0,0.0,4.0,0.0,50486.0,0.0,0.0,0.0,1049120.0,0.0,1049114.0,50490.0,-0.0,-0.0,0.0,6295.0,-8503.0,-857.0,0.0,0.0,523.0,7781.0
Mon -26 Jun 2028 17:00,61014.0,61014.0,7173.0,609.0,0.0,4.0,0.0,53229.0,0.0,0.0,0.0,1022505.0,0.0,1022498.0,53233.0,-0.0,-0.0,0.0,6347.0,-9120.0,-682.0,0.0,0.0,440.0,7781.0
Mon -26 Jun 2028 17:30,61429.0,61429.0,7173.0,609.0,0.0,4.0,0.0,53644.0,0.0,0.0,0.0,995683.0,0.0,995674.0,53648.0,-0.0,-0.0,0.0,6228.0,-8992.0,-883.0,0.0,0.0,425.0,7781.0
Mon -26 Jun 2028 18:00,59126.0,59126.0,7173.0,609.0,0.0,4.0,0.0,51340.0,0.0,0.0,0.0,970013.0,0.0,970002.0,51345.0,-0.0,-0.0,0.0,5996.0,-8352.0,-1000.0,0.0,0.0,479.0,7781.0
Mon -26 Jun 2028 18:30,55091.0,55091.0,7173.0,609.0,0.0,5.0,0.0,47304.0,0.0,0.0,0.0,946361.0,0.0,946347.0,47309.0,-0.0,-0.0,0.0,5725.0,-7563.0,-1176.0,0.0,0.0,545.0,7781.0
Mon -26 Jun 2028 19:00,51383.0,51383.0,7173.0,609.0,0.0,5.0,0.0,43596.0,0.0,0.0,0.0,924563.0,0.0,924546.0,43601.0,-0.0,-0.0,0.0,5587.0,-6985.0,-1255.0,0.0,0.0,620.0,7781.0
Mon -26 Jun 2028 19:30,48083.0,48083.0,7173.0,609.0,0.0,6.0,0.0,40296.0,0.0,0.0,0.0,904415.0,0.0,904395.0,40302.0,-0.0,-0.0,0.0,5389.0,-6453.0,-1301.0,0.0,0.0,693.0,7781.0
Mon -26 Jun 2028 20:00,45725.0,45725.0,7173.0,609.0,0.0,6.0,0.0,37938.0,0.0,0.0,0.0,885446.0,0.0,885423.0,37944.0,-0.0,-0.0,0.0,5322.0,-6137.0,-1366.0,0.0,0.0,732.0,7781.0
Mon -26 Jun 2028 20:30,44442.0,44442.0,7173.0,609.0,0.0,6.0,0.0,36654.0,0.0,0.0,0.0,867119.0,0.0,867093.0,36660.0,-0.0,-0.0,0.0,5187.0,-6030.0,-1296.0,0.0,0.0,753.0,7781.0
Mon -26 Jun 2028 21:00,43078.0,43078.0,7173.0,609.0,0.0,6.0,0.0,35290.0,0.0,0.0,0.0,849474.0,0.0,849445.0,35296.0,-0.0,-0.0,0.0,5006.0,-5778.0,-1280.0,0.0,0.0,782.0,7781.0
Mon -26 Jun 2028 21:30,41618.0,41618.0,7173.0,609.0,0.0,6.0,0.0,33830.0,0.0,0.0,0.0,832559.0,0.0,832527.0,33836.0,-0.0,-0.0,0.0,4845.0,-5536.0,-1270.0,0.0,0.0,815.0,7781.0
Mon -26 Jun 2028 22:00,40071.0,40071.0,7173.0,609.0,0.0,6.0,0.0,32283.0,0.0,0.0,0.0,816417.0,0.0,816382.0,32289.0,-0.0,-0.0,0.0,4556.0,-5285.0,-1251.0,0.0,0.0,872.0,7781.0
Mon -26 Jun 2028 22:30,38582.0,38582.0,7173.0,609.0,0.0,6.0,0.0,30795.0,0.0,0.0,0.0,801020.0,0.0,800982.0,30801.0,-0.0,-0.0,0.0,4410.0,-5078.0,-1210.0,0.0,0.0,929.0,7781.0
Mon -26 Jun 2028 23:00,39120.0,39120.0,7173.0,609.0,0.0,6.0,0.0,31332.0,0.0,0.0,0.0,785354.0,0.0,785313.0,31338.0,-0.0,-0.0,0.0,4018.0,-5344.0,-299.0,0.0,0.0,913.0,7781.0
Mon -26 Jun 2028 23:30,39463.0,39463.0,7173.0,609.0,0.0,6.0,0.0,31675.0,0.0,0.0,0.0,769516.0,0.0,769472.0,31682.0,-0.0,-0.0,0.0,3767.0,-5120.0,-196.0,0.0,0.0,943.0,7781.0
Tue -27 Jun 2028 00:00,40769.0,40769.0,7173.0,609.0,0.0,11.0,0.0,32977.0,0.0,0.0,0.0,753028.0,0.0,752978.0,32988.0,-0.0,-0.0,0.0,3249.0,-5293.0,170.0,0.0,0.0,795.0,7781.0
Tue -27 Jun 2028 00:30,39833.0,39833.0,7173.0,609.0,0.0,11.0,0.0,32041.0,0.0,0.0,0.0,737007.0,0.0,736952.0,32052.0,-0.0,-0.0,0.0,3151.0,-5108.0,135.0,0.0,0.0,803.0,7781.0
Tue -27 Jun 2028 01:00,39130.0,39130.0,7173.0,609.0,0.0,11.0,0.0,31338.0,0.0,0.0,0.0,721338.0,0.0,721278.0,31349.0,-0.0,-0.0,0.0,3049.0,-5074.0,231.0,0.0,0.0,823.0,7781.0
Tue -27 Jun 2028 01:30,38919.0,38919.0,7173.0,609.0,0.0,11.0,0.0,31127.0,0.0,0.0,0.0,705774.0,0.0,705709.0,31138.0,-0.0,-0.0,0.0,3247.0,-4929.0,49.0,0.0,0.0,869.0,7781.0
Tue -27 Jun 2028 02:00,38564.0,38564.0,7173.0,609.0,0.0,11.0,0.0,30772.0,0.0,0.0,0.0,690389.0,0.0,690318.0,30782.0,-0.0,-0.0,0.0,3303.0,-4916.0,172.0,0.0,0.0,834.0,7781.0
Tue -27 Jun 2028 02:30,38005.0,38005.0,7173.0,609.0,0.0,11.0,0.0,30213.0,0.0,0.0,0.0,675282.0,0.0,675206.0,30223.0,-0.0,-0.0,0.0,3324.0,-4842.0,244.0,0.0,0.0,803.0,7781.0
Tue -27 Jun 2028 03:00,37677.0,37677.0,7173.0,609.0,0.0,11.0,0.0,29885.0,0.0,0.0,0.0,660340.0,0.0,660258.0,29896.0,-0.0,-0.0,0.0,3470.0,-4820.0,144.0,0.0,0.0,803.0,7781.0
Tue -27 Jun 2028 03:30,37486.0,37486.0,7173.0,609.0,0.0,11.0,0.0,29694.0,0.0,0.0,0.0,645493.0,0.0,645406.0,29705.0,-0.0,-0.0,0.0,3526.0,-4809.0,166.0,0.0,0.0,804.0,7781.0
Tue -27 Jun 2028 04:00,38157.0,38157.0,7173.0,609.0,0.0,11.0,0.0,30365.0,0.0,0.0,0.0,630310.0,0.0,630218.0,30375.0,-0.0,-0.0,0.0,3693.0,-5002.0,143.0,0.0,0.0,852.0,7781.0
Tue -27 Jun 2028 04:30,39858.0,39858.0,7173.0,609.0,0.0,11.0,0.0,32066.0,0.0,0.0,0.0,614277.0,0.0,614179.0,32077.0,-0.0,-0.0,0.0,3859.0,-5353.0,212.0,0.0,0.0,748.0,7781.0
Tue -27 Jun 2028 05:00,42689.0,42689.0,7173.0,609.0,0.0,11.0,0.0,34897.0,0.0,0.0,0.0,596829.0,0.0,596726.0,34908.0,-0.0,-0.0,0.0,4144.0,-5898.0,240.0,0.0,0.0,679.0,7781.0
Tue -27 Jun 2028 05:30,45190.0,45190.0,7173.0,609.0,0.0,10.0,0.0,37398.0,0.0,0.0,0.0,578130.0,0.0,578021.0,37408.0,-0.0,-0.0,0.0,4444.0,-6369.0,220.0,0.0,0.0,622.0,7781.0
Tue -27 Jun 2028 06:00,49853.0,49853.0,7173.0,609.0,0.0,10.0,0.0,42061.0,0.0,0.0,0.0,557099.0,0.0,556986.0,42071.0,-0.0,-0.0,0.0,4769.0,-7216.0,200.0,0.0,0.0,513.0,7781.0
Tue -27 Jun 2028 06:30,55210.0,55210.0,7173.0,609.0,84885.0,10.0,0.0,0.0,0.0,0.0,-37467.0,572086.0,0.0,571968.0,0.0,-37457.0,-0.0,0.0,16053.0,-48914.0,6251.0,0.0,0.0,-368.0,7781.0
Tue -27 Jun 2028 07:00,59586.0,59586.0,7173.0,609.0,84885.0,10.0,0.0,0.0,0.0,0.0,-33091.0,585322.0,0.0,585201.0,0.0,-33081.0,-0.0,0.0,16196.0,-49520.0,6431.0,0.0,0.0,-510.0,7781.0
Tue -27 Jun 2028 07:30,64545.0,64545.0,7173.0,609.0,142699.0,10.0,0.0,0.0,0.0,0.0,-85945.0,619700.0,0.0,619575.0,0.0,-85935.0,-0.0,0.0,20856.0,-97036.0,32809.0,0.0,0.0,-1124.0,7781.0
Tue -27 Jun 2028 08:00,66890.0,66890.0,7173.0,609.0,142699.0,10.0,0.0,0.0,0.0,0.0,-83600.0,653140.0,0.0,653011.0,0.0,-83591.0,-0.0,0.0,21477.0,-97164.0,32201.0,0.0,0.0,-1114.0,7781.0
Tue -27 Jun 2028 08:30,66362.0,66362.0,1000.0,0.0,181083.0,9.0,0.0,0.0,0.0,-29232.0,-86499.0,687739.0,0.0,687610.0,0.0,-86499.0,-29223.0,0.0,24069.0,-96018.0,25545.0,0.0,0.0,-2397.0,1000.0
Tue -27 Jun 2028 09:00,58654.0,58654.0,1000.0,0.0,181083.0,9.0,0.0,0.0,0.0,-36939.0,-86499.0,722339.0,0.0,722210.0,0.0,-86499.0,-36930.0,0.0,23689.0,-92770.0,25258.0,0.0,0.0,-2063.0,1000.0
Tue -27 Jun 2028 09:30,55498.0,55498.0,1000.0,0.0,194202.0,9.0,0.0,0.0,0.0,-53215.0,-86499.0,756938.0,0.0,756809.0,0.0,-86499.0,-53206.0,0.0,24950.0,-97899.0,30205.0,0.0,0.0,-1970.0,1000.0
Tue -27 Jun 2028 10:00,52484.0,52484.0,1000.0,0.0,194202.0,9.0,0.0,0.0,0.0,-56229.0,-86499.0,791538.0,0.0,791409.0,0.0,-86499.0,-56220.0,0.0,24435.0,-96888.0,30604.0,0.0,0.0,-1865.0,1000.0
Tue -27 Jun 2028 10:30,50301.0,50301.0,1000.0,0.0,193044.0,10.0,0.0,0.0,0.0,-57254.0,-86499.0,826137.0,0.0,826008.0,0.0,-86499.0,-57244.0,0.0,23573.0,-95082.0,30461.0,0.0,0.0,-1755.0,1000.0
Tue -27 Jun 2028 11:00,49888.0,49888.0,1000.0,0.0,193044.0,10.0,0.0,0.0,0.0,-57667.0,-86499.0,860737.0,0.0,860608.0,0.0,-86499.0,-57657.0,0.0,23345.0,-95122.0,30687.0,0.0,0.0,-1750.0,1000.0
Tue -27 Jun 2028 11:30,48580.0,48580.0,1000.0,0.0,187546.0,10.0,0.0,0.0,0.0,-53478.0,-86499.0,895336.0,0.0,895207.0,0.0,-86499.0,-53467.0,0.0,23453.0,-94085.0,30034.0,0.0,0.0,-1688.0,1000.0
Tue -27 Jun 2028 12:00,48596.0,48596.0,1000.0,0.0,187546.0,10.0,0.0,0.0,0.0,-53462.0,-86499.0,929936.0,0.0,929807.0,0.0,-86499.0,-53451.0,0.0,23337.0,-94172.0,30060.0,0.0,0.0,-1699.0,1000.0
Tue -27 Jun 2028 12:30,47815.0,47815.0,1000.0,0.0,171711.0,11.0,0.0,0.0,0.0,-38408.0,-86499.0,964535.0,0.0,964406.0,0.0,-86499.0,-38397.0,0.0,23758.0,-90548.0,26263.0,0.0,0.0,-1647.0,1000.0
Tue -27 Jun 2028 13:00,48115.0,48115.0,1000.0,0.0,171711.0,11.0,0.0,0.0,0.0,-38108.0,-86499.0,999135.0,0.0,999006.0,0.0,-86499.0,-38097.0,0.0,23849.0,-90777.0,26129.0,0.0,0.0,-1567.0,1000.0
Tue -27 Jun 2028 13:30,47803.0,47803.0,1000.0,0.0,137691.0,11.0,0.0,0.0,0.0,-4400.0,-86499.0,1033734.0,0.0,1033605.0,0.0,-86499.0,-4389.0,0.0,24703.0,-78655.0,13304.0,0.0,0.0,-1624.0,1000.0
Tue -27 Jun 2028 14:00,50555.0,50555.0,1000.0,0.0,137691.0,10.0,0.0,0.0,0.0,-1646.0,-86499.0,1068334.0,0.0,1068205.0,0.0,-86499.0,-1637.0,0.0,25278.0,-79418.0,12282.0,0.0,0.0,-1715.0,1000.0
Tue -27 Jun 2028 14:30,52205.0,52205.0,7173.0,609.0,100682.0,9.0,0.0,0.0,0.0,0.0,-56267.0,1090841.0,0.0,1090708.0,0.0,-56258.0,-0.0,0.0,19069.0,-57512.0,6936.0,0.0,0.0,-202.0,7781.0
Tue -27 Jun 2028 15:00,55686.0,55686.0,7173.0,609.0,100682.0,9.0,0.0,0.0,0.0,0.0,-52786.0,1111955.0,0.0,1111819.0,0.0,-52777.0,-0.0,0.0,19440.0,-58244.0,6905.0,0.0,0.0,-266.0,7781.0
Tue -27 Jun 2028 15:30,57539.0,57539.0,7173.0,609.0,6836.0,9.0,0.0,42913.0,0.0,0.0,0.0,1090499.0,0.0,1090358.0,42922.0,-0.0,-0.0,0.0,6573.0,-13175.0,593.0,0.0,0.0,501.0,7781.0
Tue -27 Jun 2028 16:00,61607.0,61607.0,7173.0,609.0,6836.0,9.0,0.0,46981.0,0.0,0.0,0.0,1067008.0,0.0,1066863.0,46990.0,-0.0,-0.0,0.0,7437.0,-13935.0,381.0,0.0,0.0,450.0,7781.0
Tue -27 Jun 2028 16:30,62158.0,62158.0,7173.0,609.0,0.0,9.0,0.0,54368.0,0.0,0.0,0.0,1039824.0,0.0,1039674.0,54377.0,-0.0,-0.0,0.0,6281.0,-8919.0,-1702.0,0.0,0.0,452.0,7781.0
Tue -27 Jun 2028 17:00,66712.0,66712.0,7173.0,609.0,0.0,9.0,0.0,58922.0,0.0,0.0,0.0,1010363.0,0.0,1010209.0,58931.0,-0.0,-0.0,0.0,6713.0,-9966.0,-1332.0,0.0,0.0,306.0,7781.0
Tue -27 Jun 2028 17:30,67482.0,67482.0,7173.0,609.0,0.0,9.0,0.0,59692.0,0.0,0.0,0.0,980517.0,0.0,980359.0,59701.0,-0.0,-0.0,0.0,6756.0,-9877.0,-1560.0,0.0,0.0,275.0,7781.0
Tue -27 Jun 2028 18:00,66073.0,66073.0,7173.0,609.0,0.0,9.0,0.0,58283.0,0.0,0.0,0.0,951376.0,0.0,951217.0,58283.0,-0.0,-0.0,0.0,6802.0,-9449.0,-1663.0,0.0,0.0,292.0,7781.0
Tue -27 Jun 2028 18:30,61869.0,61869.0,7173.0,609.0,0.0,9.0,0.0,54078.0,0.0,0.0,0.0,924337.0,0.0,924178.0,54078.0,-0.0,-0.0,0.0,6459.0,-8629.0,-1801.0,0.0,0.0,365.0,7781.0
Tue -27 Jun 2028 19:00,58788.0,58788.0,7173.0,609.0,0.0,9.0,0.0,50997.0,0.0,0.0,0.0,898838.0,0.0,898680.0,50997.0,-0.0,-0.0,0.0,6100.0,-8225.0,-1452.0,0.0,0.0,423.0,7781.0
Tue -27 Jun 2028 19:30,55278.0,55278.0,7173.0,609.0,0.0,9.0,0.0,47487.0,0.0,0.0,0.0,875095.0,0.0,874936.0,47487.0,-0.0,-0.0,0.0,5805.0,-7667.0,-1422.0,0.0,0.0,481.0,7781.0
Tue -27 Jun 2028 20:00,52867.0,52867.0,7173.0,609.0,0.0,9.0,0.0,45076.0,0.0,0.0,0.0,852557.0,0.0,852398.0,45076.0,-0.0,-0.0,0.0,5806.0,-7376.0,-1395.0,0.0,0.0,522.0,7781.0
Tue -27 Jun 2028 20:30,51624.0,51624.0,7173.0,609.0,0.0,9.0,0.0,43833.0,0.0,0.0,0.0,830640.0,0.0,830481.0,43833.0,-0.0,-0.0,0.0,5745.0,-7322.0,-1216.0,0.0,0.0,553.0,7781.0
Tue -27 Jun 2028 21:00,49414.0,49414.0,7173.0,609.0,0.0,9.0,0.0,41623.0,0.0,0.0,0.0,809829.0,0.0,809670.0,41623.0,-0.0,-0.0,0.0,4796.0,-6890.0,-646.0,0.0,0.0,579.0,7781.0
Tue -27 Jun 2028 21:30,47818.0,47818.0,7173.0,609.0,0.0,10.0,0.0,40027.0,0.0,0.0,0.0,789815.0,0.0,789656.0,40027.0,-0.0,-0.0,0.0,4736.0,-6664.0,-633.0,0.0,0.0,629.0,7781.0
Tue -27 Jun 2028 22:00,46007.0,46007.0,7173.0,609.0,0.0,10.0,0.0,38216.0,0.0,0.0,0.0,770707.0,0.0,770548.0,38216.0,-0.0,-0.0,0.0,4183.0,-6378.0,-387.0,0.0,0.0,680.0,7781.0
Tue -27 Jun 2028 22:30,44239.0,44239.0,7173.0,609.0,0.0,11.0,0.0,36447.0,0.0,0.0,0.0,752484.0,0.0,752325.0,36447.0,-0.0,-0.0,0.0,4097.0,-6112.0,-366.0,0.0,0.0,740.0,7781.0
Tue -27 Jun 2028 23:00,43611.0,43611.0,7173.0,609.0,0.0,11.0,0.0,35819.0,0.0,0.0,0.0,734574.0,0.0,734415.0,35819.0,-0.0,-0.0,0.0,3931.0,-6126.0,17.0,0.0,0.0,789.0,7781.0
Tue -27 Jun 2028 23:30,44385.0,44385.0,7173.0,609.0,0.0,11.0,0.0,36593.0,0.0,0.0,0.0,716278.0,0.0,716119.0,36593.0,-0.0,-0.0,0.0,3930.0,-5827.0,-149.0,0.0,0.0,836.0,7781.0
Wed -28 Jun 2028 00:00,40777.0,40777.0,7173.0,609.0,0.0,9.0,0.0,32986.0,0.0,0.0,0.0,699784.0,0.0,699625.0,32986.0,-0.0,-0.0,0.0,3687.0,-5373.0,95.0,0.0,0.0,916.0,7781.0
Wed -28 Jun 2028 00:30,39779.0,39779.0,7173.0,609.0,0.0,9.0,0.0,31988.0,0.0,0.0,0.0,683790.0,0.0,683631.0,31988.0,-0.0,-0.0,0.0,3618.0,-5252.0,83.0,0.0,0.0,936.0,7781.0
Wed -28 Jun 2028 01:00,39257.0,39257.0,7173.0,609.0,0.0,9.0,0.0,31467.0,0.0,0.0,0.0,668057.0,0.0,667898.0,31467.0,-0.0,-0.0,0.0,3552.0,-5254.0,213.0,0.0,0.0,936.0,7781.0
Wed -28 Jun 2028 01:30,38643.0,38643.0,7173.0,609.0,0.0,9.0,0.0,30852.0,0.0,0.0,0.0,652631.0,0.0,652472.0,30852.0,-0.0,-0.0,0.0,3511.0,-5210.0,237.0,0.0,0.0,933.0,7781.0
Wed -28 Jun 2028 02:00,37852.0,37852.0,7173.0,609.0,0.0,9.0,0.0,30062.0,0.0,0.0,0.0,637600.0,0.0,637441.0,30062.0,-0.0,-0.0,0.0,3578.0,-5076.0,173.0,0.0,0.0,938.0,7781.0
Wed -28 Jun 2028 02:30,37226.0,37226.0,7173.0,609.0,0.0,9.0,0.0,29436.0,0.0,0.0,0.0,622882.0,0.0,622723.0,29436.0,-0.0,-0.0,0.0,3608.0,-4980.0,179.0,0.0,0.0,931.0,7781.0
Wed -28 Jun 2028 03:00,37784.0,37784.0,7173.0,609.0,0.0,9.0,0.0,29994.0,0.0,0.0,0.0,607885.0,0.0,607726.0,29994.0,-0.0,-0.0,0.0,3607.0,-5164.0,487.0,0.0,0.0,913.0,7781.0
Wed -28 Jun 2028 03:30,37706.0,37706.0,7173.0,609.0,0.0,9.0,0.0,29916.0,0.0,0.0,0.0,592927.0,0.0,592768.0,29916.0,-0.0,-0.0,0.0,3677.0,-5140.0,471.0,0.0,0.0,909.0,7781.0
Wed -28 Jun 2028 04:00,38367.0,38367.0,7173.0,609.0,0.0,9.0,0.0,30577.0,0.0,0.0,0.0,577638.0,0.0,577479.0,30577.0,-0.0,-0.0,0.0,3763.0,-5315.0,599.0,0.0,0.0,903.0,7781.0
Wed -28 Jun 2028 04:30,39997.0,39997.0,7173.0,609.0,0.0,9.0,0.0,32207.0,0.0,0.0,0.0,561535.0,0.0,561376.0,32207.0,-0.0,-0.0,0.0,3964.0,-5667.0,626.0,0.0,0.0,872.0,7781.0
Wed -28 Jun 2028 05:00,42470.0,42470.0,7173.0,609.0,0.0,9.0,0.0,34680.0,0.0,0.0,0.0,544195.0,0.0,544036.0,34680.0,-0.0,-0.0,0.0,4144.0,-6133.0,707.0,0.0,0.0,826.0,7781.0
Wed -28 Jun 2028 05:30,44705.0,44705.0,7173.0,609.0,0.0,8.0,0.0,36915.0,0.0,0.0,0.0,525738.0,0.0,525579.0,36915.0,-0.0,-0.0,0.0,4402.0,-6539.0,698.0,0.0,0.0,801.0,7781.0
Wed -28 Jun 2028 06:00,49115.0,49115.0,7173.0,609.0,0.0,8.0,0.0,41325.0,0.0,0.0,0.0,505075.0,0.0,504916.0,41325.0,-0.0,-0.0,0.0,4720.0,-7343.0,710.0,0.0,0.0,697.0,7781.0
Wed -28 Jun 2028 06:30,54073.0,54073.0,7173.0,609.0,64803.0,8.0,0.0,0.0,0.0,0.0,-18519.0,512483.0,0.0,512324.0,0.0,-18519.0,-0.0,0.0,13738.0,-35953.0,1682.0,0.0,0.0,-10.0,7781.0
Wed -28 Jun 2028 07:00,58090.0,58090.0,7173.0,609.0,64803.0,8.0,0.0,0.0,0.0,0.0,-14502.0,518283.0,0.0,518125.0,0.0,-14502.0,-0.0,0.0,14238.0,-36541.0,1525.0,0.0,0.0,-152.0,7781.0
Wed -28 Jun 2028 07:30,62639.0,62639.0,7173.0,609.0,131852.0,8.0,0.0,0.0,0.0,0.0,-77002.0,549084.0,0.0,548925.0,0.0,-77002.0,-0.0,0.0,21756.0,-71801.0,10190.0,0.0,0.0,-823.0,7781.0
Wed -28 Jun 2028 08:00,65339.0,65339.0,7173.0,609.0,131852.0,8.0,0.0,0.0,0.0,0.0,-74303.0,578805.0,0.0,578646.0,0.0,-74303.0,-0.0,0.0,23132.0,-72034.0,9139.0,0.0,0.0,-795.0,7781.0
Wed -28 Jun 2028 08:30,64410.0,64410.0,1000.0,0.0,163589.0,8.0,0.0,0.0,0.0,-13688.0,-86499.0,613405.0,0.0,613246.0,0.0,-86499.0,-13688.0,0.0,21699.0,-85776.0,18894.0,0.0,0.0,-2145.0,1000.0
Wed -28 Jun 2028 09:00,54790.0,54790.0,1000.0,0.0,163589.0,8.0,0.0,0.0,0.0,-23308.0,-86499.0,648004.0,0.0,647845.0,0.0,-86499.0,-23308.0,0.0,20981.0,-82237.0,19056.0,0.0,0.0,-1837.0,1000.0
Wed -28 Jun 2028 09:30,51292.0,51292.0,1000.0,0.0,186738.0,8.0,0.0,0.0,0.0,-49956.0,-86499.0,682604.0,0.0,682445.0,0.0,-86499.0,-49956.0,0.0,21659.0,-91361.0,28705.0,0.0,0.0,-1732.0,1000.0
Wed -28 Jun 2028 10:00,47545.0,47545.0,1000.0,0.0,186738.0,8.0,0.0,0.0,0.0,-53702.0,-86499.0,717203.0,0.0,717044.0,0.0,-86499.0,-53702.0,0.0,21005.0,-90430.0,29481.0,0.0,0.0,-1628.0,1000.0
Wed -28 Jun 2028 10:30,45333.0,45333.0,1000.0,0.0,179933.0,9.0,0.0,0.0,0.0,-49110.0,-86499.0,751803.0,0.0,751644.0,0.0,-86499.0,-49110.0,0.0,21463.0,-88578.0,28002.0,0.0,0.0,-1573.0,1000.0
Wed -28 Jun 2028 11:00,44674.0,44674.0,1000.0,0.0,179933.0,9.0,0.0,0.0,0.0,-49769.0,-86499.0,786402.0,0.0,786243.0,0.0,-86499.0,-49769.0,0.0,21112.0,-88550.0,28392.0,0.0,0.0,-1583.0,1000.0
Wed -28 Jun 2028 11:30,43641.0,43641.0,1000.0,0.0,174454.0,9.0,0.0,0.0,0.0,-45322.0,-86499.0,821002.0,0.0,820843.0,0.0,-86499.0,-45322.0,0.0,14566.0,-76521.0,23349.0,0.0,0.0,-1536.0,1000.0
Wed -28 Jun 2028 12:00,43545.0,43545.0,1000.0,0.0,174454.0,9.0,0.0,0.0,0.0,-45418.0,-86499.0,855601.0,0.0,855442.0,0.0,-86499.0,-45418.0,0.0,14463.0,-76612.0,23425.0,0.0,0.0,-1547.0,1000.0
Wed -28 Jun 2028 12:30,43013.0,43013.0,1000.0,0.0,155891.0,8.0,0.0,0.0,0.0,-27388.0,-86499.0,890201.0,0.0,890042.0,0.0,-86499.0,-27388.0,0.0,14405.0,-71049.0,18139.0,0.0,0.0,-1526.0,1000.0
Wed -28 Jun 2028 13:00,43571.0,43571.0,1000.0,0.0,155891.0,8.0,0.0,0.0,0.0,-26830.0,-86499.0,924800.0,0.0,924641.0,0.0,-86499.0,-26830.0,0.0,14282.0,-71312.0,18215.0,0.0,0.0,-1546.0,1000.0
Wed -28 Jun 2028 13:30,43565.0,43565.0,1000.0,0.0,137356.0,8.0,0.0,0.0,0.0,-8300.0,-86499.0,959400.0,0.0,959241.0,0.0,-86499.0,-8300.0,0.0,18803.0,-71033.0,13392.0,0.0,0.0,-1525.0,1000.0
Wed -28 Jun 2028 14:00,46702.0,46702.0,1000.0,0.0,137356.0,11.0,0.0,0.0,0.0,-5166.0,-86499.0,993999.0,0.0,993840.0,0.0,-86499.0,-5166.0,0.0,19360.0,-72444.0,12995.0,0.0,0.0,-1618.0,1000.0
Wed -28 Jun 2028 14:30,48541.0,48541.0,7173.0,609.0,101265.0,11.0,0.0,0.0,0.0,0.0,-60516.0,1018205.0,0.0,1018047.0,0.0,-60516.0,-0.0,0.0,16269.0,-54698.0,7490.0,0.0,0.0,-129.0,7781.0
Wed -28 Jun 2028 15:00,52288.0,52288.0,7173.0,609.0,101265.0,11.0,0.0,0.0,0.0,0.0,-56769.0,1040913.0,0.0,1040754.0,0.0,-56769.0,-0.0,0.0,16836.0,-55480.0,7359.0,0.0,0.0,-188.0,7781.0
Wed -28 Jun 2028 15:30,54829.0,54829.0,7173.0,609.0,2529.0,10.0,0.0,44508.0,0.0,0.0,0.0,1018659.0,0.0,1018500.0,44508.0,-0.0,-0.0,0.0,6062.0,-9160.0,-762.0,0.0,0.0,631.0,7781.0
Wed -28 Jun 2028 16:00,57943.0,57943.0,7173.0,609.0,2529.0,10.0,0.0,47622.0,0.0,0.0,0.0,994848.0,0.0,994689.0,47622.0,-0.0,-0.0,0.0,6347.0,-9722.0,-707.0,0.0,0.0,570.0,7781.0
Wed -28 Jun 2028 16:30,57857.0,57857.0,7173.0,609.0,0.0,10.0,0.0,50065.0,0.0,0.0,0.0,969815.0,0.0,969656.0,50065.0,-0.0,-0.0,0.0,5715.0,-8058.0,-1164.0,0.0,0.0,538.0,7781.0
Wed -28 Jun 2028 17:00,61320.0,61320.0,7173.0,609.0,0.0,10.0,0.0,53529.0,0.0,0.0,0.0,943051.0,0.0,942892.0,53529.0,-0.0,-0.0,0.0,5684.0,-8873.0,-570.0,0.0,0.0,420.0,7781.0
Wed -28 Jun 2028 17:30,61800.0,61800.0,7173.0,609.0,0.0,10.0,0.0,54009.0,0.0,0.0,0.0,916046.0,0.0,915887.0,54009.0,-0.0,-0.0,0.0,5660.0,-8722.0,-773.0,0.0,0.0,408.0,7781.0
Wed -28 Jun 2028 18:00,59827.0,59827.0,7173.0,609.0,0.0,10.0,0.0,52036.0,0.0,0.0,0.0,890028.0,0.0,889869.0,52036.0,-0.0,-0.0,0.0,5604.0,-8199.0,-892.0,0.0,0.0,457.0,7781.0
Wed -28 Jun 2028 18:30,55995.0,55995.0,7173.0,609.0,0.0,10.0,0.0,48204.0,0.0,0.0,0.0,865926.0,0.0,865767.0,48204.0,-0.0,-0.0,0.0,5318.0,-7372.0,-1069.0,0.0,0.0,531.0,7781.0
Wed -28 Jun 2028 19:00,52534.0,52534.0,7173.0,609.0,0.0,10.0,0.0,44743.0,0.0,0.0,0.0,843555.0,0.0,843396.0,44743.0,-0.0,-0.0,0.0,5075.0,-6875.0,-962.0,0.0,0.0,602.0,7781.0
Wed -28 Jun 2028 19:30,49349.0,49349.0,7173.0,609.0,0.0,10.0,0.0,41557.0,0.0,0.0,0.0,822776.0,0.0,822618.0,41557.0,-0.0,-0.0,0.0,4938.0,-6393.0,-1017.0,0.0,0.0,661.0,7781.0
Wed -28 Jun 2028 20:00,46983.0,46983.0,7173.0,609.0,0.0,10.0,0.0,39191.0,0.0,0.0,0.0,803181.0,0.0,803022.0,39191.0,-0.0,-0.0,0.0,4868.0,-6085.0,-1020.0,0.0,0.0,706.0,7781.0
Wed -28 Jun 2028 20:30,45651.0,45651.0,7173.0,609.0,0.0,10.0,0.0,37860.0,0.0,0.0,0.0,784251.0,0.0,784092.0,37860.0,-0.0,-0.0,0.0,4769.0,-5978.0,-976.0,0.0,0.0,737.0,7781.0
Wed -28 Jun 2028 21:00,43512.0,43512.0,7173.0,609.0,0.0,10.0,0.0,35720.0,0.0,0.0,0.0,766391.0,0.0,766232.0,35720.0,-0.0,-0.0,0.0,4350.0,-5571.0,-824.0,0.0,0.0,755.0,7781.0
Wed -28 Jun 2028 21:30,42027.0,42027.0,7173.0,609.0,0.0,10.0,0.0,34235.0,0.0,0.0,0.0,749274.0,0.0,749115.0,34235.0,-0.0,-0.0,0.0,4241.0,-5357.0,-804.0,0.0,0.0,803.0,7781.0
Wed -28 Jun 2028 22:00,40481.0,40481.0,7173.0,609.0,0.0,10.0,0.0,32689.0,0.0,0.0,0.0,732929.0,0.0,732770.0,32689.0,-0.0,-0.0,0.0,3879.0,-5088.0,-728.0,0.0,0.0,863.0,7781.0
Wed -28 Jun 2028 22:30,38876.0,38876.0,7173.0,609.0,0.0,10.0,0.0,31085.0,0.0,0.0,0.0,717387.0,0.0,717228.0,31085.0,-0.0,-0.0,0.0,3746.0,-4870.0,-712.0,0.0,0.0,965.0,7781.0
Wed -28 Jun 2028 23:00,38069.0,38069.0,7173.0,609.0,0.0,10.0,0.0,30278.0,0.0,0.0,0.0,702248.0,0.0,702089.0,30278.0,-0.0,-0.0,0.0,3608.0,-4825.0,-482.0,0.0,0.0,1029.0,7781.0
Wed -28 Jun 2028 23:30,38687.0,38687.0,7173.0,609.0,0.0,9.0,0.0,30896.0,0.0,0.0,0.0,686800.0,0.0,686641.0,30896.0,-0.0,-0.0,0.0,3681.0,-4737.0,-597.0,0.0,0.0,1068.0,7781.0
Thu -29 Jun 2028 00:00,38402.0,38402.0,7173.0,609.0,0.0,9.0,0.0,30611.0,0.0,0.0,0.0,671494.0,0.0,671335.0,30611.0,-0.0,-0.0,0.0,4086.0,-4799.0,-715.0,0.0,0.0,1114.0,7781.0
Thu -29 Jun 2028 00:30,37411.0,37411.0,7173.0,609.0,0.0,9.0,0.0,29621.0,0.0,0.0,0.0,656684.0,0.0,656525.0,29621.0,-0.0,-0.0,0.0,4015.0,-4687.0,-737.0,0.0,0.0,1141.0,7781.0
Thu -29 Jun 2028 01:00,36370.0,36370.0,7173.0,609.0,0.0,9.0,0.0,28580.0,0.0,0.0,0.0,642394.0,0.0,642235.0,28580.0,-0.0,-0.0,0.0,3902.0,-4588.0,-689.0,0.0,0.0,1146.0,7781.0
Thu -29 Jun 2028 01:30,35684.0,35684.0,7173.0,609.0,0.0,9.0,0.0,27894.0,0.0,0.0,0.0,628447.0,0.0,628288.0,27894.0,-0.0,-0.0,0.0,3854.0,-4547.0,-666.0,0.0,0.0,1152.0,7781.0
Thu -29 Jun 2028 02:00,34762.0,34762.0,7173.0,609.0,0.0,9.0,0.0,26971.0,0.0,0.0,0.0,614961.0,0.0,614802.0,26971.0,-0.0,-0.0,0.0,3904.0,-4394.0,-772.0,0.0,0.0,1122.0,7781.0
Thu -29 Jun 2028 02:30,34271.0,34271.0,7173.0,609.0,0.0,9.0,0.0,26480.0,0.0,0.0,0.0,601721.0,0.0,601562.0,26480.0,-0.0,-0.0,0.0,3943.0,-4341.0,-715.0,0.0,0.0,1075.0,7781.0
Thu -29 Jun 2028 03:00,34050.0,34050.0,7173.0,609.0,0.0,9.0,0.0,26259.0,0.0,0.0,0.0,588591.0,0.0,588432.0,26259.0,-0.0,-0.0,0.0,4000.0,-4327.0,-710.0,0.0,0.0,1058.0,7781.0
Thu -29 Jun 2028 03:30,33953.0,33953.0,7173.0,609.0,0.0,8.0,0.0,26163.0,0.0,0.0,0.0,575510.0,0.0,575351.0,26163.0,-0.0,-0.0,0.0,4034.0,-4302.0,-690.0,0.0,0.0,1053.0,7781.0
Thu -29 Jun 2028 04:00,34339.0,34339.0,7173.0,609.0,0.0,8.0,0.0,26549.0,0.0,0.0,0.0,562235.0,0.0,562076.0,26549.0,-0.0,-0.0,0.0,4181.0,-4411.0,-772.0,0.0,0.0,1109.0,7781.0
Thu -29 Jun 2028 04:30,35990.0,35990.0,7173.0,609.0,0.0,8.0,0.0,28201.0,0.0,0.0,0.0,548135.0,0.0,547976.0,28201.0,-0.0,-0.0,0.0,4405.0,-4749.0,-784.0,0.0,0.0,1094.0,7781.0
Thu -29 Jun 2028 05:00,38297.0,38297.0,7173.0,609.0,0.0,8.0,0.0,30507.0,0.0,0.0,0.0,532881.0,0.0,532722.0,30507.0,-0.0,-0.0,0.0,4678.0,-5176.0,-806.0,0.0,0.0,998.0,7781.0
Thu -29 Jun 2028 05:30,40712.0,40712.0,7173.0,609.0,0.0,8.0,0.0,32922.0,0.0,0.0,0.0,516420.0,0.0,516261.0,32922.0,-0.0,-0.0,0.0,5006.0,-5639.0,-820.0,0.0,0.0,905.0,7781.0
Thu -29 Jun 2028 06:00,44919.0,44919.0,7173.0,609.0,0.0,8.0,0.0,37129.0,0.0,0.0,0.0,497855.0,0.0,497696.0,37129.0,-0.0,-0.0,0.0,5434.0,-6389.0,-912.0,0.0,0.0,802.0,7781.0
Thu -29 Jun 2028 06:30,49947.0,49947.0,7173.0,609.0,110061.0,8.0,0.0,0.0,0.0,0.0,-67903.0,525016.0,0.0,524858.0,0.0,-67903.0,-0.0,0.0,14981.0,-58634.0,10520.0,0.0,0.0,-311.0,7781.0
Thu -29 Jun 2028 07:00,54164.0,54164.0,7173.0,609.0,110061.0,8.0,0.0,0.0,0.0,0.0,-63687.0,550491.0,0.0,550332.0,0.0,-63687.0,-0.0,0.0,15150.0,-59247.0,10621.0,0.0,0.0,-464.0,7781.0
Thu -29 Jun 2028 07:30,58526.0,58526.0,1000.0,0.0,181253.0,7.0,0.0,0.0,0.0,-37236.0,-86499.0,585091.0,0.0,584932.0,0.0,-86499.0,-37236.0,0.0,23315.0,-96256.0,28987.0,0.0,0.0,-2128.0,1000.0
Thu -29 Jun 2028 08:00,61387.0,61387.0,1000.0,0.0,181253.0,7.0,0.0,0.0,0.0,-34375.0,-86499.0,619690.0,0.0,619531.0,0.0,-86499.0,-34375.0,0.0,23500.0,-96926.0,28365.0,0.0,0.0,-2171.0,1000.0
Thu -29 Jun 2028 08:30,60259.0,60259.0,1000.0,0.0,193101.0,7.0,0.0,0.0,0.0,-47351.0,-86499.0,654290.0,0.0,654131.0,0.0,-86499.0,-47351.0,0.0,25842.0,-101527.0,31178.0,0.0,0.0,-2124.0,1000.0
Thu -29 Jun 2028 09:00,52818.0,52818.0,1000.0,0.0,193101.0,7.0,0.0,0.0,0.0,-54791.0,-86499.0,688889.0,0.0,688730.0,0.0,-86499.0,-54791.0,0.0,25060.0,-98437.0,31311.0,0.0,0.0,-1852.0,1000.0
Thu -29 Jun 2028 09:30,49377.0,49377.0,1000.0,0.0,206833.0,7.0,0.0,0.0,0.0,-71963.0,-86499.0,723489.0,0.0,723330.0,0.0,-86499.0,-71963.0,0.0,21065.0,-96320.0,34365.0,0.0,0.0,-1756.0,1000.0
Thu -29 Jun 2028 10:00,46640.0,46640.0,1000.0,0.0,206833.0,7.0,0.0,0.0,0.0,-74700.0,-86499.0,758088.0,0.0,757929.0,0.0,-86499.0,-74700.0,0.0,20981.0,-95580.0,34573.0,0.0,0.0,-1680.0,1000.0
Thu -29 Jun 2028 10:30,44470.0,44470.0,1000.0,0.0,187304.0,7.0,0.0,0.0,0.0,-57342.0,-86499.0,792688.0,0.0,792529.0,0.0,-86499.0,-57342.0,0.0,23449.0,-94452.0,31827.0,0.0,0.0,-1629.0,1000.0
Thu -29 Jun 2028 11:00,44658.0,44658.0,1000.0,0.0,187304.0,7.0,0.0,0.0,0.0,-57154.0,-86499.0,827287.0,0.0,827128.0,0.0,-86499.0,-57154.0,0.0,23599.0,-94695.0,31913.0,0.0,0.0,-1636.0,1000.0
Thu -29 Jun 2028 11:30,43628.0,43628.0,1000.0,0.0,184064.0,7.0,0.0,0.0,0.0,-54944.0,-86499.0,861886.0,0.0,861728.0,0.0,-86499.0,-54944.0,0.0,23021.0,-91951.0,30189.0,0.0,0.0,-1596.0,1000.0
Thu -29 Jun 2028 12:00,43847.0,43847.0,1000.0,0.0,184064.0,7.0,0.0,0.0,0.0,-54724.0,-86499.0,896486.0,0.0,896327.0,0.0,-86499.0,-54724.0,0.0,23216.0,-92142.0,30133.0,0.0,0.0,-1578.0,1000.0
Thu -29 Jun 2028 12:30,43332.0,43332.0,1000.0,0.0,172171.0,7.0,0.0,0.0,0.0,-43348.0,-86499.0,931085.0,0.0,930927.0,0.0,-86499.0,-43348.0,0.0,23035.0,-89176.0,27597.0,0.0,0.0,-1546.0,1000.0
Thu -29 Jun 2028 13:00,43988.0,43988.0,1000.0,0.0,172171.0,7.0,0.0,0.0,0.0,-42691.0,-86499.0,965685.0,0.0,965526.0,0.0,-86499.0,-42691.0,0.0,22960.0,-89529.0,27667.0,0.0,0.0,-1593.0,1000.0
Thu -29 Jun 2028 13:30,43933.0,43933.0,1000.0,0.0,151915.0,7.0,0.0,0.0,0.0,-22491.0,-86499.0,1000284.0,0.0,1000126.0,0.0,-86499.0,-22491.0,0.0,24140.0,-84506.0,21418.0,0.0,0.0,-1545.0,1000.0
Thu -29 Jun 2028 14:00,46819.0,46819.0,1000.0,0.0,151915.0,8.0,0.0,0.0,0.0,-19606.0,-86499.0,1034884.0,0.0,1034725.0,0.0,-86499.0,-19606.0,0.0,24790.0,-85765.0,20780.0,0.0,0.0,-1635.0,1000.0
Thu -29 Jun 2028 14:30,48601.0,48601.0,7173.0,609.0,118759.0,9.0,0.0,0.0,0.0,0.0,-77948.0,1066063.0,0.0,1065904.0,0.0,-77948.0,-0.0,0.0,22143.0,-70141.0,12140.0,0.0,0.0,-305.0,7781.0
Thu -29 Jun 2028 15:00,52246.0,52246.0,7173.0,609.0,118759.0,9.0,0.0,0.0,0.0,0.0,-74303.0,1095784.0,0.0,1095626.0,0.0,-74303.0,-0.0,0.0,22721.0,-70925.0,12036.0,0.0,0.0,-381.0,7781.0
Thu -29 Jun 2028 15:30,54767.0,54767.0,7173.0,609.0,9618.0,9.0,0.0,37359.0,0.0,0.0,0.0,1077105.0,0.0,1076946.0,37359.0,-0.0,-0.0,0.0,7808.0,-14623.0,1033.0,0.0,0.0,521.0,7781.0
Thu -29 Jun 2028 16:00,57767.0,57767.0,7173.0,609.0,9618.0,9.0,0.0,40359.0,0.0,0.0,0.0,1056925.0,0.0,1056766.0,40359.0,-0.0,-0.0,0.0,8437.0,-15187.0,954.0,0.0,0.0,447.0,7781.0
Thu -29 Jun 2028 16:30,57304.0,57304.0,7173.0,609.0,0.0,9.0,0.0,49514.0,0.0,0.0,0.0,1032168.0,0.0,1032010.0,49514.0,-0.0,-0.0,0.0,6647.0,-8275.0,-1660.0,0.0,0.0,489.0,7781.0
Thu -29 Jun 2028 17:00,60390.0,60390.0,7173.0,609.0,0.0,9.0,0.0,52600.0,0.0,0.0,0.0,1005869.0,0.0,1005710.0,52600.0,-0.0,-0.0,0.0,6721.0,-8999.0,-1228.0,0.0,0.0,374.0,7781.0
Thu -29 Jun 2028 17:30,61022.0,61022.0,7173.0,609.0,0.0,9.0,0.0,53232.0,0.0,0.0,0.0,979253.0,0.0,979094.0,53232.0,-0.0,-0.0,0.0,6715.0,-8871.0,-1416.0,0.0,0.0,360.0,7781.0
