Date & time,Operational demand (original),Operational demand (adjusted),Hydropower,Biomass,Solar photovoltaics,Wind,eventPower,PHES-power,Energy deficit,Energy spillage,PHES-Charge,PHES-Storage,eventPowerLoss,eventDeficit,eventStorage,eventPHES-power,eventPHES-Charge,eventSpillage,FNQ-QLD,NSW-QLD,NSW-SA,NSW-VIC,NT-SA,SA-WA,TAS-VIC
Tue -13 Jul 2027 10:00,45059.0,45059.0,7173.0,609.0,49819.0,23659.0,18572.0,0.0,0.0,-36200.0,-0.0,552372.0,5087.0,0.0,552372.0,0.0,-0.0,-36200.0,0.0,-1812.0,-4506.0,9924.0,0.0,0.0,480.0
Tue -13 Jul 2027 10:30,43086.0,43086.0,7173.0,609.0,56735.0,19431.0,15626.0,0.0,0.0,-40861.0,-0.0,552372.0,3806.0,0.0,552372.0,0.0,-0.0,-40861.0,0.0,181.0,-3939.0,9281.0,0.0,0.0,583.0
Tue -13 Jul 2027 11:00,43593.0,43593.0,7173.0,609.0,56735.0,19431.0,15626.0,0.0,0.0,-40355.0,-0.0,552372.0,3806.0,0.0,552372.0,0.0,-0.0,-40355.0,0.0,323.0,-4204.0,9698.0,0.0,0.0,585.0
Tue -13 Jul 2027 11:30,42463.0,42463.0,7173.0,609.0,48919.0,20396.0,16221.0,0.0,0.0,-34634.0,-0.0,552372.0,4175.0,0.0,552372.0,0.0,-0.0,-34634.0,0.0,-774.0,-4533.0,9296.0,0.0,0.0,631.0
Tue -13 Jul 2027 12:00,43252.0,43252.0,7173.0,609.0,48919.0,20396.0,16221.0,0.0,0.0,-33844.0,-0.0,552372.0,4175.0,0.0,552372.0,0.0,-0.0,-33844.0,0.0,-755.0,-4900.0,9787.0,0.0,0.0,627.0
Tue -13 Jul 2027 12:30,42586.0,42586.0,7173.0,609.0,49586.0,17486.0,13765.0,0.0,0.0,-32268.0,-0.0,552372.0,3722.0,0.0,552372.0,0.0,-0.0,-32268.0,0.0,840.0,-4815.0,9543.0,0.0,0.0,655.0
Tue -13 Jul 2027 13:00,43254.0,43254.0,7173.0,609.0,49586.0,17486.0,13765.0,0.0,0.0,-31599.0,-0.0,552372.0,3722.0,0.0,552372.0,0.0,-0.0,-31599.0,0.0,792.0,-5074.0,9937.0,0.0,0.0,670.0
Tue -13 Jul 2027 13:30,42919.0,42919.0,7173.0,609.0,46356.0,16079.0,12502.0,0.0,0.0,-27297.0,-0.0,552372.0,3577.0,0.0,552372.0,0.0,-0.0,-27297.0,0.0,1043.0,-5032.0,9715.0,0.0,0.0,673.0
Tue -13 Jul 2027 14:00,45593.0,45593.0,7173.0,609.0,46356.0,28659.0,8668.0,0.0,0.0,-37204.0,-0.0,552372.0,19990.0,0.0,552372.0,0.0,-0.0,-37204.0,0.0,4936.0,-4244.0,10395.0,0.0,0.0,728.0
Tue -13 Jul 2027 14:30,47057.0,47057.0,7173.0,609.0,37801.0,25088.0,6018.0,0.0,0.0,-23614.0,-0.0,552372.0,19070.0,0.0,552372.0,0.0,-0.0,-23614.0,0.0,6212.0,-4376.0,10748.0,0.0,0.0,718.0
Tue -13 Jul 2027 15:00,50080.0,50080.0,7173.0,609.0,37801.0,25088.0,6018.0,0.0,0.0,-20590.0,-0.0,552372.0,19070.0,0.0,552372.0,0.0,-0.0,-20590.0,0.0,6526.0,-4776.0,11652.0,0.0,0.0,645.0
Tue -13 Jul 2027 15:30,52107.0,52107.0,7173.0,609.0,16554.0,20166.0,6799.0,7606.0,0.0,0.0,-0.0,548569.0,13367.0,0.0,548569.0,7606.0,-0.0,0.0,0.0,4615.0,-7068.0,11177.0,0.0,0.0,801.0
Tue -13 Jul 2027 16:00,54351.0,54351.0,7173.0,609.0,16554.0,20166.0,6799.0,9850.0,0.0,0.0,-0.0,543644.0,13367.0,0.0,543644.0,9850.0,-0.0,0.0,0.0,4566.0,-7316.0,11710.0,0.0,0.0,764.0
Tue -13 Jul 2027 16:30,54500.0,54500.0,7173.0,609.0,2.0,21456.0,7419.0,25261.0,0.0,0.0,-0.0,531013.0,14037.0,0.0,531013.0,25261.0,-0.0,0.0,0.0,1682.0,-2420.0,9636.0,0.0,0.0,947.0
Tue -13 Jul 2027 17:00,57599.0,57599.0,7173.0,609.0,2.0,21456.0,7419.0,28359.0,0.0,0.0,-0.0,516834.0,14037.0,0.0,516834.0,28359.0,-0.0,0.0,0.0,1584.0,-3103.0,10787.0,0.0,0.0,841.0
Tue -13 Jul 2027 17:30,57981.0,57981.0,7173.0,609.0,0.0,21459.0,11132.0,28741.0,0.0,0.0,-0.0,502463.0,10327.0,0.0,502463.0,28741.0,-0.0,0.0,0.0,-2060.0,-3149.0,10781.0,0.0,0.0,801.0
Tue -13 Jul 2027 18:00,56006.0,56006.0,7173.0,609.0,0.0,21459.0,11132.0,26765.0,0.0,0.0,-0.0,489081.0,10327.0,0.0,489081.0,26765.0,-0.0,0.0,0.0,-2121.0,-2615.0,10309.0,0.0,0.0,820.0
Tue -13 Jul 2027 18:30,52062.0,52062.0,7173.0,609.0,0.0,22947.0,14152.0,21333.0,0.0,0.0,-0.0,478414.0,8795.0,0.0,478414.0,21333.0,-0.0,0.0,0.0,-5076.0,-1448.0,9651.0,0.0,0.0,800.0
Tue -13 Jul 2027 19:00,48512.0,48512.0,7173.0,609.0,0.0,22947.0,14152.0,17783.0,0.0,0.0,-0.0,469523.0,8795.0,0.0,469523.0,17783.0,-0.0,0.0,0.0,-5085.0,-942.0,8840.0,0.0,0.0,844.0
Tue -13 Jul 2027 19:30,45274.0,45274.0,7173.0,609.0,0.0,27381.0,18124.0,10112.0,0.0,0.0,-0.0,464467.0,9257.0,0.0,464467.0,10112.0,-0.0,0.0,0.0,-8033.0,361.0,8778.0,0.0,0.0,830.0
Tue -13 Jul 2027 20:00,43279.0,43279.0,7173.0,609.0,0.0,27381.0,18124.0,8118.0,0.0,0.0,-0.0,460408.0,9257.0,0.0,460408.0,8118.0,-0.0,0.0,0.0,-8044.0,580.0,8421.0,0.0,0.0,825.0
Tue -13 Jul 2027 20:30,42074.0,42074.0,7173.0,609.0,0.0,26742.0,19178.0,7551.0,0.0,0.0,-0.0,456632.0,7564.0,0.0,456632.0,7551.0,-0.0,0.0,0.0,-8981.0,288.0,8143.0,0.0,0.0,817.0
Tue -13 Jul 2027 21:00,40583.0,40583.0,7173.0,609.0,0.0,26742.0,19178.0,6060.0,0.0,0.0,-0.0,453602.0,7564.0,0.0,453602.0,6060.0,-0.0,0.0,0.0,-9208.0,559.0,8021.0,0.0,0.0,834.0
Tue -13 Jul 2027 21:30,39147.0,39147.0,7173.0,609.0,0.0,30684.0,23407.0,682.0,0.0,0.0,-0.0,453261.0,7277.0,0.0,453261.0,682.0,-0.0,0.0,0.0,-12612.0,1567.0,8239.0,0.0,0.0,844.0
Tue -13 Jul 2027 22:00,37859.0,37859.0,7173.0,609.0,0.0,30684.0,23407.0,0.0,0.0,0.0,-606.0,453504.0,7277.0,0.0,453504.0,0.0,-606.0,0.0,0.0,-12918.0,1737.0,8118.0,0.0,0.0,881.0
Tue -13 Jul 2027 22:30,36437.0,36437.0,7173.0,609.0,0.0,31535.0,26104.0,0.0,0.0,0.0,-2879.0,454655.0,5431.0,0.0,454655.0,0.0,-2879.0,0.0,0.0,-15757.0,2327.0,7992.0,0.0,0.0,906.0
Tue -13 Jul 2027 23:00,35939.0,35939.0,7173.0,609.0,0.0,31535.0,26104.0,0.0,0.0,0.0,-3377.0,456006.0,5431.0,0.0,456006.0,0.0,-3377.0,0.0,0.0,-15939.0,2303.0,8180.0,0.0,0.0,939.0
Tue -13 Jul 2027 23:30,36252.0,36252.0,7173.0,609.0,0.0,35515.0,26550.0,0.0,0.0,0.0,-7045.0,458824.0,8965.0,0.0,458824.0,0.0,-7045.0,0.0,0.0,-15994.0,3577.0,8759.0,0.0,0.0,892.0
Wed -14 Jul 2027 00:00,35320.0,35320.0,7173.0,609.0,0.0,33196.0,27623.0,0.0,0.0,0.0,-5657.0,461087.0,5573.0,0.0,461087.0,0.0,-5657.0,0.0,0.0,-17509.0,3340.0,7996.0,0.0,0.0,940.0
Wed -14 Jul 2027 00:30,34286.0,34286.0,7173.0,609.0,0.0,35064.0,27909.0,0.0,0.0,0.0,-8560.0,464511.0,7155.0,0.0,464511.0,0.0,-8560.0,0.0,0.0,-17264.0,3732.0,7974.0,0.0,0.0,878.0
Wed -14 Jul 2027 01:00,33488.0,33488.0,7173.0,609.0,0.0,35064.0,27909.0,0.0,0.0,0.0,-9357.0,468254.0,7155.0,0.0,468254.0,0.0,-9357.0,0.0,0.0,-17353.0,3766.0,7952.0,0.0,0.0,879.0
Wed -14 Jul 2027 01:30,33587.0,33587.0,7173.0,609.0,0.0,37868.0,28195.0,0.0,0.0,0.0,-12062.0,473078.0,9673.0,0.0,473078.0,0.0,-12062.0,0.0,0.0,-16818.0,4329.0,8285.0,0.0,0.0,816.0
Wed -14 Jul 2027 02:00,33067.0,33067.0,7173.0,609.0,0.0,37868.0,28195.0,0.0,0.0,0.0,-12583.0,478111.0,9673.0,0.0,478111.0,0.0,-12583.0,0.0,0.0,-16856.0,4375.0,8389.0,0.0,0.0,818.0
Wed -14 Jul 2027 02:30,32504.0,32504.0,7173.0,609.0,0.0,45239.0,28122.0,0.0,0.0,0.0,-20516.0,486318.0,17116.0,0.0,486318.0,0.0,-20516.0,0.0,0.0,-15403.0,6108.0,9442.0,0.0,0.0,692.0
Wed -14 Jul 2027 03:00,32296.0,32296.0,7173.0,609.0,0.0,45239.0,28122.0,0.0,0.0,0.0,-20724.0,494607.0,17116.0,0.0,494607.0,0.0,-20724.0,0.0,0.0,-15352.0,6115.0,9443.0,0.0,0.0,701.0
Wed -14 Jul 2027 03:30,32151.0,32151.0,7173.0,609.0,0.0,45744.0,27240.0,0.0,0.0,0.0,-21374.0,503157.0,18504.0,0.0,503157.0,0.0,-21374.0,0.0,0.0,-14413.0,6212.0,9650.0,0.0,0.0,700.0
Wed -14 Jul 2027 04:00,32601.0,32601.0,7173.0,609.0,0.0,45744.0,27240.0,0.0,0.0,0.0,-20924.0,511526.0,18504.0,0.0,511526.0,0.0,-20924.0,0.0,0.0,-14306.0,6101.0,9690.0,0.0,0.0,685.0
Wed -14 Jul 2027 04:30,34262.0,34262.0,7173.0,609.0,0.0,47699.0,27616.0,0.0,0.0,0.0,-21218.0,520014.0,20083.0,0.0,520014.0,0.0,-21218.0,0.0,0.0,-13987.0,5971.0,10359.0,0.0,0.0,638.0
Wed -14 Jul 2027 05:00,36894.0,36894.0,7173.0,609.0,0.0,47699.0,27616.0,0.0,0.0,0.0,-18586.0,527448.0,20083.0,0.0,527448.0,0.0,-18586.0,0.0,0.0,-13826.0,5503.0,10935.0,0.0,0.0,617.0
Wed -14 Jul 2027 05:30,38978.0,38978.0,7173.0,609.0,0.0,44952.0,24344.0,0.0,0.0,0.0,-13755.0,532950.0,20608.0,0.0,532950.0,0.0,-13755.0,0.0,0.0,-10795.0,4413.0,10961.0,0.0,0.0,595.0
Wed -14 Jul 2027 06:00,43181.0,43181.0,7173.0,609.0,0.0,44952.0,24344.0,0.0,0.0,0.0,-9553.0,536771.0,20608.0,0.0,536771.0,0.0,-9553.0,0.0,0.0,-10577.0,3687.0,11752.0,0.0,0.0,551.0
Wed -14 Jul 2027 06:30,47995.0,47995.0,7173.0,609.0,21107.0,40245.0,20879.0,0.0,0.0,0.0,-21138.0,545226.0,19366.0,0.0,545226.0,0.0,-21138.0,0.0,0.0,-7396.0,6653.0,14860.0,0.0,0.0,161.0
Wed -14 Jul 2027 07:00,51887.0,51887.0,7173.0,609.0,21107.0,40245.0,20879.0,0.0,0.0,0.0,-17246.0,552125.0,19366.0,0.0,552125.0,0.0,-17246.0,0.0,0.0,-7148.0,6132.0,15456.0,0.0,0.0,71.0
Wed -14 Jul 2027 07:30,56374.0,56374.0,7173.0,609.0,43915.0,36277.0,17474.0,0.0,0.0,-30983.0,-617.0,552372.0,18803.0,0.0,552372.0,0.0,-617.0,-30983.0,0.0,29.0,1486.0,14907.0,0.0,0.0,169.0
Wed -14 Jul 2027 08:00,59539.0,59539.0,7173.0,609.0,43915.0,36277.0,17474.0,0.0,0.0,-28434.0,-0.0,552372.0,18803.0,0.0,552372.0,0.0,-0.0,-28434.0,0.0,256.0,1640.0,15500.0,0.0,0.0,90.0
Wed -14 Jul 2027 08:30,59118.0,59118.0,7173.0,609.0,52847.0,39905.0,19412.0,0.0,0.0,-41414.0,-0.0,552372.0,20492.0,0.0,552372.0,0.0,-0.0,-41414.0,0.0,1198.0,662.0,15533.0,0.0,0.0,77.0
Wed -14 Jul 2027 09:00,52662.0,52662.0,6120.0,297.0,52847.0,39905.0,19412.0,0.0,0.0,-47870.0,-0.0,552372.0,20492.0,0.0,552372.0,0.0,-0.0,-46506.0,0.0,1646.0,-318.0,13330.0,0.0,0.0,26.0
Wed -14 Jul 2027 09:30,49515.0,49515.0,1000.0,0.0,61960.0,42313.0,24034.0,0.0,0.0,-62538.0,-0.0,552372.0,18278.0,0.0,552372.0,0.0,-0.0,-55757.0,0.0,1292.0,-7947.0,15275.0,0.0,0.0,-938.0
Wed -14 Jul 2027 10:00,47069.0,47069.0,1000.0,0.0,61960.0,42313.0,24034.0,0.0,0.0,-64984.0,-0.0,552372.0,18278.0,0.0,552372.0,0.0,-0.0,-58203.0,0.0,1290.0,-7901.0,14595.0,0.0,0.0,-868.0
Wed -14 Jul 2027 10:30,44939.0,44939.0,1000.0,0.0,58914.0,38643.0,22319.0,0.0,0.0,-60400.0,-0.0,552372.0,16323.0,0.0,552372.0,0.0,-0.0,-53618.0,0.0,2141.0,-8668.0,13702.0,0.0,0.0,-796.0
Wed -14 Jul 2027 11:00,45115.0,45115.0,1000.0,0.0,58914.0,38643.0,22319.0,0.0,0.0,-60223.0,-0.0,552372.0,16323.0,0.0,552372.0,0.0,-0.0,-53442.0,0.0,2014.0,-8855.0,13997.0,0.0,0.0,-778.0
Wed -14 Jul 2027 11:30,43987.0,43987.0,1000.0,0.0,52289.0,43510.0,25646.0,0.0,0.0,-59594.0,-0.0,552372.0,17864.0,0.0,552372.0,0.0,-0.0,-52812.0,0.0,-55.0,-7748.0,13492.0,0.0,0.0,-730.0
Wed -14 Jul 2027 12:00,43932.0,43932.0,1000.0,0.0,52289.0,43510.0,25646.0,0.0,0.0,-59649.0,-0.0,552372.0,17864.0,0.0,552372.0,0.0,-0.0,-52867.0,0.0,-137.0,-7953.0,13636.0,0.0,0.0,-718.0
Wed -14 Jul 2027 12:30,43121.0,43121.0,5442.0,233.0,41619.0,42400.0,25039.0,0.0,0.0,-48679.0,-0.0,552372.0,17361.0,0.0,552372.0,0.0,-0.0,-46574.0,0.0,-1596.0,-2920.0,10669.0,0.0,0.0,237.0
Wed -14 Jul 2027 13:00,43582.0,43582.0,5864.0,273.0,41619.0,42400.0,25039.0,0.0,0.0,-48218.0,-0.0,552372.0,17361.0,0.0,552372.0,0.0,-0.0,-46574.0,0.0,-1614.0,-2640.0,10472.0,0.0,0.0,319.0
Wed -14 Jul 2027 13:30,43369.0,43369.0,1000.0,0.0,48025.0,42596.0,26812.0,0.0,0.0,-55033.0,-0.0,552372.0,15784.0,0.0,552372.0,0.0,-0.0,-48252.0,0.0,-529.0,-7934.0,13086.0,0.0,0.0,-652.0
Wed -14 Jul 2027 14:00,46114.0,46114.0,7173.0,609.0,48025.0,16079.0,12502.0,0.0,0.0,-25771.0,-0.0,552372.0,3577.0,0.0,552372.0,0.0,-0.0,-25771.0,0.0,535.0,-2464.0,10637.0,0.0,0.0,582.0
Wed -14 Jul 2027 14:30,47714.0,47714.0,7173.0,609.0,34176.0,17036.0,14206.0,0.0,0.0,-11279.0,-0.0,552372.0,2830.0,0.0,552372.0,0.0,-0.0,-11279.0,0.0,-2515.0,-1106.0,10933.0,0.0,0.0,590.0
Wed -14 Jul 2027 15:00,50714.0,50714.0,7173.0,609.0,34176.0,17036.0,14206.0,0.0,0.0,-8279.0,-0.0,552372.0,2830.0,0.0,552372.0,0.0,-0.0,-8279.0,0.0,-2858.0,-1317.0,11802.0,0.0,0.0,518.0
Wed -14 Jul 2027 15:30,52358.0,52358.0,7173.0,609.0,8831.0,18563.0,16161.0,17184.0,0.0,0.0,-0.0,543780.0,2401.0,0.0,543780.0,17184.0,-0.0,0.0,0.0,-7080.0,-2881.0,9926.0,0.0,0.0,752.0
Wed -14 Jul 2027 16:00,55108.0,55108.0,7173.0,609.0,8831.0,18563.0,16161.0,19933.0,0.0,0.0,-0.0,533813.0,2401.0,0.0,533813.0,19933.0,-0.0,0.0,0.0,-6587.0,-3299.0,10247.0,0.0,0.0,732.0
Wed -14 Jul 2027 16:30,55202.0,55202.0,7173.0,609.0,0.0,19373.0,16671.0,28048.0,0.0,0.0,-0.0,519789.0,2702.0,0.0,519789.0,28048.0,-0.0,0.0,0.0,-7719.0,-2886.0,9049.0,0.0,0.0,834.0
Wed -14 Jul 2027 17:00,57984.0,57984.0,7173.0,609.0,0.0,19373.0,16671.0,30830.0,0.0,0.0,-0.0,504374.0,2702.0,0.0,504374.0,30830.0,-0.0,0.0,0.0,-7435.0,-3491.0,9695.0,0.0,0.0,774.0
Wed -14 Jul 2027 17:30,58406.0,58406.0,7173.0,609.0,0.0,23682.0,21394.0,26943.0,0.0,0.0,-0.0,490903.0,2288.0,0.0,490903.0,26943.0,-0.0,0.0,0.0,-11328.0,-2429.0,10243.0,0.0,0.0,691.0
Wed -14 Jul 2027 18:00,56243.0,56243.0,7173.0,609.0,0.0,23682.0,21394.0,24779.0,0.0,0.0,-0.0,478513.0,2288.0,0.0,478513.0,24779.0,-0.0,0.0,0.0,-11244.0,-1876.0,9540.0,0.0,0.0,708.0
Wed -14 Jul 2027 18:30,52323.0,52323.0,7173.0,609.0,0.0,25610.0,20209.0,18932.0,0.0,0.0,-0.0,469047.0,5401.0,0.0,469047.0,18932.0,-0.0,0.0,0.0,-9638.0,-836.0,8899.0,0.0,0.0,729.0
Wed -14 Jul 2027 19:00,48570.0,48570.0,7173.0,609.0,0.0,25610.0,20209.0,15179.0,0.0,0.0,-0.0,461458.0,5401.0,0.0,461458.0,15179.0,-0.0,0.0,0.0,-9673.0,-305.0,8152.0,0.0,0.0,772.0
Wed -14 Jul 2027 19:30,45366.0,45366.0,7173.0,609.0,0.0,32574.0,24755.0,5010.0,0.0,0.0,-0.0,458953.0,7820.0,0.0,458953.0,5010.0,-0.0,0.0,0.0,-12970.0,1842.0,8401.0,0.0,0.0,699.0
Wed -14 Jul 2027 20:00,42849.0,42849.0,7173.0,609.0,0.0,32574.0,24755.0,2493.0,0.0,0.0,-0.0,457707.0,7820.0,0.0,457707.0,2493.0,-0.0,0.0,0.0,-12879.0,2175.0,7776.0,0.0,0.0,718.0
Wed -14 Jul 2027 20:30,41693.0,41693.0,7173.0,609.0,0.0,36836.0,27402.0,0.0,0.0,0.0,-2924.0,458876.0,9434.0,0.0,458876.0,0.0,-2924.0,0.0,0.0,-14671.0,3161.0,8227.0,0.0,0.0,673.0
Wed -14 Jul 2027 21:00,39467.0,39467.0,7173.0,609.0,0.0,36836.0,27402.0,0.0,0.0,0.0,-5150.0,460937.0,9434.0,0.0,460937.0,0.0,-5150.0,0.0,0.0,-15248.0,3579.0,7996.0,0.0,0.0,684.0
Wed -14 Jul 2027 21:30,38130.0,38130.0,7173.0,609.0,0.0,33592.0,27374.0,0.0,0.0,0.0,-3244.0,462234.0,6218.0,0.0,462234.0,0.0,-3244.0,0.0,0.0,-15869.0,2999.0,7280.0,0.0,0.0,795.0
Wed -14 Jul 2027 22:00,36727.0,36727.0,7173.0,609.0,0.0,33592.0,27374.0,0.0,0.0,0.0,-4646.0,464093.0,6218.0,0.0,464093.0,0.0,-4646.0,0.0,0.0,-16232.0,3211.0,7021.0,0.0,0.0,829.0
Wed -14 Jul 2027 22:30,35496.0,35496.0,7173.0,609.0,0.0,32660.0,27814.0,0.0,0.0,0.0,-4946.0,466071.0,4846.0,0.0,466071.0,0.0,-4946.0,0.0,0.0,-16775.0,3090.0,6574.0,0.0,0.0,916.0
Wed -14 Jul 2027 23:00,34822.0,34822.0,7173.0,609.0,0.0,32660.0,27814.0,0.0,0.0,0.0,-5620.0,468319.0,4846.0,0.0,468319.0,0.0,-5620.0,0.0,0.0,-16882.0,3124.0,6627.0,0.0,0.0,962.0
Wed -14 Jul 2027 23:30,35731.0,35731.0,7173.0,609.0,0.0,33196.0,27623.0,0.0,0.0,0.0,-5247.0,470417.0,5573.0,0.0,470417.0,0.0,-5247.0,0.0,0.0,-16612.0,3602.0,6612.0,0.0,0.0,1011.0
Thu -15 Jul 2027 00:00,34625.0,34625.0,7173.0,609.0,0.0,52426.0,32026.0,0.0,0.0,0.0,-25583.0,480651.0,20400.0,0.0,480651.0,0.0,-25583.0,0.0,0.0,-13430.0,5087.0,8142.0,0.0,0.0,663.0
Thu -15 Jul 2027 00:30,33569.0,33569.0,7173.0,609.0,0.0,51006.0,31670.0,0.0,0.0,0.0,-25218.0,490738.0,19336.0,0.0,490738.0,0.0,-25218.0,0.0,0.0,-13427.0,4936.0,7730.0,0.0,0.0,709.0
Thu -15 Jul 2027 01:00,32650.0,32650.0,7173.0,609.0,0.0,51006.0,31670.0,0.0,0.0,0.0,-26137.0,501193.0,19336.0,0.0,501193.0,0.0,-26137.0,0.0,0.0,-13523.0,5026.0,7666.0,0.0,0.0,721.0
Thu -15 Jul 2027 01:30,32092.0,32092.0,7173.0,609.0,0.0,50867.0,31821.0,0.0,0.0,0.0,-26556.0,511815.0,19045.0,0.0,511815.0,0.0,-26556.0,0.0,0.0,-13759.0,5026.0,7615.0,0.0,0.0,722.0
Thu -15 Jul 2027 02:00,31427.0,31427.0,7173.0,609.0,0.0,50867.0,31821.0,0.0,0.0,0.0,-27221.0,522704.0,19045.0,0.0,522704.0,0.0,-27221.0,0.0,0.0,-13764.0,5122.0,7611.0,0.0,0.0,720.0
Thu -15 Jul 2027 02:30,30867.0,30867.0,7173.0,609.0,0.0,52277.0,31996.0,0.0,0.0,0.0,-29191.0,534380.0,20282.0,0.0,534380.0,0.0,-29191.0,0.0,0.0,-13549.0,5516.0,7670.0,0.0,0.0,734.0
Thu -15 Jul 2027 03:00,30647.0,30647.0,7173.0,609.0,0.0,52277.0,31996.0,0.0,0.0,0.0,-29411.0,546145.0,20282.0,0.0,546145.0,0.0,-29411.0,0.0,0.0,-13583.0,5523.0,7788.0,0.0,0.0,733.0
Thu -15 Jul 2027 03:30,30640.0,30640.0,7173.0,609.0,0.0,52104.0,31591.0,0.0,0.0,-13679.0,-15567.0,552372.0,20514.0,0.0,552372.0,0.0,-15567.0,-13679.0,0.0,-8687.0,3168.0,6295.0,0.0,0.0,898.0
Thu -15 Jul 2027 04:00,31169.0,31169.0,7173.0,609.0,0.0,52104.0,31591.0,0.0,0.0,-28716.0,-0.0,552372.0,20514.0,0.0,552372.0,0.0,-0.0,-28716.0,0.0,-3823.0,507.0,4899.0,0.0,0.0,1057.0
Thu -15 Jul 2027 04:30,32778.0,32778.0,7173.0,609.0,0.0,52238.0,31650.0,0.0,0.0,-27242.0,-0.0,552372.0,20588.0,0.0,552372.0,0.0,-0.0,-27242.0,0.0,-4159.0,450.0,5356.0,0.0,0.0,1026.0
Thu -15 Jul 2027 05:00,35083.0,35083.0,7173.0,609.0,0.0,52238.0,31650.0,0.0,0.0,-24936.0,-0.0,552372.0,20588.0,0.0,552372.0,0.0,-0.0,-24936.0,0.0,-4715.0,440.0,6060.0,0.0,0.0,970.0
Thu -15 Jul 2027 05:30,37343.0,37343.0,7173.0,609.0,0.0,52276.0,31593.0,0.0,0.0,-22714.0,-0.0,552372.0,20683.0,0.0,552372.0,0.0,-0.0,-22714.0,0.0,-5188.0,451.0,6688.0,0.0,0.0,895.0
Thu -15 Jul 2027 06:00,41374.0,41374.0,7173.0,609.0,0.0,52276.0,31593.0,0.0,0.0,-18684.0,-0.0,552372.0,20683.0,0.0,552372.0,0.0,-0.0,-18684.0,0.0,-6240.0,428.0,7839.0,0.0,0.0,791.0
Thu -15 Jul 2027 06:30,46143.0,46143.0,7173.0,609.0,21112.0,52508.0,31528.0,0.0,0.0,-35258.0,-0.0,552372.0,20980.0,0.0,552372.0,0.0,-0.0,-35258.0,0.0,-3071.0,1091.0,9626.0,0.0,0.0,622.0
Thu -15 Jul 2027 07:00,50269.0,50269.0,7173.0,609.0,21112.0,52508.0,31528.0,0.0,0.0,-31132.0,-0.0,552372.0,20980.0,0.0,552372.0,0.0,-0.0,-31132.0,0.0,-3688.0,1276.0,10957.0,0.0,0.0,468.0
Thu -15 Jul 2027 07:30,54735.0,54735.0,7173.0,609.0,42953.0,48491.0,27383.0,0.0,0.0,-44489.0,-0.0,552372.0,21108.0,0.0,552372.0,0.0,-0.0,-44489.0,0.0,105.0,-719.0,12656.0,0.0,0.0,318.0
Thu -15 Jul 2027 08:00,58293.0,58293.0,7173.0,609.0,42953.0,48491.0,27383.0,0.0,0.0,-40931.0,-0.0,552372.0,21108.0,0.0,552372.0,0.0,-0.0,-40931.0,0.0,347.0,-634.0,13477.0,0.0,0.0,225.0
Thu -15 Jul 2027 08:30,57879.0,57879.0,7173.0,609.0,45372.0,41911.0,20803.0,0.0,0.0,-37185.0,-0.0,552372.0,21108.0,0.0,552372.0,0.0,-0.0,-37185.0,0.0,3267.0,-3308.0,13310.0,0.0,0.0,251.0
Thu -15 Jul 2027 09:00,52070.0,52070.0,7173.0,609.0,45372.0,41911.0,20803.0,0.0,0.0,-42994.0,-0.0,552372.0,21108.0,0.0,552372.0,0.0,-0.0,-42994.0,0.0,3393.0,-2540.0,11017.0,0.0,0.0,411.0
Thu -15 Jul 2027 09:30,48831.0,48831.0,1000.0,0.0,53656.0,41654.0,20867.0,0.0,0.0,-54260.0,-0.0,552372.0,20787.0,0.0,552372.0,0.0,-0.0,-47478.0,0.0,4384.0,-9697.0,13882.0,0.0,0.0,-805.0
Thu -15 Jul 2027 10:00,46184.0,46184.0,1000.0,0.0,53656.0,41654.0,20867.0,0.0,0.0,-56907.0,-0.0,552372.0,20787.0,0.0,552372.0,0.0,-0.0,-29339.0,0.0,4132.0,-9478.0,13331.0,0.0,0.0,-779.0
Thu -15 Jul 2027 10:30,44195.0,44195.0,1000.0,0.0,60417.0,38700.0,19707.0,0.0,0.0,-62704.0,-0.0,552372.0,18993.0,0.0,552372.0,0.0,-0.0,-36929.0,0.0,4983.0,-9513.0,12652.0,0.0,0.0,-709.0
Thu -15 Jul 2027 11:00,44053.0,44053.0,1000.0,0.0,60417.0,38700.0,19707.0,0.0,0.0,-62846.0,-0.0,552372.0,18993.0,0.0,552372.0,0.0,-0.0,-37071.0,0.0,4848.0,-9661.0,12833.0,0.0,0.0,-706.0
Thu -15 Jul 2027 11:30,43179.0,43179.0,1000.0,0.0,57349.0,36907.0,18398.0,0.0,0.0,-58859.0,-0.0,552372.0,18509.0,0.0,552372.0,0.0,-0.0,-33569.0,0.0,5269.0,-9613.0,12440.0,0.0,0.0,-627.0
Thu -15 Jul 2027 12:00,43662.0,43662.0,1000.0,0.0,57349.0,36907.0,18398.0,0.0,0.0,-58376.0,-0.0,552372.0,18509.0,0.0,552372.0,0.0,-0.0,-33086.0,0.0,5049.0,-9753.0,12725.0,0.0,0.0,-626.0
Thu -15 Jul 2027 12:30,43206.0,43206.0,7173.0,609.0,42475.0,31274.0,13694.0,0.0,0.0,-38323.0,-0.0,552372.0,17579.0,0.0,552372.0,0.0,-0.0,-20744.0,0.0,5546.0,-1784.0,8569.0,0.0,0.0,767.0
Thu -15 Jul 2027 13:00,43825.0,43825.0,7173.0,609.0,42475.0,31274.0,13694.0,0.0,0.0,-37705.0,-0.0,552372.0,17579.0,0.0,552372.0,0.0,-0.0,-20125.0,0.0,5566.0,-1908.0,8682.0,0.0,0.0,764.0
Thu -15 Jul 2027 13:30,43504.0,43504.0,7173.0,609.0,34103.0,32536.0,14093.0,0.0,0.0,-30916.0,-0.0,552372.0,18443.0,0.0,552372.0,0.0,-0.0,-12474.0,0.0,4891.0,-1169.0,8408.0,0.0,0.0,836.0
Thu -15 Jul 2027 14:00,46265.0,46265.0,7173.0,609.0,34103.0,42596.0,26812.0,0.0,0.0,-38215.0,-0.0,552372.0,15784.0,0.0,552372.0,0.0,-0.0,-22432.0,0.0,-1298.0,-534.0,9978.0,0.0,0.0,519.0
Thu -15 Jul 2027 14:30,47389.0,47389.0,7173.0,609.0,26168.0,41352.0,26312.0,0.0,0.0,-27912.0,-0.0,552372.0,15040.0,0.0,552372.0,0.0,-0.0,-12871.0,0.0,-3303.0,-322.0,10301.0,0.0,0.0,498.0
Thu -15 Jul 2027 15:00,50671.0,50671.0,7173.0,609.0,26168.0,41352.0,26312.0,0.0,0.0,-24630.0,-0.0,552372.0,15040.0,0.0,552372.0,0.0,-0.0,-9590.0,0.0,-3602.0,-528.0,11302.0,0.0,0.0,396.0
Thu -15 Jul 2027 15:30,53004.0,53004.0,7173.0,609.0,12731.0,33487.0,22867.0,0.0,0.0,-996.0,-0.0,552372.0,10620.0,0.0,547559.0,9624.0,-0.0,0.0,0.0,-5923.0,-5083.0,11378.0,0.0,0.0,356.0
Thu -15 Jul 2027 16:00,55460.0,55460.0,7173.0,609.0,12731.0,33487.0,22867.0,1460.0,0.0,0.0,-0.0,551641.0,10620.0,0.0,541519.0,12080.0,-0.0,0.0,0.0,-5823.0,-5459.0,11861.0,0.0,0.0,329.0
Thu -15 Jul 2027 16:30,55424.0,55424.0,7173.0,609.0,1.0,27483.0,20089.0,20159.0,0.0,0.0,-0.0,541562.0,7394.0,0.0,527743.0,27553.0,-0.0,0.0,0.0,-6177.0,-2724.0,9058.0,0.0,0.0,634.0
Thu -15 Jul 2027 17:00,57679.0,57679.0,7173.0,609.0,1.0,27483.0,20089.0,22414.0,0.0,0.0,-0.0,530355.0,7394.0,0.0,512839.0,29808.0,-0.0,0.0,0.0,-6114.0,-3248.0,9644.0,0.0,0.0,558.0
Thu -15 Jul 2027 17:30,58034.0,58034.0,7173.0,609.0,0.0,26403.0,21255.0,23850.0,0.0,0.0,-0.0,518430.0,5148.0,0.0,498340.0,28998.0,-0.0,0.0,0.0,-7151.0,-3670.0,9317.0,0.0,0.0,576.0
Thu -15 Jul 2027 18:00,56089.0,56089.0,7173.0,609.0,0.0,26403.0,21255.0,21905.0,0.0,0.0,-0.0,507477.0,5148.0,0.0,484813.0,27053.0,-0.0,0.0,0.0,-7165.0,-3187.0,8843.0,0.0,0.0,608.0
Thu -15 Jul 2027 18:30,52191.0,52191.0,7173.0,609.0,0.0,30664.0,24193.0,13745.0,0.0,0.0,-0.0,500605.0,6472.0,0.0,474705.0,20216.0,-0.0,0.0,0.0,-8835.0,-2082.0,8574.0,0.0,0.0,609.0
Thu -15 Jul 2027 19:00,48718.0,48718.0,7173.0,609.0,0.0,30664.0,24193.0,10273.0,0.0,0.0,-0.0,495468.0,6472.0,0.0,466333.0,16744.0,-0.0,0.0,0.0,-8957.0,-1610.0,7995.0,0.0,0.0,638.0
Thu -15 Jul 2027 19:30,45486.0,45486.0,7173.0,609.0,0.0,41636.0,28968.0,0.0,0.0,0.0,-3932.0,497041.0,12668.0,0.0,461965.0,8736.0,-0.0,0.0,0.0,-11463.0,1202.0,8810.0,0.0,0.0,514.0
Thu -15 Jul 2027 20:00,43345.0,43345.0,7173.0,609.0,0.0,41636.0,28968.0,0.0,0.0,0.0,-6072.0,499470.0,12668.0,0.0,458667.0,6596.0,-0.0,0.0,0.0,-11471.0,1432.0,8447.0,0.0,0.0,535.0
Thu -15 Jul 2027 20:30,42233.0,42233.0,7173.0,609.0,0.0,47724.0,31542.0,0.0,0.0,0.0,-13272.0,504779.0,16181.0,0.0,457212.0,2909.0,-0.0,0.0,0.0,-12808.0,2822.0,9075.0,0.0,0.0,445.0
Thu -15 Jul 2027 21:00,40205.0,40205.0,7173.0,609.0,0.0,47724.0,31542.0,0.0,0.0,0.0,-15300.0,510899.0,16181.0,0.0,456772.0,882.0,-0.0,0.0,0.0,-13352.0,3189.0,8993.0,0.0,0.0,444.0
Thu -15 Jul 2027 21:30,38680.0,38680.0,7173.0,609.0,0.0,46804.0,31659.0,0.0,0.0,0.0,-15905.0,517260.0,15145.0,0.0,457075.0,0.0,-760.0,0.0,0.0,-13644.0,3194.0,8443.0,0.0,0.0,617.0
Thu -15 Jul 2027 22:00,37332.0,37332.0,7173.0,609.0,0.0,46804.0,31659.0,0.0,0.0,0.0,-17253.0,524162.0,15145.0,0.0,457919.0,0.0,-2108.0,0.0,0.0,-14010.0,3381.0,8338.0,0.0,0.0,666.0
Thu -15 Jul 2027 22:30,36026.0,36026.0,7173.0,609.0,0.0,50375.0,31962.0,0.0,0.0,0.0,-22130.0,533014.0,18413.0,0.0,459405.0,0.0,-3717.0,0.0,0.0,-13743.0,4365.0,8616.0,0.0,0.0,639.0
Thu -15 Jul 2027 23:00,35561.0,35561.0,7173.0,609.0,0.0,50375.0,31962.0,0.0,0.0,0.0,-22596.0,542052.0,18413.0,0.0,461079.0,0.0,-4183.0,0.0,0.0,-13912.0,4353.0,8830.0,0.0,0.0,659.0
Thu -15 Jul 2027 23:30,36256.0,36256.0,7173.0,609.0,0.0,52426.0,32026.0,0.0,0.0,0.0,-23951.0,551632.0,20400.0,0.0,462499.0,0.0,-3552.0,0.0,0.0,-13490.0,4895.0,9079.0,0.0,0.0,690.0
Fri -16 Jul 2027 00:00,35223.0,35223.0,7173.0,609.0,0.0,53708.0,32596.0,0.0,0.0,-24418.0,-1848.0,552372.0,21112.0,0.0,464561.0,0.0,-5154.0,0.0,0.0,-5691.0,1315.0,6017.0,0.0,0.0,1269.0
Fri -16 Jul 2027 00:30,34082.0,34082.0,7173.0,609.0,0.0,53360.0,32243.0,0.0,0.0,-27059.0,-0.0,552372.0,21117.0,0.0,466938.0,0.0,-5942.0,0.0,0.0,-4884.0,1002.0,5528.0,0.0,0.0,1285.0
Fri -16 Jul 2027 01:00,33258.0,33258.0,7173.0,609.0,0.0,53360.0,32243.0,0.0,0.0,-27883.0,-0.0,552372.0,21117.0,0.0,469644.0,0.0,-6766.0,0.0,0.0,-4703.0,900.0,5398.0,0.0,0.0,1278.0
Fri -16 Jul 2027 01:30,32639.0,32639.0,7173.0,609.0,0.0,52231.0,31114.0,0.0,0.0,-27373.0,-0.0,552372.0,21117.0,0.0,472146.0,0.0,-6256.0,0.0,0.0,-4831.0,1316.0,5316.0,0.0,0.0,1274.0
Fri -16 Jul 2027 02:00,32083.0,32083.0,7173.0,609.0,0.0,52231.0,31114.0,0.0,0.0,-27929.0,-0.0,552372.0,21117.0,0.0,474871.0,0.0,-6812.0,0.0,0.0,-4614.0,1268.0,5240.0,0.0,0.0,1250.0
Fri -16 Jul 2027 02:30,31548.0,31548.0,7173.0,609.0,0.0,51673.0,30556.0,0.0,0.0,-27906.0,-0.0,552372.0,21117.0,0.0,477587.0,0.0,-6789.0,0.0,0.0,-4327.0,1280.0,5127.0,0.0,0.0,1244.0
Fri -16 Jul 2027 03:00,31367.0,31367.0,7173.0,609.0,0.0,51673.0,30556.0,0.0,0.0,-28088.0,-0.0,552372.0,21117.0,0.0,480375.0,0.0,-6971.0,0.0,0.0,-4220.0,1255.0,5123.0,0.0,0.0,1229.0
Fri -16 Jul 2027 03:30,31261.0,31261.0,7173.0,609.0,0.0,51887.0,30770.0,0.0,0.0,-28407.0,-0.0,552372.0,21117.0,0.0,483291.0,0.0,-7290.0,0.0,0.0,-3810.0,852.0,5113.0,0.0,0.0,1222.0
Fri -16 Jul 2027 04:00,31976.0,31976.0,7173.0,609.0,0.0,51887.0,30770.0,0.0,0.0,-27692.0,-0.0,552372.0,21117.0,0.0,485921.0,0.0,-6575.0,0.0,0.0,-3893.0,818.0,5339.0,0.0,0.0,1214.0
Fri -16 Jul 2027 04:30,33631.0,33631.0,7173.0,609.0,0.0,50769.0,29652.0,0.0,0.0,-24920.0,-0.0,552372.0,21117.0,0.0,487442.0,0.0,-3803.0,0.0,0.0,-4009.0,805.0,5788.0,0.0,0.0,1203.0
Fri -16 Jul 2027 05:00,35922.0,35922.0,7173.0,609.0,0.0,50769.0,29652.0,0.0,0.0,-22628.0,-0.0,552372.0,21117.0,0.0,488047.0,0.0,-1511.0,0.0,0.0,-4530.0,830.0,6405.0,0.0,0.0,1171.0
Fri -16 Jul 2027 05:30,38147.0,38147.0,7173.0,609.0,0.0,45747.0,24629.0,0.0,0.0,-15381.0,-0.0,552372.0,21117.0,0.0,485178.0,5736.0,-0.0,0.0,0.0,-3790.0,1222.0,6828.0,0.0,0.0,1156.0
Fri -16 Jul 2027 06:00,42089.0,42089.0,7173.0,609.0,0.0,45747.0,24629.0,0.0,0.0,-11439.0,-0.0,552372.0,21117.0,0.0,480339.0,9678.0,-0.0,0.0,0.0,-4560.0,1333.0,7839.0,0.0,0.0,1088.0
Fri -16 Jul 2027 06:30,46914.0,46914.0,7173.0,609.0,16885.0,37727.0,16610.0,0.0,0.0,-15480.0,-0.0,552372.0,21117.0,0.0,477521.0,5638.0,-0.0,0.0,0.0,2161.0,1677.0,9590.0,0.0,0.0,776.0
Fri -16 Jul 2027 07:00,50903.0,50903.0,7173.0,609.0,16885.0,37727.0,16610.0,0.0,0.0,-11490.0,-0.0,552372.0,21117.0,0.0,472707.0,9627.0,-0.0,0.0,0.0,2210.0,1926.0,10788.0,0.0,0.0,651.0
Fri -16 Jul 2027 07:30,55490.0,55490.0,7173.0,609.0,41434.0,35660.0,14543.0,0.0,0.0,-29385.0,-0.0,552372.0,21117.0,0.0,476015.0,0.0,-8268.0,0.0,0.0,4712.0,-1867.0,12806.0,0.0,0.0,390.0
Fri -16 Jul 2027 08:00,58606.0,58606.0,7173.0,609.0,41434.0,35660.0,14543.0,0.0,0.0,-26269.0,-0.0,552372.0,21117.0,0.0,478075.0,0.0,-5152.0,0.0,0.0,5261.0,-1811.0,13468.0,0.0,0.0,334.0
Fri -16 Jul 2027 08:30,58321.0,58321.0,7173.0,609.0,54962.0,39527.0,18410.0,0.0,0.0,-43949.0,-0.0,552372.0,21117.0,0.0,487208.0,0.0,-22832.0,0.0,0.0,4894.0,-2895.0,13615.0,0.0,0.0,294.0
Fri -16 Jul 2027 09:00,52496.0,52496.0,4369.0,132.0,54962.0,39527.0,18410.0,0.0,0.0,-49774.0,-0.0,552372.0,21117.0,0.0,497359.0,0.0,-25376.0,0.0,0.0,4901.0,-5363.0,12919.0,0.0,0.0,-137.0
Fri -16 Jul 2027 09:30,49669.0,49669.0,4733.0,166.0,53354.0,37908.0,16791.0,0.0,0.0,-49375.0,-0.0,552372.0,21117.0,0.0,507509.0,0.0,-25376.0,0.0,0.0,4693.0,-6282.0,11789.0,0.0,0.0,66.0
Fri -16 Jul 2027 10:00,47535.0,47535.0,2763.0,2.0,53354.0,37908.0,16791.0,0.0,0.0,-51509.0,-0.0,552372.0,21117.0,0.0,517659.0,0.0,-25376.0,0.0,0.0,4372.0,-8277.0,12403.0,0.0,0.0,-302.0
Fri -16 Jul 2027 10:30,45772.0,45772.0,7173.0,609.0,42922.0,38500.0,17383.0,0.0,0.0,-43431.0,-0.0,552372.0,21117.0,0.0,526585.0,0.0,-22314.0,0.0,0.0,3856.0,-3597.0,8893.0,0.0,0.0,764.0
Fri -16 Jul 2027 11:00,46042.0,46042.0,7173.0,609.0,42922.0,38500.0,17383.0,0.0,0.0,-43161.0,-0.0,552372.0,21117.0,0.0,535402.0,0.0,-22044.0,0.0,0.0,3641.0,-3813.0,9147.0,0.0,0.0,739.0
Fri -16 Jul 2027 11:30,45200.0,45200.0,7173.0,609.0,30627.0,36898.0,15781.0,0.0,0.0,-30107.0,-0.0,552372.0,21117.0,0.0,538998.0,0.0,-8990.0,0.0,0.0,2621.0,-3600.0,8556.0,0.0,0.0,824.0
Fri -16 Jul 2027 12:00,45717.0,45717.0,7173.0,609.0,30627.0,36898.0,15781.0,0.0,0.0,-29590.0,-0.0,552372.0,21117.0,0.0,542387.0,0.0,-8473.0,0.0,0.0,2549.0,-3797.0,8763.0,0.0,0.0,812.0
Fri -16 Jul 2027 12:30,44839.0,44839.0,7173.0,609.0,29143.0,31742.0,10625.0,0.0,0.0,-23828.0,-0.0,552372.0,21117.0,0.0,543472.0,0.0,-2711.0,0.0,0.0,4998.0,-4206.0,8299.0,0.0,0.0,867.0
Fri -16 Jul 2027 13:00,45190.0,45190.0,7173.0,609.0,29143.0,31742.0,10625.0,0.0,0.0,-23477.0,-0.0,552372.0,21117.0,0.0,544416.0,0.0,-2360.0,0.0,0.0,5078.0,-4333.0,8444.0,0.0,0.0,867.0
Fri -16 Jul 2027 13:30,44645.0,44645.0,7173.0,609.0,26177.0,28787.0,7670.0,0.0,0.0,-18100.0,-0.0,552372.0,21117.0,0.0,542907.0,3017.0,-0.0,0.0,0.0,5850.0,-1712.0,8085.0,0.0,0.0,938.0
Fri -16 Jul 2027 14:00,47205.0,47205.0,7173.0,609.0,26177.0,32536.0,14093.0,0.0,0.0,-19289.0,-0.0,552372.0,18443.0,0.0,543246.0,0.0,-846.0,0.0,0.0,3070.0,-2977.0,9408.0,0.0,0.0,770.0
Fri -16 Jul 2027 14:30,48535.0,48535.0,7173.0,609.0,28046.0,33012.0,15836.0,0.0,0.0,-20305.0,-0.0,552372.0,17176.0,0.0,544497.0,0.0,-3128.0,0.0,0.0,1794.0,-5880.0,9756.0,0.0,0.0,765.0
Fri -16 Jul 2027 15:00,51621.0,51621.0,7173.0,609.0,28046.0,33012.0,15836.0,0.0,0.0,-17219.0,-0.0,552372.0,17176.0,0.0,544514.0,0.0,-43.0,0.0,0.0,1746.0,-6534.0,10775.0,0.0,0.0,706.0
Fri -16 Jul 2027 15:30,53239.0,53239.0,7173.0,609.0,10158.0,24943.0,13077.0,10357.0,0.0,0.0,-0.0,547193.0,11866.0,0.0,533403.0,22223.0,-0.0,0.0,0.0,1907.0,-6640.0,9338.0,0.0,0.0,1042.0
Fri -16 Jul 2027 16:00,56196.0,56196.0,7173.0,609.0,10158.0,24943.0,13077.0,13314.0,0.0,0.0,-0.0,540536.0,11866.0,0.0,520813.0,25179.0,-0.0,0.0,0.0,2331.0,-7065.0,9914.0,0.0,0.0,1015.0
Fri -16 Jul 2027 16:30,56270.0,56270.0,7173.0,609.0,17.0,25753.0,17222.0,22720.0,0.0,0.0,-0.0,529176.0,8531.0,0.0,505188.0,31250.0,-0.0,0.0,0.0,-2482.0,-4157.0,8580.0,0.0,0.0,1159.0
Fri -16 Jul 2027 17:00,59298.0,59298.0,7173.0,609.0,17.0,25753.0,17222.0,25747.0,0.0,0.0,-0.0,516303.0,8531.0,0.0,488049.0,34278.0,-0.0,0.0,0.0,-2362.0,-4837.0,9625.0,0.0,0.0,1068.0
Fri -16 Jul 2027 17:30,59363.0,59363.0,7173.0,609.0,0.0,31185.0,22412.0,20396.0,0.0,0.0,-0.0,506105.0,8773.0,0.0,473465.0,29169.0,-0.0,0.0,0.0,-6247.0,-3610.0,10092.0,0.0,0.0,970.0
Fri -16 Jul 2027 18:00,57446.0,57446.0,7173.0,609.0,0.0,31185.0,22412.0,18479.0,0.0,0.0,-0.0,496865.0,8773.0,0.0,459839.0,27252.0,-0.0,0.0,0.0,-6226.0,-3113.0,9627.0,0.0,0.0,994.0
Fri -16 Jul 2027 18:30,53565.0,53565.0,7173.0,609.0,0.0,39353.0,27082.0,6431.0,0.0,0.0,-0.0,493650.0,12270.0,0.0,450488.0,18701.0,-0.0,0.0,0.0,-9315.0,-693.0,10010.0,0.0,0.0,924.0
Fri -16 Jul 2027 19:00,49963.0,49963.0,7173.0,609.0,0.0,39353.0,27082.0,2829.0,0.0,0.0,-0.0,492235.0,12270.0,0.0,442938.0,15099.0,-0.0,0.0,0.0,-9474.0,-189.0,9355.0,0.0,0.0,948.0
Fri -16 Jul 2027 19:30,46720.0,46720.0,7173.0,609.0,0.0,51019.0,31229.0,0.0,0.0,0.0,-12081.0,497068.0,19790.0,0.0,439084.0,7709.0,-0.0,0.0,0.0,-11461.0,2929.0,10314.0,0.0,0.0,807.0
Fri -16 Jul 2027 20:00,44489.0,44489.0,7173.0,609.0,0.0,51019.0,31229.0,0.0,0.0,0.0,-14312.0,502792.0,19790.0,0.0,436344.0,5478.0,-0.0,0.0,0.0,-11333.0,3195.0,9801.0,0.0,0.0,857.0
Fri -16 Jul 2027 20:30,43483.0,43483.0,7173.0,609.0,0.0,52992.0,32411.0,0.0,0.0,0.0,-17290.0,509709.0,20581.0,0.0,434699.0,3290.0,-0.0,0.0,0.0,-12194.0,3651.0,10026.0,0.0,0.0,801.0
Fri -16 Jul 2027 21:00,41527.0,41527.0,7173.0,609.0,0.0,52992.0,32411.0,0.0,0.0,0.0,-19246.0,517407.0,20581.0,0.0,434032.0,1335.0,-0.0,0.0,0.0,-12720.0,4015.0,9885.0,0.0,0.0,794.0
Fri -16 Jul 2027 21:30,40290.0,40290.0,7173.0,609.0,0.0,53766.0,32721.0,0.0,0.0,0.0,-21257.0,525910.0,21044.0,0.0,434117.0,0.0,-212.0,0.0,0.0,-12948.0,4370.0,9769.0,0.0,0.0,816.0
Fri -16 Jul 2027 22:00,39125.0,39125.0,7173.0,609.0,0.0,53766.0,32721.0,0.0,0.0,0.0,-22422.0,534878.0,21044.0,0.0,434668.0,0.0,-1378.0,0.0,0.0,-13325.0,4510.0,9699.0,0.0,0.0,831.0
Fri -16 Jul 2027 22:30,37995.0,37995.0,7173.0,609.0,0.0,53893.0,32785.0,0.0,0.0,0.0,-23679.0,544350.0,21107.0,0.0,435697.0,0.0,-2572.0,0.0,0.0,-13448.0,4688.0,9497.0,0.0,0.0,848.0
Fri -16 Jul 2027 23:00,37558.0,37558.0,7173.0,609.0,0.0,53893.0,32785.0,0.0,0.0,-4063.0,-20053.0,552372.0,21107.0,0.0,436900.0,0.0,-3008.0,0.0,0.0,-12237.0,3956.0,9249.0,0.0,0.0,911.0
Fri -16 Jul 2027 23:30,37940.0,37940.0,7173.0,609.0,0.0,53708.0,32596.0,0.0,0.0,-23549.0,-0.0,552372.0,21112.0,0.0,437875.0,0.0,-2437.0,0.0,0.0,-6173.0,839.0,7277.0,0.0,0.0,1077.0
Sat -17 Jul 2027 00:00,37556.0,37556.0,7173.0,609.0,0.0,36545.0,15428.0,0.0,0.0,-6771.0,-0.0,552372.0,21117.0,0.0,430702.0,14346.0,-0.0,0.0,0.0,-229.0,-109.0,7729.0,0.0,0.0,977.0
Sat -17 Jul 2027 00:30,36371.0,36371.0,7173.0,609.0,0.0,40502.0,19385.0,0.0,0.0,-11912.0,-0.0,552372.0,21117.0,0.0,426099.0,9205.0,-0.0,0.0,0.0,-2160.0,117.0,7492.0,0.0,0.0,915.0
Sat -17 Jul 2027 01:00,34903.0,34903.0,7173.0,609.0,0.0,40502.0,19385.0,0.0,0.0,-13380.0,-0.0,552372.0,21117.0,0.0,422231.0,7737.0,-0.0,0.0,0.0,-2061.0,70.0,7227.0,0.0,0.0,949.0
Sat -17 Jul 2027 01:30,34976.0,34976.0,7173.0,609.0,0.0,41961.0,20844.0,0.0,0.0,-14767.0,-0.0,552372.0,21117.0,0.0,419056.0,6350.0,-0.0,0.0,0.0,-2660.0,246.0,7337.0,0.0,0.0,945.0
Sat -17 Jul 2027 02:00,34469.0,34469.0,7173.0,609.0,0.0,41961.0,20844.0,0.0,0.0,-15274.0,-0.0,552372.0,21117.0,0.0,416134.0,5843.0,-0.0,0.0,0.0,-2560.0,215.0,7319.0,0.0,0.0,927.0
Sat -17 Jul 2027 02:30,33638.0,33638.0,7173.0,609.0,0.0,40829.0,19712.0,0.0,0.0,-14973.0,-0.0,552372.0,21117.0,0.0,413062.0,6144.0,-0.0,0.0,0.0,-2419.0,571.0,7189.0,0.0,0.0,894.0
Sat -17 Jul 2027 03:00,33173.0,33173.0,7173.0,609.0,0.0,40829.0,19712.0,0.0,0.0,-15437.0,-0.0,552372.0,21117.0,0.0,410222.0,5680.0,-0.0,0.0,0.0,-2232.0,534.0,7007.0,0.0,0.0,890.0
Sat -17 Jul 2027 03:30,32674.0,32674.0,7173.0,609.0,0.0,38804.0,17687.0,0.0,0.0,-13911.0,-0.0,552372.0,21117.0,0.0,406619.0,7206.0,-0.0,0.0,0.0,-1673.0,766.0,6858.0,0.0,0.0,926.0
Sat -17 Jul 2027 04:00,32813.0,32813.0,7173.0,609.0,0.0,38804.0,17687.0,0.0,0.0,-13773.0,-0.0,552372.0,21117.0,0.0,402947.0,7345.0,-0.0,0.0,0.0,-1635.0,708.0,6909.0,0.0,0.0,926.0
Sat -17 Jul 2027 04:30,33287.0,33287.0,7173.0,609.0,0.0,33980.0,12863.0,0.0,0.0,-8474.0,-0.0,552372.0,21117.0,0.0,396625.0,12643.0,-0.0,0.0,0.0,128.0,888.0,7038.0,0.0,0.0,922.0
Sat -17 Jul 2027 05:00,34334.0,34334.0,7173.0,609.0,0.0,33980.0,12863.0,0.0,0.0,-7427.0,-0.0,552372.0,21117.0,0.0,389780.0,13690.0,-0.0,0.0,0.0,27.0,878.0,7366.0,0.0,0.0,897.0
Sat -17 Jul 2027 05:30,34247.0,34247.0,7173.0,609.0,0.0,31969.0,10851.0,0.0,0.0,-5503.0,-0.0,552372.0,21117.0,0.0,381973.0,15614.0,-0.0,0.0,0.0,1017.0,940.0,7376.0,0.0,0.0,864.0
Sat -17 Jul 2027 06:00,36055.0,36055.0,7173.0,609.0,0.0,31969.0,10851.0,0.0,0.0,-3695.0,-0.0,552372.0,21117.0,0.0,373262.0,17422.0,-0.0,0.0,0.0,965.0,924.0,7917.0,0.0,0.0,812.0
Sat -17 Jul 2027 06:30,37722.0,37722.0,7173.0,609.0,3404.0,26749.0,5632.0,0.0,0.0,-212.0,-0.0,552372.0,21117.0,0.0,362810.0,20905.0,-0.0,0.0,0.0,3804.0,1046.0,8496.0,0.0,0.0,723.0
Sat -17 Jul 2027 07:00,39856.0,39856.0,7173.0,609.0,3404.0,26749.0,5632.0,1922.0,0.0,0.0,-0.0,551411.0,21117.0,0.0,351290.0,23039.0,-0.0,0.0,0.0,4069.0,744.0,8834.0,0.0,0.0,690.0
Sat -17 Jul 2027 07:30,41129.0,41129.0,7173.0,609.0,16733.0,28219.0,7102.0,0.0,0.0,-9202.0,-2402.0,552372.0,21117.0,0.0,346534.0,9513.0,-0.0,0.0,0.0,6045.0,-4002.0,9852.0,0.0,0.0,518.0
Sat -17 Jul 2027 08:00,44459.0,44459.0,7173.0,609.0,16733.0,28219.0,7102.0,0.0,0.0,-8274.0,-0.0,552372.0,21117.0,0.0,340112.0,12843.0,-0.0,0.0,0.0,7111.0,-4653.0,10164.0,0.0,0.0,488.0
Sat -17 Jul 2027 08:30,45842.0,45842.0,7173.0,609.0,25441.0,27369.0,6251.0,0.0,0.0,-14749.0,-0.0,552372.0,21117.0,0.0,336928.0,6368.0,-0.0,0.0,0.0,8700.0,-7713.0,10789.0,0.0,0.0,416.0
Sat -17 Jul 2027 09:00,44923.0,44923.0,7173.0,609.0,25441.0,27369.0,6251.0,0.0,0.0,-15668.0,-0.0,552372.0,21117.0,0.0,334203.0,5450.0,-0.0,0.0,0.0,8788.0,-7404.0,9718.0,0.0,0.0,484.0
Sat -17 Jul 2027 09:30,46668.0,46668.0,7173.0,609.0,22664.0,27866.0,6749.0,0.0,0.0,-11644.0,-0.0,552372.0,21117.0,0.0,329467.0,9473.0,-0.0,0.0,0.0,8427.0,-3838.0,10347.0,0.0,0.0,432.0
Sat -17 Jul 2027 10:00,46792.0,46792.0,7173.0,609.0,22664.0,27866.0,6749.0,0.0,0.0,-11519.0,-0.0,552372.0,21117.0,0.0,324668.0,9598.0,-0.0,0.0,0.0,7911.0,-3757.0,10617.0,0.0,0.0,425.0
Sat -17 Jul 2027 10:30,46016.0,46016.0,7173.0,609.0,43226.0,27615.0,6498.0,0.0,0.0,-32607.0,-0.0,552372.0,21117.0,0.0,329264.0,0.0,-11490.0,0.0,0.0,9257.0,-5020.0,10462.0,0.0,0.0,463.0
Sat -17 Jul 2027 11:00,47407.0,47407.0,7173.0,609.0,43226.0,27615.0,6498.0,0.0,0.0,-31216.0,-0.0,552372.0,21117.0,0.0,333303.0,0.0,-10099.0,0.0,0.0,9204.0,-5407.0,11222.0,0.0,0.0,436.0
Sat -17 Jul 2027 11:30,46839.0,46839.0,7173.0,609.0,25994.0,26273.0,5156.0,0.0,0.0,-13209.0,-0.0,552372.0,21117.0,0.0,329349.0,7908.0,-0.0,0.0,0.0,8082.0,-4106.0,10948.0,0.0,0.0,484.0
Sat -17 Jul 2027 12:00,45870.0,45870.0,7173.0,609.0,25994.0,26273.0,5156.0,0.0,0.0,-14178.0,-0.0,552372.0,21117.0,0.0,325879.0,6939.0,-0.0,0.0,0.0,7992.0,-3967.0,10717.0,0.0,0.0,506.0
Sat -17 Jul 2027 12:30,45565.0,45565.0,7173.0,609.0,33811.0,26206.0,5089.0,0.0,0.0,-22234.0,-0.0,552372.0,21117.0,0.0,326326.0,0.0,-1116.0,0.0,0.0,8589.0,-6636.0,10660.0,0.0,0.0,534.0
Sat -17 Jul 2027 13:00,44944.0,44944.0,7173.0,609.0,33811.0,26206.0,5089.0,0.0,0.0,-22854.0,-0.0,552372.0,21117.0,0.0,327021.0,0.0,-1737.0,0.0,0.0,8439.0,-6511.0,10551.0,0.0,0.0,567.0
Sat -17 Jul 2027 13:30,44747.0,44747.0,7173.0,609.0,24578.0,25735.0,4618.0,0.0,0.0,-13348.0,-0.0,552372.0,21117.0,0.0,323136.0,7769.0,-0.0,0.0,0.0,6480.0,-2469.0,10344.0,0.0,0.0,571.0
Sat -17 Jul 2027 14:00,46054.0,46054.0,7173.0,609.0,24578.0,28787.0,7670.0,0.0,0.0,-15093.0,-0.0,552372.0,21117.0,0.0,320124.0,6024.0,-0.0,0.0,0.0,5225.0,-1439.0,9334.0,0.0,0.0,929.0
Sat -17 Jul 2027 14:30,45694.0,45694.0,7173.0,609.0,28780.0,28690.0,7573.0,0.0,0.0,-19558.0,-0.0,552372.0,21117.0,0.0,319344.0,1559.0,-0.0,0.0,0.0,7948.0,-1641.0,9172.0,0.0,0.0,903.0
Sat -17 Jul 2027 15:00,46250.0,46250.0,7173.0,609.0,28780.0,28690.0,7573.0,0.0,0.0,-19002.0,-0.0,552372.0,21117.0,0.0,318287.0,2115.0,-0.0,0.0,0.0,8164.0,-1689.0,9124.0,0.0,0.0,899.0
Sat -17 Jul 2027 15:30,46449.0,46449.0,7173.0,609.0,15505.0,29223.0,8106.0,0.0,0.0,-6061.0,-0.0,552372.0,21117.0,0.0,310759.0,15056.0,-0.0,0.0,0.0,7505.0,-4648.0,8600.0,0.0,0.0,970.0
Sat -17 Jul 2027 16:00,52868.0,52868.0,7173.0,609.0,15505.0,29223.0,8106.0,359.0,0.0,0.0,-0.0,552192.0,21117.0,0.0,300021.0,21476.0,-0.0,0.0,0.0,8702.0,-5879.0,10325.0,0.0,0.0,874.0
Sat -17 Jul 2027 16:30,49926.0,49926.0,7173.0,609.0,89.0,29997.0,8903.0,12059.0,0.0,0.0,-0.0,546163.0,21094.0,0.0,283444.0,33153.0,-0.0,0.0,0.0,4487.0,-25.0,7924.0,0.0,0.0,1129.0
Sat -17 Jul 2027 17:00,53478.0,53478.0,7173.0,609.0,89.0,29997.0,8903.0,15610.0,0.0,0.0,-0.0,538358.0,21094.0,0.0,265092.0,36704.0,-0.0,0.0,0.0,4667.0,-1018.0,9100.0,0.0,0.0,1012.0
Sat -17 Jul 2027 17:30,52340.0,52340.0,7173.0,609.0,0.0,29625.0,8508.0,14933.0,0.0,0.0,-0.0,530891.0,21117.0,0.0,247067.0,36050.0,-0.0,0.0,0.0,4437.0,-264.0,8653.0,0.0,0.0,1028.0
Sat -17 Jul 2027 18:00,51429.0,51429.0,7173.0,609.0,0.0,29625.0,8508.0,14023.0,0.0,0.0,-0.0,523880.0,21117.0,0.0,229497.0,35140.0,-0.0,0.0,0.0,4494.0,-110.0,8353.0,0.0,0.0,1005.0
Sat -17 Jul 2027 18:30,49578.0,49578.0,7173.0,609.0,0.0,33992.0,12876.0,7805.0,0.0,0.0,-0.0,519977.0,21116.0,0.0,215036.0,28921.0,-0.0,0.0,0.0,547.0,1189.0,8941.0,0.0,0.0,969.0
Sat -17 Jul 2027 19:00,46701.0,46701.0,7173.0,609.0,0.0,33992.0,12876.0,4928.0,0.0,0.0,-0.0,517513.0,21116.0,0.0,202014.0,26044.0,-0.0,0.0,0.0,445.0,1663.0,8367.0,0.0,0.0,992.0
Sat -17 Jul 2027 19:30,43723.0,43723.0,7173.0,609.0,0.0,35767.0,14650.0,175.0,0.0,0.0,-0.0,517426.0,21117.0,0.0,191369.0,21292.0,-0.0,0.0,0.0,-342.0,1791.0,8028.0,0.0,0.0,974.0
Sat -17 Jul 2027 20:00,43166.0,43166.0,7173.0,609.0,0.0,35767.0,14650.0,0.0,0.0,0.0,-383.0,517579.0,21117.0,0.0,181002.0,20734.0,-0.0,0.0,0.0,-221.0,1669.0,7947.0,0.0,0.0,977.0
Sat -17 Jul 2027 20:30,42444.0,42444.0,7173.0,609.0,0.0,35471.0,14354.0,0.0,0.0,0.0,-809.0,517903.0,21117.0,0.0,170848.0,20308.0,-0.0,0.0,0.0,803.0,825.0,7864.0,0.0,0.0,974.0
Sat -17 Jul 2027 21:00,39734.0,39734.0,7173.0,609.0,0.0,35471.0,14354.0,0.0,0.0,0.0,-3519.0,519311.0,21117.0,0.0,162049.0,17598.0,-0.0,0.0,0.0,76.0,1378.0,7709.0,0.0,0.0,981.0
Sat -17 Jul 2027 21:30,38493.0,38493.0,7173.0,609.0,0.0,34124.0,13011.0,0.0,0.0,0.0,-3412.0,520676.0,21113.0,0.0,153198.0,17701.0,-0.0,0.0,0.0,1900.0,407.0,7286.0,0.0,0.0,996.0
Sat -17 Jul 2027 22:00,38907.0,38907.0,7173.0,609.0,0.0,34124.0,13011.0,0.0,0.0,0.0,-2998.0,521875.0,21113.0,0.0,144141.0,18115.0,-0.0,0.0,0.0,1672.0,202.0,7514.0,0.0,0.0,983.0
Sat -17 Jul 2027 22:30,37653.0,37653.0,7173.0,609.0,0.0,33715.0,12598.0,0.0,0.0,0.0,-3844.0,523413.0,21117.0,0.0,135504.0,17273.0,-0.0,0.0,0.0,1585.0,309.0,7648.0,0.0,0.0,930.0
Sat -17 Jul 2027 23:00,37071.0,37071.0,7173.0,609.0,0.0,33715.0,12598.0,0.0,0.0,0.0,-4425.0,525183.0,21117.0,0.0,127158.0,16692.0,-0.0,0.0,0.0,1522.0,286.0,7709.0,0.0,0.0,967.0
Sat -17 Jul 2027 23:30,38002.0,38002.0,7173.0,609.0,0.0,36545.0,15428.0,0.0,0.0,0.0,-6325.0,527713.0,21117.0,0.0,119762.0,14792.0,-0.0,0.0,0.0,-803.0,924.0,8459.0,0.0,0.0,787.0
Sun -18 Jul 2027 00:00,36500.0,36500.0,7173.0,609.0,0.0,24394.0,3277.0,4325.0,0.0,0.0,-0.0,525550.0,21117.0,0.0,107041.0,25442.0,-0.0,0.0,0.0,7540.0,158.0,6001.0,0.0,0.0,849.0
Sun -18 Jul 2027 00:30,35215.0,35215.0,7173.0,609.0,0.0,24570.0,3453.0,2864.0,0.0,0.0,-0.0,524118.0,21117.0,0.0,95051.0,23981.0,-0.0,0.0,0.0,7145.0,640.0,5706.0,0.0,0.0,923.0
Sun -18 Jul 2027 01:00,33681.0,33681.0,7173.0,609.0,0.0,24570.0,3453.0,1329.0,0.0,0.0,-0.0,523454.0,21117.0,0.0,83827.0,22447.0,-0.0,0.0,0.0,7082.0,825.0,5461.0,0.0,0.0,928.0
Sun -18 Jul 2027 01:30,33433.0,33433.0,7173.0,609.0,0.0,24664.0,3546.0,988.0,0.0,0.0,-0.0,522959.0,21117.0,0.0,72775.0,22105.0,-0.0,0.0,0.0,6685.0,1175.0,5414.0,0.0,0.0,978.0
Sun -18 Jul 2027 02:00,32708.0,32708.0,7173.0,609.0,0.0,24664.0,3546.0,263.0,0.0,0.0,-0.0,522828.0,21117.0,0.0,62084.0,21380.0,-0.0,0.0,0.0,6686.0,1269.0,5341.0,0.0,0.0,958.0
Sun -18 Jul 2027 02:30,31920.0,31920.0,7173.0,609.0,0.0,24196.0,3079.0,0.0,0.0,0.0,-57.0,522851.0,21117.0,0.0,51554.0,21060.0,-0.0,0.0,0.0,6840.0,1312.0,5276.0,0.0,0.0,1052.0
Sun -18 Jul 2027 03:00,31571.0,31571.0,7173.0,609.0,0.0,24196.0,3079.0,0.0,0.0,0.0,-407.0,523013.0,21117.0,0.0,41199.0,20711.0,-0.0,0.0,0.0,6874.0,1312.0,5200.0,0.0,0.0,1052.0
Sun -18 Jul 2027 03:30,31138.0,31138.0,7173.0,609.0,0.0,24892.0,3788.0,0.0,0.0,0.0,-1536.0,523628.0,21103.0,0.0,31415.0,19568.0,-0.0,0.0,0.0,6531.0,1468.0,5051.0,0.0,0.0,1171.0
Sun -18 Jul 2027 04:00,31319.0,31319.0,7173.0,609.0,0.0,24892.0,3788.0,0.0,0.0,0.0,-1355.0,524169.0,21103.0,0.0,21541.0,19749.0,-0.0,0.0,0.0,6537.0,1383.0,5115.0,0.0,0.0,1152.0
Sun -18 Jul 2027 04:30,31732.0,31732.0,7173.0,609.0,0.0,26120.0,5018.0,0.0,0.0,0.0,-2169.0,525037.0,21102.0,0.0,12074.0,18933.0,-0.0,0.0,0.0,5515.0,1680.0,5296.0,0.0,0.0,1195.0
Sun -18 Jul 2027 05:00,32645.0,32645.0,7173.0,609.0,0.0,26120.0,5018.0,0.0,0.0,0.0,-1256.0,525540.0,21102.0,0.0,2152.0,19846.0,-0.0,0.0,0.0,5560.0,1496.0,5476.0,0.0,0.0,1174.0
Sun -18 Jul 2027 05:30,32566.0,32566.0,7173.0,609.0,0.0,26875.0,5828.0,0.0,0.0,0.0,-2090.0,526376.0,21047.0,14654.0,0.0,4303.0,-0.0,0.0,0.0,4835.0,1888.0,5494.0,0.0,0.0,1162.0
Sun -18 Jul 2027 06:00,34243.0,34243.0,7173.0,609.0,0.0,26875.0,5828.0,0.0,0.0,0.0,-414.0,526541.0,21047.0,20633.0,0.0,0.0,-0.0,0.0,0.0,4928.0,1561.0,5804.0,0.0,0.0,1125.0
Sun -18 Jul 2027 06:30,35681.0,35681.0,7173.0,609.0,27489.0,28173.0,7149.0,0.0,0.0,0.0,-27763.0,537647.0,21024.0,0.0,2696.0,0.0,-6739.0,0.0,0.0,4333.0,8198.0,9949.0,0.0,0.0,624.0
Sun -18 Jul 2027 07:00,37450.0,37450.0,7173.0,609.0,27489.0,28173.0,7149.0,0.0,0.0,0.0,-25994.0,548044.0,21024.0,0.0,4684.0,0.0,-4970.0,0.0,0.0,4422.0,7915.0,10271.0,0.0,0.0,572.0
Sun -18 Jul 2027 07:30,38341.0,38341.0,4462.0,140.0,54402.0,25843.0,5323.0,0.0,0.0,-38867.0,-10818.0,552372.0,20520.0,0.0,15078.0,0.0,-25986.0,0.0,0.0,5917.0,-2315.0,10992.0,0.0,0.0,-82.0
Sun -18 Jul 2027 08:00,39479.0,39479.0,5501.0,239.0,54402.0,25843.0,5323.0,0.0,0.0,-48547.0,-0.0,552372.0,20520.0,0.0,25472.0,0.0,-25986.0,0.0,0.0,5437.0,-2628.0,9280.0,0.0,0.0,241.0
Sun -18 Jul 2027 08:30,40438.0,40438.0,1000.0,0.0,65578.0,25461.0,4939.0,0.0,0.0,-58382.0,-0.0,552372.0,20522.0,0.0,37904.0,0.0,-31079.0,0.0,0.0,6258.0,-8677.0,12315.0,0.0,0.0,-759.0
Sun -18 Jul 2027 09:00,41083.0,41083.0,1000.0,0.0,65578.0,25461.0,4939.0,0.0,0.0,-57737.0,-0.0,552372.0,20522.0,0.0,50077.0,0.0,-30433.0,0.0,0.0,6372.0,-8737.0,12358.0,0.0,0.0,-767.0
Sun -18 Jul 2027 09:30,42646.0,42646.0,1000.0,0.0,63840.0,25948.0,4913.0,0.0,0.0,-54924.0,-0.0,552372.0,21035.0,0.0,60920.0,0.0,-27108.0,0.0,0.0,6519.0,-9768.0,12914.0,0.0,0.0,-839.0
Sun -18 Jul 2027 10:00,42842.0,42842.0,1000.0,0.0,63840.0,25948.0,4913.0,0.0,0.0,-54727.0,-0.0,552372.0,21035.0,0.0,71685.0,0.0,-26911.0,0.0,0.0,6401.0,-9715.0,12925.0,0.0,0.0,-830.0
Sun -18 Jul 2027 10:30,41677.0,41677.0,1000.0,0.0,67587.0,24839.0,3726.0,0.0,0.0,-58531.0,-0.0,552372.0,21114.0,0.0,83939.0,0.0,-30636.0,0.0,0.0,6919.0,-9678.0,12571.0,0.0,0.0,-807.0
Sun -18 Jul 2027 11:00,43118.0,43118.0,1000.0,0.0,67587.0,24839.0,3726.0,0.0,0.0,-57089.0,-0.0,552372.0,21114.0,0.0,95617.0,0.0,-29194.0,0.0,0.0,7068.0,-10035.0,13178.0,0.0,0.0,-845.0
Sun -18 Jul 2027 11:30,42451.0,42451.0,1000.0,0.0,67298.0,24456.0,3340.0,0.0,0.0,-57085.0,-0.0,552372.0,21116.0,0.0,107292.0,0.0,-29187.0,0.0,0.0,7297.0,-9315.0,12917.0,0.0,0.0,-822.0
Sun -18 Jul 2027 12:00,41461.0,41461.0,1000.0,0.0,67298.0,24456.0,3340.0,0.0,0.0,-58074.0,-0.0,552372.0,21116.0,0.0,119362.0,0.0,-30177.0,0.0,0.0,7138.0,-9251.0,12607.0,0.0,0.0,-805.0
Sun -18 Jul 2027 12:30,41500.0,41500.0,1000.0,0.0,64827.0,25243.0,4126.0,0.0,0.0,-56351.0,-0.0,552372.0,21117.0,0.0,130744.0,0.0,-28453.0,0.0,0.0,7058.0,-9249.0,12487.0,0.0,0.0,-789.0
Sun -18 Jul 2027 13:00,41311.0,41311.0,1000.0,0.0,64827.0,25243.0,4126.0,0.0,0.0,-56540.0,-0.0,552372.0,21117.0,0.0,142200.0,0.0,-28642.0,0.0,0.0,7063.0,-9214.0,12426.0,0.0,0.0,-766.0
Sun -18 Jul 2027 13:30,41604.0,41604.0,4990.0,190.0,57495.0,25420.0,4303.0,0.0,0.0,-49093.0,-0.0,552372.0,21117.0,0.0,152351.0,0.0,-25376.0,0.0,0.0,7283.0,-4964.0,10077.0,0.0,0.0,77.0
Sun -18 Jul 2027 14:00,43568.0,43568.0,6497.0,333.0,57495.0,25735.0,4618.0,0.0,0.0,-47444.0,-0.0,552372.0,21117.0,0.0,162501.0,0.0,-25376.0,0.0,0.0,7088.0,-3869.0,10408.0,0.0,0.0,127.0
Sun -18 Jul 2027 14:30,43685.0,43685.0,7173.0,609.0,48279.0,25779.0,4662.0,0.0,0.0,-38154.0,-0.0,552372.0,21117.0,0.0,169316.0,0.0,-17037.0,0.0,0.0,6965.0,-3566.0,9612.0,0.0,0.0,346.0
Sun -18 Jul 2027 15:00,44835.0,44835.0,7173.0,609.0,48279.0,25779.0,4662.0,0.0,0.0,-37004.0,-0.0,552372.0,21117.0,0.0,175670.0,0.0,-15887.0,0.0,0.0,7219.0,-3797.0,9920.0,0.0,0.0,339.0
Sun -18 Jul 2027 15:30,45005.0,45005.0,7173.0,609.0,15819.0,26232.0,5115.0,0.0,0.0,-4827.0,-0.0,552372.0,21117.0,0.0,167526.0,16290.0,-0.0,0.0,0.0,7261.0,-2878.0,9827.0,0.0,0.0,347.0
Sun -18 Jul 2027 16:00,51204.0,51204.0,7173.0,609.0,15819.0,26232.0,5115.0,1371.0,0.0,0.0,-0.0,551686.0,21117.0,0.0,156281.0,22489.0,-0.0,0.0,0.0,8271.0,-3798.0,11616.0,0.0,0.0,209.0
Sun -18 Jul 2027 16:30,48952.0,48952.0,7173.0,609.0,79.0,27551.0,6434.0,13541.0,0.0,0.0,-0.0,544916.0,21117.0,0.0,138953.0,34658.0,-0.0,0.0,0.0,5916.0,-2126.0,8920.0,0.0,0.0,490.0
Sun -18 Jul 2027 17:00,52490.0,52490.0,7173.0,609.0,79.0,27551.0,6434.0,17079.0,0.0,0.0,-0.0,536376.0,21117.0,0.0,119855.0,38196.0,-0.0,0.0,0.0,6255.0,-3113.0,9745.0,0.0,0.0,411.0
Sun -18 Jul 2027 17:30,51986.0,51986.0,7173.0,609.0,0.0,27644.0,6527.0,16560.0,0.0,0.0,-0.0,528096.0,21117.0,0.0,101016.0,37677.0,-0.0,0.0,0.0,5846.0,-2309.0,9162.0,0.0,0.0,467.0
Sun -18 Jul 2027 18:00,51015.0,51015.0,7173.0,609.0,0.0,27644.0,6527.0,15589.0,0.0,0.0,-0.0,520302.0,21117.0,0.0,82663.0,36706.0,-0.0,0.0,0.0,5605.0,-2142.0,9144.0,0.0,0.0,487.0
Sun -18 Jul 2027 18:30,49226.0,49226.0,7173.0,609.0,0.0,26089.0,4972.0,15356.0,0.0,0.0,-0.0,512624.0,21117.0,0.0,64426.0,36473.0,-0.0,0.0,0.0,6376.0,-1561.0,8333.0,0.0,0.0,538.0
Sun -18 Jul 2027 19:00,46543.0,46543.0,7173.0,609.0,0.0,26089.0,4972.0,12672.0,0.0,0.0,-0.0,506288.0,21117.0,0.0,47532.0,33789.0,-0.0,0.0,0.0,6276.0,-1103.0,7921.0,0.0,0.0,557.0
Sun -18 Jul 2027 19:30,43659.0,43659.0,7173.0,609.0,0.0,24982.0,3865.0,10895.0,0.0,0.0,-0.0,500840.0,21117.0,0.0,31526.0,32012.0,-0.0,0.0,0.0,7376.0,-1107.0,7080.0,0.0,0.0,612.0
Sun -18 Jul 2027 20:00,43275.0,43275.0,7173.0,609.0,0.0,24982.0,3865.0,10511.0,0.0,0.0,-0.0,495584.0,21117.0,0.0,15711.0,31628.0,-0.0,0.0,0.0,7510.0,-1254.0,7100.0,0.0,0.0,615.0
Sun -18 Jul 2027 20:30,42505.0,42505.0,7173.0,609.0,0.0,25324.0,4207.0,9400.0,0.0,0.0,-0.0,490885.0,21117.0,0.0,453.0,30517.0,-0.0,0.0,0.0,7406.0,-1106.0,6875.0,0.0,0.0,621.0
Sun -18 Jul 2027 21:00,40125.0,40125.0,7173.0,609.0,0.0,25324.0,4207.0,7020.0,0.0,0.0,-0.0,487375.0,21117.0,27231.0,0.0,906.0,-0.0,0.0,0.0,7154.0,-639.0,6543.0,0.0,0.0,657.0
Sun -18 Jul 2027 21:30,38614.0,38614.0,7173.0,609.0,0.0,25198.0,4081.0,5634.0,0.0,0.0,-0.0,484558.0,21117.0,26751.0,0.0,0.0,-0.0,0.0,0.0,6879.0,-203.0,6320.0,0.0,0.0,688.0
Sun -18 Jul 2027 22:00,38333.0,38333.0,7173.0,609.0,0.0,25198.0,4081.0,5353.0,0.0,0.0,-0.0,481881.0,21117.0,26470.0,0.0,0.0,-0.0,0.0,0.0,6797.0,-279.0,6315.0,0.0,0.0,709.0
Sun -18 Jul 2027 22:30,36708.0,36708.0,7173.0,609.0,0.0,24723.0,3606.0,4203.0,0.0,0.0,-0.0,479779.0,21117.0,25320.0,0.0,0.0,-0.0,0.0,0.0,7095.0,165.0,5753.0,0.0,0.0,821.0
Sun -18 Jul 2027 23:00,36668.0,36668.0,7173.0,609.0,0.0,24723.0,3606.0,4163.0,0.0,0.0,-0.0,477698.0,21117.0,25280.0,0.0,0.0,-0.0,0.0,0.0,6944.0,-10.0,6244.0,0.0,0.0,793.0
Sun -18 Jul 2027 23:30,37090.0,37090.0,7173.0,609.0,0.0,24394.0,3277.0,4915.0,0.0,0.0,-0.0,475241.0,21117.0,26032.0,0.0,0.0,-0.0,0.0,0.0,7264.0,22.0,6175.0,0.0,0.0,878.0
Mon -19 Jul 2027 00:00,37933.0,37933.0,7173.0,609.0,0.0,26227.0,5110.0,3925.0,0.0,0.0,-0.0,473278.0,21117.0,25042.0,0.0,0.0,-0.0,0.0,0.0,6446.0,352.0,5698.0,0.0,0.0,1351.0
Mon -19 Jul 2027 00:30,36785.0,36785.0,7173.0,609.0,0.0,26391.0,5274.0,2613.0,0.0,0.0,-0.0,471972.0,21117.0,23730.0,0.0,0.0,-0.0,0.0,0.0,6215.0,543.0,5559.0,0.0,0.0,1357.0
Mon -19 Jul 2027 01:00,35770.0,35770.0,7173.0,609.0,0.0,26391.0,5274.0,1597.0,0.0,0.0,-0.0,471173.0,21117.0,22714.0,0.0,0.0,-0.0,0.0,0.0,6145.0,614.0,5425.0,0.0,0.0,1372.0
Mon -19 Jul 2027 01:30,35129.0,35129.0,7173.0,609.0,0.0,26308.0,5191.0,1040.0,0.0,0.0,-0.0,470653.0,21117.0,22157.0,0.0,0.0,-0.0,0.0,0.0,6611.0,39.0,5508.0,0.0,0.0,1348.0
Mon -19 Jul 2027 02:00,34508.0,34508.0,7173.0,609.0,0.0,26308.0,5191.0,419.0,0.0,0.0,-0.0,470444.0,21117.0,21536.0,0.0,0.0,-0.0,0.0,0.0,6669.0,96.0,5456.0,0.0,0.0,1333.0
Mon -19 Jul 2027 02:30,34012.0,34012.0,7173.0,609.0,0.0,26980.0,5863.0,0.0,0.0,0.0,-750.0,470744.0,21117.0,20367.0,0.0,0.0,-0.0,0.0,0.0,6209.0,93.0,5642.0,0.0,0.0,1316.0
Mon -19 Jul 2027 03:00,33961.0,33961.0,7173.0,609.0,0.0,26980.0,5863.0,0.0,0.0,0.0,-801.0,471064.0,21117.0,20316.0,0.0,0.0,-0.0,0.0,0.0,6277.0,71.0,5681.0,0.0,0.0,1324.0
Mon -19 Jul 2027 03:30,33882.0,33882.0,7173.0,609.0,0.0,28215.0,7098.0,0.0,0.0,0.0,-2114.0,471910.0,21117.0,19003.0,0.0,0.0,-0.0,0.0,0.0,5585.0,52.0,5825.0,0.0,0.0,1305.0
Mon -19 Jul 2027 04:00,34479.0,34479.0,7173.0,609.0,0.0,28215.0,7098.0,0.0,0.0,0.0,-1517.0,472516.0,21117.0,19601.0,0.0,0.0,-0.0,0.0,0.0,5749.0,-97.0,5851.0,0.0,0.0,1296.0
Mon -19 Jul 2027 04:30,36234.0,36234.0,7173.0,609.0,0.0,27809.0,6692.0,643.0,0.0,0.0,-0.0,472195.0,21117.0,21760.0,0.0,0.0,-0.0,0.0,0.0,6380.0,-543.0,5964.0,0.0,0.0,1311.0
Mon -19 Jul 2027 05:00,38730.0,38730.0,7173.0,609.0,0.0,27809.0,6692.0,3139.0,0.0,0.0,-0.0,470625.0,21117.0,24256.0,0.0,0.0,-0.0,0.0,0.0,6567.0,-989.0,6332.0,0.0,0.0,1314.0
Mon -19 Jul 2027 05:30,41187.0,41187.0,7173.0,609.0,0.0,28361.0,7244.0,5045.0,0.0,0.0,-0.0,468103.0,21117.0,26162.0,0.0,0.0,-0.0,0.0,0.0,6813.0,-1675.0,6669.0,0.0,0.0,1274.0
Mon -19 Jul 2027 06:00,45650.0,45650.0,7173.0,609.0,0.0,28361.0,7244.0,9507.0,0.0,0.0,-0.0,463350.0,21117.0,30624.0,0.0,0.0,-0.0,0.0,0.0,7075.0,-2424.0,7321.0,0.0,0.0,1219.0
Mon -19 Jul 2027 06:30,51096.0,51096.0,7173.0,609.0,18765.0,27583.0,6465.0,0.0,0.0,0.0,-3033.0,464563.0,21117.0,18084.0,0.0,0.0,-0.0,0.0,0.0,8753.0,1369.0,10958.0,0.0,0.0,853.0
Mon -19 Jul 2027 07:00,55490.0,55490.0,7173.0,609.0,18765.0,27583.0,6465.0,1361.0,0.0,0.0,-0.0,463882.0,21117.0,22478.0,0.0,0.0,-0.0,0.0,0.0,8847.0,797.0,11771.0,0.0,0.0,768.0
Mon -19 Jul 2027 07:30,60477.0,60477.0,7173.0,609.0,50473.0,26728.0,5611.0,0.0,0.0,0.0,-24506.0,473684.0,21117.0,0.0,1355.0,0.0,-3388.0,0.0,0.0,14994.0,-907.0,17268.0,0.0,0.0,155.0
Mon -19 Jul 2027 08:00,62164.0,62164.0,7173.0,609.0,50473.0,26728.0,5611.0,0.0,0.0,0.0,-22818.0,482812.0,21117.0,0.0,2036.0,0.0,-1701.0,0.0,0.0,14977.0,-842.0,17635.0,0.0,0.0,114.0
Mon -19 Jul 2027 08:30,61600.0,61600.0,7173.0,609.0,64802.0,25500.0,4383.0,0.0,0.0,0.0,-36484.0,497405.0,21117.0,0.0,8182.0,0.0,-15366.0,0.0,0.0,14794.0,-2077.0,19501.0,0.0,0.0,-105.0
Mon -19 Jul 2027 09:00,56543.0,56543.0,7173.0,609.0,64802.0,25500.0,4383.0,0.0,0.0,0.0,-41541.0,514021.0,21117.0,0.0,16352.0,0.0,-20423.0,0.0,0.0,14667.0,-912.0,18335.0,0.0,0.0,-22.0
Mon -19 Jul 2027 09:30,53705.0,53705.0,7173.0,609.0,57402.0,25088.0,3971.0,0.0,0.0,0.0,-36567.0,528648.0,21117.0,0.0,22532.0,0.0,-15449.0,0.0,0.0,16893.0,-3027.0,16834.0,0.0,0.0,142.0
Mon -19 Jul 2027 10:00,51161.0,51161.0,7173.0,609.0,57402.0,25088.0,3971.0,0.0,0.0,0.0,-39111.0,544292.0,21117.0,0.0,29729.0,0.0,-17993.0,0.0,0.0,16984.0,-2681.0,16188.0,0.0,0.0,170.0
Mon -19 Jul 2027 10:30,49149.0,49149.0,7173.0,609.0,62985.0,24831.0,3714.0,0.0,0.0,-26250.0,-20198.0,552372.0,21117.0,0.0,39862.0,0.0,-25331.0,0.0,0.0,13584.0,-2785.0,13464.0,0.0,0.0,370.0
Mon -19 Jul 2027 11:00,49230.0,49230.0,7173.0,609.0,62985.0,24831.0,3714.0,0.0,0.0,-46367.0,-0.0,552372.0,21117.0,0.0,49961.0,0.0,-25250.0,0.0,0.0,10703.0,-3952.0,11110.0,0.0,0.0,553.0
Mon -19 Jul 2027 11:30,48505.0,48505.0,7173.0,609.0,57880.0,24589.0,3472.0,0.0,0.0,-41746.0,-0.0,552372.0,21117.0,0.0,58213.0,0.0,-20629.0,0.0,0.0,11329.0,-4303.0,10843.0,0.0,0.0,595.0
Mon -19 Jul 2027 12:00,49617.0,49617.0,7173.0,609.0,57880.0,24589.0,3472.0,0.0,0.0,-40634.0,-0.0,552372.0,21117.0,0.0,66020.0,0.0,-19517.0,0.0,0.0,11827.0,-4598.0,11126.0,0.0,0.0,583.0
Mon -19 Jul 2027 12:30,49009.0,49009.0,7173.0,609.0,51830.0,23575.0,2458.0,0.0,0.0,-34177.0,-0.0,552372.0,21117.0,0.0,71244.0,0.0,-13060.0,0.0,0.0,12104.0,-3269.0,10729.0,0.0,0.0,638.0
Mon -19 Jul 2027 13:00,49259.0,49259.0,7173.0,609.0,51830.0,23575.0,2458.0,0.0,0.0,-33928.0,-0.0,552372.0,21117.0,0.0,76368.0,0.0,-12810.0,0.0,0.0,12142.0,-3362.0,10830.0,0.0,0.0,656.0
Mon -19 Jul 2027 13:30,48934.0,48934.0,7173.0,609.0,51371.0,23236.0,2119.0,0.0,0.0,-33455.0,-0.0,552372.0,21117.0,0.0,81303.0,0.0,-12338.0,0.0,0.0,12023.0,-4330.0,10649.0,0.0,0.0,685.0
Mon -19 Jul 2027 14:00,51775.0,51775.0,7173.0,609.0,51371.0,25420.0,4303.0,0.0,0.0,-32798.0,-0.0,552372.0,21117.0,0.0,85975.0,0.0,-11681.0,0.0,0.0,12171.0,-5017.0,11229.0,0.0,0.0,606.0
Mon -19 Jul 2027 14:30,52546.0,52546.0,7173.0,609.0,31149.0,25281.0,4164.0,0.0,0.0,-11664.0,-0.0,552372.0,21117.0,0.0,81249.0,9453.0,-0.0,0.0,0.0,12457.0,-6864.0,10976.0,0.0,0.0,742.0
Mon -19 Jul 2027 15:00,55800.0,55800.0,7173.0,609.0,31149.0,25281.0,4164.0,0.0,0.0,-8410.0,-0.0,552372.0,21117.0,0.0,74896.0,12707.0,-0.0,0.0,0.0,13183.0,-7563.0,11936.0,0.0,0.0,699.0
Mon -19 Jul 2027 15:30,58252.0,58252.0,7173.0,609.0,12973.0,25154.0,4036.0,12344.0,0.0,0.0,-0.0,546200.0,21117.0,0.0,58165.0,33461.0,-0.0,0.0,0.0,12204.0,-8836.0,10641.0,0.0,0.0,927.0
Mon -19 Jul 2027 16:00,60386.0,60386.0,7173.0,609.0,12973.0,25154.0,4036.0,14478.0,0.0,0.0,-0.0,538960.0,21117.0,0.0,40368.0,35595.0,-0.0,0.0,0.0,12273.0,-9154.0,10978.0,0.0,0.0,918.0
Mon -19 Jul 2027 16:30,60805.0,60805.0,7173.0,609.0,323.0,25580.0,4473.0,27120.0,0.0,0.0,-0.0,525401.0,21107.0,1278.0,16893.0,46949.0,-0.0,0.0,0.0,9801.0,-4511.0,9347.0,0.0,0.0,1113.0
Mon -19 Jul 2027 17:00,63471.0,63471.0,7173.0,609.0,323.0,25580.0,4473.0,29786.0,0.0,0.0,-0.0,510508.0,21107.0,17107.0,0.0,33786.0,-0.0,0.0,0.0,9812.0,-5125.0,9905.0,0.0,0.0,1053.0
Mon -19 Jul 2027 17:30,64241.0,64241.0,7173.0,609.0,0.0,26024.0,4910.0,30436.0,0.0,0.0,-0.0,495290.0,21113.0,51549.0,0.0,0.0,-0.0,0.0,0.0,8528.0,-4096.0,9831.0,0.0,0.0,1039.0
Mon -19 Jul 2027 18:00,62215.0,62215.0,7173.0,609.0,0.0,26024.0,4910.0,28410.0,0.0,0.0,-0.0,481085.0,21113.0,49523.0,0.0,0.0,-0.0,0.0,0.0,8194.0,-3551.0,9466.0,0.0,0.0,1075.0
Mon -19 Jul 2027 18:30,58217.0,58217.0,7173.0,609.0,0.0,26946.0,5832.0,23490.0,0.0,0.0,-0.0,469340.0,21113.0,44603.0,0.0,0.0,-0.0,0.0,0.0,7266.0,-2391.0,8445.0,0.0,0.0,1100.0
Mon -19 Jul 2027 19:00,54533.0,54533.0,7173.0,609.0,0.0,26946.0,5832.0,19806.0,0.0,0.0,-0.0,459437.0,21113.0,40919.0,0.0,0.0,-0.0,0.0,0.0,7033.0,-1878.0,7880.0,0.0,0.0,1135.0
Mon -19 Jul 2027 19:30,51174.0,51174.0,7173.0,609.0,0.0,27617.0,6506.0,15776.0,0.0,0.0,-0.0,451549.0,21111.0,36887.0,0.0,0.0,-0.0,0.0,0.0,6806.0,-1545.0,7235.0,0.0,0.0,1171.0
Mon -19 Jul 2027 20:00,48690.0,48690.0,7173.0,609.0,0.0,27617.0,6506.0,13291.0,0.0,0.0,-0.0,444904.0,21111.0,34402.0,0.0,0.0,-0.0,0.0,0.0,6823.0,-1255.0,6720.0,0.0,0.0,1197.0
Mon -19 Jul 2027 20:30,47299.0,47299.0,7173.0,609.0,0.0,28455.0,7348.0,11062.0,0.0,0.0,-0.0,439373.0,21107.0,32170.0,0.0,0.0,-0.0,0.0,0.0,6172.0,-1032.0,6632.0,0.0,0.0,1210.0
Mon -19 Jul 2027 21:00,45808.0,45808.0,7173.0,609.0,0.0,28455.0,7348.0,9572.0,0.0,0.0,-0.0,434587.0,21107.0,30679.0,0.0,0.0,-0.0,0.0,0.0,6106.0,-797.0,6429.0,0.0,0.0,1237.0
Mon -19 Jul 2027 21:30,44089.0,44089.0,7173.0,609.0,0.0,27853.0,6744.0,8455.0,0.0,0.0,-0.0,430359.0,21109.0,29564.0,0.0,0.0,-0.0,0.0,0.0,6328.0,-428.0,6025.0,0.0,0.0,1267.0
Mon -19 Jul 2027 22:00,42549.0,42549.0,7173.0,609.0,0.0,27853.0,6744.0,6915.0,0.0,0.0,-0.0,426902.0,21109.0,28024.0,0.0,0.0,-0.0,0.0,0.0,6127.0,-267.0,5829.0,0.0,0.0,1293.0
Mon -19 Jul 2027 22:30,40832.0,40832.0,7173.0,609.0,0.0,27235.0,6122.0,5816.0,0.0,0.0,-0.0,423994.0,21113.0,26929.0,0.0,0.0,-0.0,0.0,0.0,6245.0,-38.0,5630.0,0.0,0.0,1328.0
Mon -19 Jul 2027 23:00,41229.0,41229.0,7173.0,609.0,0.0,27235.0,6122.0,6213.0,0.0,0.0,-0.0,420887.0,21113.0,27326.0,0.0,0.0,-0.0,0.0,0.0,6005.0,-319.0,6456.0,0.0,0.0,1322.0
Mon -19 Jul 2027 23:30,41412.0,41412.0,7173.0,609.0,0.0,26227.0,5110.0,7404.0,0.0,0.0,-0.0,417185.0,21117.0,28521.0,0.0,0.0,-0.0,0.0,0.0,6454.0,-224.0,6454.0,0.0,0.0,1357.0
Tue -20 Jul 2027 00:00,39914.0,39914.0,7173.0,609.0,0.0,25979.0,4862.0,6153.0,0.0,0.0,-0.0,414109.0,21117.0,27270.0,0.0,0.0,-0.0,0.0,0.0,6241.0,-658.0,6919.0,0.0,0.0,1281.0
Tue -20 Jul 2027 00:30,38759.0,38759.0,7173.0,609.0,0.0,26420.0,5303.0,4557.0,0.0,0.0,-0.0,411830.0,21117.0,25674.0,0.0,0.0,-0.0,0.0,0.0,6296.0,-868.0,6730.0,0.0,0.0,1265.0
Tue -20 Jul 2027 01:00,38137.0,38137.0,7173.0,609.0,0.0,26420.0,5303.0,3935.0,0.0,0.0,-0.0,409863.0,21117.0,25052.0,0.0,0.0,-0.0,0.0,0.0,6217.0,-871.0,6816.0,0.0,0.0,1274.0
Tue -20 Jul 2027 01:30,37397.0,37397.0,7173.0,609.0,0.0,25980.0,4863.0,3636.0,0.0,0.0,-0.0,408045.0,21117.0,24753.0,0.0,0.0,-0.0,0.0,0.0,6441.0,-779.0,6648.0,0.0,0.0,1230.0
Tue -20 Jul 2027 02:00,36592.0,36592.0,7173.0,609.0,0.0,25980.0,4863.0,2831.0,0.0,0.0,-0.0,406629.0,21117.0,23948.0,0.0,0.0,-0.0,0.0,0.0,6547.0,-677.0,6566.0,0.0,0.0,1224.0
Tue -20 Jul 2027 02:30,35929.0,35929.0,7173.0,609.0,0.0,26676.0,5559.0,1471.0,0.0,0.0,-0.0,405893.0,21117.0,22589.0,0.0,0.0,-0.0,0.0,0.0,6491.0,-604.0,6294.0,0.0,0.0,1250.0
Tue -20 Jul 2027 03:00,35277.0,35277.0,7173.0,609.0,0.0,26676.0,5559.0,820.0,0.0,0.0,-0.0,405483.0,21117.0,21937.0,0.0,0.0,-0.0,0.0,0.0,6641.0,-507.0,6061.0,0.0,0.0,1241.0
Tue -20 Jul 2027 03:30,35113.0,35113.0,7173.0,609.0,0.0,26959.0,5845.0,372.0,0.0,0.0,-0.0,405297.0,21114.0,21486.0,0.0,0.0,-0.0,0.0,0.0,6438.0,-315.0,6005.0,0.0,0.0,1242.0
Tue -20 Jul 2027 04:00,35963.0,35963.0,7173.0,609.0,0.0,26959.0,5845.0,1223.0,0.0,0.0,-0.0,404686.0,21114.0,22337.0,0.0,0.0,-0.0,0.0,0.0,6505.0,-517.0,6263.0,0.0,0.0,1198.0
Tue -20 Jul 2027 04:30,37667.0,37667.0,7173.0,609.0,0.0,34969.0,13899.0,0.0,0.0,0.0,-5083.0,406719.0,21070.0,15987.0,0.0,0.0,-0.0,0.0,0.0,-106.0,1254.0,7689.0,0.0,0.0,1022.0
Tue -20 Jul 2027 05:00,40736.0,40736.0,7173.0,609.0,0.0,34969.0,13899.0,0.0,0.0,0.0,-2014.0,407525.0,21070.0,19056.0,0.0,0.0,-0.0,0.0,0.0,15.0,667.0,8381.0,0.0,0.0,1003.0
Tue -20 Jul 2027 05:30,43489.0,43489.0,7173.0,609.0,0.0,45784.0,24914.0,0.0,0.0,0.0,-10077.0,411555.0,20870.0,10794.0,0.0,0.0,-0.0,0.0,0.0,-8634.0,2750.0,10233.0,0.0,0.0,852.0
Tue -20 Jul 2027 06:00,47205.0,47205.0,7173.0,609.0,0.0,45784.0,24914.0,0.0,0.0,0.0,-6360.0,414099.0,20870.0,14510.0,0.0,0.0,-0.0,0.0,0.0,-8395.0,2171.0,10668.0,0.0,0.0,818.0
Tue -20 Jul 2027 06:30,52535.0,52535.0,7173.0,609.0,26309.0,45552.0,24937.0,0.0,0.0,0.0,-27108.0,424943.0,20615.0,0.0,2597.0,0.0,-6493.0,0.0,0.0,-8152.0,7527.0,15231.0,0.0,0.0,303.0
Tue -20 Jul 2027 07:00,57138.0,57138.0,7173.0,609.0,26309.0,45552.0,24937.0,0.0,0.0,0.0,-22504.0,433944.0,20615.0,0.0,3353.0,0.0,-1890.0,0.0,0.0,-7843.0,6936.0,16144.0,0.0,0.0,192.0
Tue -20 Jul 2027 07:30,61824.0,61824.0,7173.0,609.0,54052.0,38963.0,18371.0,0.0,0.0,0.0,-38973.0,449533.0,20592.0,0.0,10705.0,0.0,-18381.0,0.0,0.0,-394.0,2244.0,20106.0,0.0,0.0,-289.0
Tue -20 Jul 2027 08:00,64494.0,64494.0,7173.0,609.0,54052.0,38963.0,18371.0,0.0,0.0,0.0,-36303.0,464055.0,20592.0,0.0,16990.0,0.0,-15711.0,0.0,0.0,402.0,2084.0,20054.0,0.0,0.0,-278.0
Tue -20 Jul 2027 08:30,63673.0,63673.0,7173.0,609.0,58368.0,42148.0,21336.0,0.0,0.0,0.0,-44623.0,481904.0,20812.0,0.0,26515.0,0.0,-23812.0,0.0,0.0,-1806.0,-602.0,21216.0,0.0,0.0,-299.0
Tue -20 Jul 2027 09:00,56124.0,56124.0,2107.0,0.0,58368.0,42148.0,21336.0,0.0,0.0,-5224.0,-46949.0,500683.0,20812.0,0.0,36790.0,0.0,-25688.0,0.0,0.0,-1344.0,-4993.0,21455.0,0.0,0.0,-1153.0
Tue -20 Jul 2027 09:30,52467.0,52467.0,1000.0,0.0,68779.0,43082.0,22064.0,0.0,0.0,-20227.0,-46949.0,519463.0,21018.0,0.0,52540.0,0.0,-39376.0,0.0,0.0,677.0,-5958.0,21228.0,0.0,0.0,-1315.0
Tue -20 Jul 2027 10:00,49311.0,49311.0,1000.0,0.0,68779.0,43082.0,22064.0,0.0,0.0,-23383.0,-46949.0,538243.0,21018.0,0.0,69553.0,0.0,-42532.0,0.0,0.0,206.0,-5805.0,20505.0,0.0,0.0,-1252.0
Tue -20 Jul 2027 10:30,47068.0,47068.0,1000.0,0.0,67266.0,41303.0,20272.0,0.0,0.0,-33961.0,-35322.0,552372.0,21031.0,0.0,86141.0,0.0,-41470.0,0.0,0.0,771.0,-6493.0,18702.0,0.0,0.0,-1142.0
Tue -20 Jul 2027 11:00,46777.0,46777.0,1000.0,0.0,67266.0,41303.0,20272.0,0.0,0.0,-69573.0,-0.0,552372.0,21031.0,0.0,102845.0,0.0,-41760.0,0.0,0.0,2060.0,-9446.0,14622.0,0.0,0.0,-688.0
Tue -20 Jul 2027 11:30,45684.0,45684.0,3454.0,45.0,48694.0,39989.0,19081.0,0.0,0.0,-50780.0,-0.0,552372.0,20908.0,0.0,113081.0,0.0,-25589.0,0.0,0.0,118.0,-7657.0,12727.0,0.0,0.0,-159.0
Tue -20 Jul 2027 12:00,46026.0,46026.0,3765.0,74.0,48694.0,39989.0,19081.0,0.0,0.0,-50439.0,-0.0,552372.0,20908.0,0.0,123317.0,0.0,-25589.0,0.0,0.0,-105.0,-7448.0,12824.0,0.0,0.0,-90.0
Tue -20 Jul 2027 12:30,45439.0,45439.0,1000.0,0.0,58858.0,36756.0,16641.0,0.0,0.0,-57956.0,-0.0,552372.0,20115.0,0.0,135741.0,0.0,-31060.0,0.0,0.0,1936.0,-9288.0,14029.0,0.0,0.0,-623.0
Tue -20 Jul 2027 13:00,45983.0,45983.0,1000.0,0.0,58858.0,36756.0,16641.0,0.0,0.0,-57412.0,-0.0,552372.0,20115.0,0.0,147947.0,0.0,-30515.0,0.0,0.0,1853.0,-9487.0,14219.0,0.0,0.0,-641.0
Tue -20 Jul 2027 13:30,45830.0,45830.0,7173.0,609.0,34575.0,34454.0,15946.0,0.0,0.0,-30979.0,-0.0,552372.0,18508.0,0.0,152936.0,0.0,-12472.0,0.0,0.0,-1438.0,-4107.0,10107.0,0.0,0.0,704.0
Tue -20 Jul 2027 14:00,48799.0,48799.0,7173.0,609.0,34575.0,23236.0,2119.0,0.0,0.0,-16793.0,-0.0,552372.0,21117.0,0.0,150774.0,4324.0,-0.0,0.0,0.0,5819.0,-6693.0,11194.0,0.0,0.0,887.0
Tue -20 Jul 2027 14:30,50414.0,50414.0,7173.0,609.0,37476.0,23241.0,2123.0,0.0,0.0,-18084.0,-0.0,552372.0,21117.0,0.0,149257.0,3033.0,-0.0,0.0,0.0,7351.0,-5432.0,11528.0,0.0,0.0,840.0
Tue -20 Jul 2027 15:00,53848.0,53848.0,7173.0,609.0,37476.0,23241.0,2123.0,0.0,0.0,-14650.0,-0.0,552372.0,21117.0,0.0,146024.0,6467.0,-0.0,0.0,0.0,8133.0,-6071.0,12453.0,0.0,0.0,774.0
Tue -20 Jul 2027 15:30,56219.0,56219.0,7173.0,609.0,15945.0,23036.0,1919.0,9457.0,0.0,0.0,-0.0,547643.0,21117.0,0.0,130736.0,30575.0,-0.0,0.0,0.0,9127.0,-5302.0,11559.0,0.0,0.0,1000.0
Tue -20 Jul 2027 16:00,59433.0,59433.0,7173.0,609.0,15945.0,23036.0,1919.0,12671.0,0.0,0.0,-0.0,541307.0,21117.0,0.0,113842.0,33789.0,-0.0,0.0,0.0,9646.0,-5809.0,12059.0,0.0,0.0,979.0
Tue -20 Jul 2027 16:30,59894.0,59894.0,7173.0,609.0,284.0,22987.0,1876.0,28841.0,0.0,0.0,-0.0,526887.0,21110.0,3003.0,90368.0,46949.0,-0.0,0.0,0.0,8615.0,-3396.0,9904.0,0.0,0.0,1208.0
Tue -20 Jul 2027 17:00,64195.0,64195.0,7173.0,609.0,284.0,22987.0,1876.0,33143.0,0.0,0.0,-0.0,510315.0,21110.0,7304.0,66893.0,46949.0,-0.0,0.0,0.0,8734.0,-4322.0,11295.0,0.0,0.0,1093.0
Tue -20 Jul 2027 17:30,65211.0,65211.0,7173.0,609.0,0.0,23699.0,2582.0,33731.0,0.0,0.0,-0.0,493450.0,21117.0,7899.0,43419.0,46949.0,-0.0,0.0,0.0,8037.0,-3804.0,11190.0,0.0,0.0,1064.0
Tue -20 Jul 2027 18:00,64439.0,64439.0,7173.0,609.0,0.0,23699.0,2582.0,32959.0,0.0,0.0,-0.0,476970.0,21117.0,0.0,26939.0,32959.0,-0.0,0.0,0.0,8141.0,-3493.0,11029.0,0.0,0.0,1076.0
Tue -20 Jul 2027 18:30,60687.0,60687.0,7173.0,609.0,0.0,25032.0,3918.0,27874.0,0.0,0.0,-0.0,463033.0,21114.0,0.0,13002.0,27874.0,-0.0,0.0,0.0,7014.0,-2487.0,10326.0,0.0,0.0,1088.0
Tue -20 Jul 2027 19:00,57368.0,57368.0,7173.0,609.0,0.0,25032.0,3918.0,24555.0,0.0,0.0,-0.0,450756.0,21114.0,0.0,724.0,24555.0,-0.0,0.0,0.0,6871.0,-2019.0,9876.0,0.0,0.0,1115.0
Tue -20 Jul 2027 19:30,54120.0,54120.0,7173.0,609.0,0.0,25887.0,4769.0,20452.0,0.0,0.0,-0.0,440530.0,21117.0,19003.0,0.0,1449.0,-0.0,0.0,0.0,6178.0,-1394.0,9360.0,0.0,0.0,1155.0
Tue -20 Jul 2027 20:00,52081.0,52081.0,7173.0,609.0,0.0,25887.0,4769.0,18413.0,0.0,0.0,-0.0,431323.0,21117.0,18413.0,0.0,0.0,-0.0,0.0,0.0,6201.0,-1197.0,9136.0,0.0,0.0,1149.0
Tue -20 Jul 2027 20:30,50765.0,50765.0,7173.0,609.0,0.0,26067.0,4950.0,16916.0,0.0,0.0,-0.0,422865.0,21117.0,16916.0,0.0,0.0,-0.0,0.0,0.0,6837.0,-1531.0,8637.0,0.0,0.0,1174.0
Tue -20 Jul 2027 21:00,48447.0,48447.0,7173.0,609.0,0.0,26067.0,4950.0,14598.0,0.0,0.0,-0.0,415566.0,21117.0,14598.0,0.0,0.0,-0.0,0.0,0.0,6001.0,-1106.0,8750.0,0.0,0.0,1154.0
Tue -20 Jul 2027 21:30,46681.0,46681.0,7173.0,609.0,0.0,26008.0,4891.0,12892.0,0.0,0.0,-0.0,409120.0,21117.0,12892.0,0.0,0.0,-0.0,0.0,0.0,6305.0,-1005.0,8305.0,0.0,0.0,1145.0
Tue -20 Jul 2027 22:00,44999.0,44999.0,7173.0,609.0,0.0,26008.0,4891.0,11210.0,0.0,0.0,-0.0,403515.0,21117.0,11210.0,0.0,0.0,-0.0,0.0,0.0,5787.0,-814.0,8357.0,0.0,0.0,1159.0
Tue -20 Jul 2027 22:30,43231.0,43231.0,7173.0,609.0,0.0,25575.0,4458.0,9875.0,0.0,0.0,-0.0,398578.0,21117.0,9875.0,0.0,0.0,-0.0,0.0,0.0,6248.0,-937.0,8094.0,0.0,0.0,1188.0
Tue -20 Jul 2027 23:00,42602.0,42602.0,7173.0,609.0,0.0,25575.0,4458.0,9245.0,0.0,0.0,-0.0,393955.0,21117.0,9245.0,0.0,0.0,-0.0,0.0,0.0,6129.0,-983.0,8366.0,0.0,0.0,1226.0
Tue -20 Jul 2027 23:30,42795.0,42795.0,7173.0,609.0,0.0,25979.0,4862.0,9034.0,0.0,0.0,-0.0,389438.0,21117.0,9034.0,0.0,0.0,-0.0,0.0,0.0,6152.0,-1212.0,8486.0,0.0,0.0,1213.0
Wed -21 Jul 2027 00:00,41937.0,41937.0,7173.0,609.0,0.0,46503.0,31473.0,0.0,0.0,0.0,-12348.0,394377.0,15029.0,0.0,4939.0,0.0,-12348.0,0.0,0.0,-14985.0,2541.0,10627.0,0.0,0.0,531.0
Wed -21 Jul 2027 00:30,40821.0,40821.0,7173.0,609.0,0.0,44461.0,31706.0,0.0,0.0,0.0,-11422.0,398946.0,12756.0,0.0,9508.0,0.0,-11422.0,0.0,0.0,-15775.0,2168.0,10245.0,0.0,0.0,549.0
Wed -21 Jul 2027 01:00,39871.0,39871.0,7173.0,609.0,0.0,44461.0,31706.0,0.0,0.0,0.0,-12371.0,403894.0,12756.0,0.0,14456.0,0.0,-12371.0,0.0,0.0,-15841.0,2226.0,10187.0,0.0,0.0,563.0
Wed -21 Jul 2027 01:30,39138.0,39138.0,7173.0,609.0,0.0,42157.0,31770.0,0.0,0.0,0.0,-10800.0,408214.0,10387.0,0.0,18776.0,0.0,-10800.0,0.0,0.0,-16397.0,1706.0,9841.0,0.0,0.0,587.0
Wed -21 Jul 2027 02:00,38375.0,38375.0,7173.0,609.0,0.0,42157.0,31770.0,0.0,0.0,0.0,-11563.0,412840.0,10387.0,0.0,23402.0,0.0,-11563.0,0.0,0.0,-16406.0,1788.0,9850.0,0.0,0.0,573.0
Wed -21 Jul 2027 02:30,37690.0,37690.0,7173.0,609.0,0.0,39455.0,31951.0,0.0,0.0,0.0,-9547.0,416658.0,7504.0,0.0,27220.0,0.0,-9547.0,0.0,0.0,-16930.0,1236.0,9313.0,0.0,0.0,610.0
Wed -21 Jul 2027 03:00,37843.0,37843.0,7173.0,609.0,0.0,39455.0,31951.0,0.0,0.0,0.0,-9393.0,420416.0,7504.0,0.0,30978.0,0.0,-9393.0,0.0,0.0,-16936.0,1157.0,9604.0,0.0,0.0,600.0
Wed -21 Jul 2027 03:30,37618.0,37618.0,7173.0,609.0,0.0,36578.0,31913.0,0.0,0.0,0.0,-6742.0,423112.0,4665.0,0.0,33675.0,0.0,-6742.0,0.0,0.0,-17436.0,537.0,9211.0,0.0,0.0,646.0
Wed -21 Jul 2027 04:00,38207.0,38207.0,7173.0,609.0,0.0,36578.0,31913.0,0.0,0.0,0.0,-6153.0,425574.0,4665.0,0.0,36136.0,0.0,-6153.0,0.0,0.0,-17318.0,390.0,9369.0,0.0,0.0,626.0
Wed -21 Jul 2027 04:30,39969.0,39969.0,7173.0,609.0,0.0,37346.0,31682.0,0.0,0.0,0.0,-5158.0,427637.0,5664.0,0.0,38199.0,0.0,-5158.0,0.0,0.0,-16875.0,226.0,9913.0,0.0,0.0,606.0
Wed -21 Jul 2027 05:00,42473.0,42473.0,7173.0,609.0,0.0,37346.0,31682.0,0.0,0.0,0.0,-2654.0,428698.0,5664.0,0.0,39260.0,0.0,-2654.0,0.0,0.0,-16686.0,-219.0,10326.0,0.0,0.0,584.0
Wed -21 Jul 2027 05:30,45042.0,45042.0,7173.0,609.0,0.0,37475.0,31291.0,0.0,0.0,0.0,-214.0,428784.0,6183.0,0.0,39346.0,0.0,-214.0,0.0,0.0,-16173.0,-628.0,10875.0,0.0,0.0,561.0
Wed -21 Jul 2027 06:00,49894.0,49894.0,7173.0,609.0,0.0,37475.0,31291.0,4638.0,0.0,0.0,-0.0,426465.0,6183.0,0.0,37027.0,4638.0,-0.0,0.0,0.0,-15947.0,-1474.0,11754.0,0.0,0.0,507.0
Wed -21 Jul 2027 06:30,55133.0,55133.0,7173.0,609.0,25313.0,38301.0,31265.0,0.0,0.0,0.0,-16263.0,432970.0,7036.0,0.0,43532.0,0.0,-16263.0,0.0,0.0,-14754.0,3714.0,16397.0,0.0,0.0,-21.0
Wed -21 Jul 2027 07:00,59091.0,59091.0,7173.0,609.0,25313.0,38301.0,31265.0,0.0,0.0,0.0,-12304.0,437892.0,7036.0,0.0,48454.0,0.0,-12304.0,0.0,0.0,-14530.0,3260.0,17011.0,0.0,0.0,-101.0
Wed -21 Jul 2027 07:30,63502.0,63502.0,7173.0,609.0,55713.0,36222.0,30766.0,0.0,0.0,0.0,-36215.0,452378.0,5456.0,0.0,62940.0,0.0,-36215.0,0.0,0.0,-11710.0,84.0,21943.0,0.0,0.0,-660.0
Wed -21 Jul 2027 08:00,64860.0,64860.0,7173.0,609.0,55713.0,36222.0,30766.0,0.0,0.0,0.0,-34857.0,466321.0,5456.0,0.0,76883.0,0.0,-34857.0,0.0,0.0,-11341.0,176.0,21451.0,0.0,0.0,-644.0
Wed -21 Jul 2027 08:30,63993.0,63993.0,7173.0,609.0,61557.0,33479.0,30508.0,0.0,0.0,0.0,-38824.0,481851.0,2971.0,0.0,92413.0,0.0,-38824.0,0.0,0.0,-12032.0,-3724.0,21894.0,0.0,0.0,-624.0
Wed -21 Jul 2027 09:00,54746.0,54746.0,6281.0,313.0,61557.0,33479.0,30508.0,0.0,0.0,-1123.0,-46949.0,500630.0,2971.0,0.0,111167.0,0.0,-46885.0,0.0,0.0,-12034.0,-2974.0,19224.0,0.0,0.0,-659.0
Wed -21 Jul 2027 09:30,51104.0,51104.0,5235.0,214.0,62075.0,30473.0,27837.0,0.0,0.0,-2276.0,-46949.0,519410.0,2636.0,0.0,129923.0,0.0,-46892.0,0.0,0.0,-9960.0,-5824.0,18835.0,0.0,0.0,-760.0
Wed -21 Jul 2027 10:00,47733.0,47733.0,2077.0,0.0,62075.0,30473.0,27837.0,0.0,0.0,-5647.0,-46949.0,538189.0,2636.0,0.0,148680.0,0.0,-46892.0,0.0,0.0,-9594.0,-8837.0,19594.0,0.0,0.0,-1304.0
Wed -21 Jul 2027 10:30,45327.0,45327.0,3903.0,87.0,62290.0,25944.0,23580.0,0.0,0.0,-15233.0,-35455.0,552372.0,2364.0,0.0,167439.0,0.0,-46898.0,0.0,0.0,-5685.0,-7033.0,16366.0,0.0,0.0,-669.0
Wed -21 Jul 2027 11:00,45042.0,45042.0,3643.0,63.0,62290.0,25944.0,23580.0,0.0,0.0,-50974.0,-0.0,552372.0,2364.0,0.0,186198.0,0.0,-46898.0,0.0,0.0,-1030.0,-8610.0,12070.0,0.0,0.0,-195.0
Wed -21 Jul 2027 11:30,43765.0,43765.0,7173.0,609.0,60748.0,17779.0,16212.0,0.0,0.0,-42544.0,-0.0,552372.0,1567.0,0.0,203216.0,0.0,-42544.0,0.0,0.0,254.0,-4461.0,9278.0,0.0,0.0,633.0
Wed -21 Jul 2027 12:00,44084.0,44084.0,7173.0,609.0,60748.0,17779.0,16212.0,0.0,0.0,-42224.0,-0.0,552372.0,1567.0,0.0,220106.0,0.0,-42224.0,0.0,0.0,397.0,-4672.0,9271.0,0.0,0.0,637.0
Wed -21 Jul 2027 12:30,43600.0,43600.0,7173.0,609.0,62175.0,14387.0,13149.0,0.0,0.0,-40743.0,-0.0,552372.0,1238.0,0.0,236403.0,0.0,-40743.0,0.0,0.0,1434.0,-4027.0,9071.0,0.0,0.0,698.0
Wed -21 Jul 2027 13:00,44224.0,44224.0,7173.0,609.0,62175.0,14387.0,13149.0,0.0,0.0,-40118.0,-0.0,552372.0,1238.0,0.0,252450.0,0.0,-40118.0,0.0,0.0,1511.0,-4237.0,9266.0,0.0,0.0,668.0
Wed -21 Jul 2027 13:30,43977.0,43977.0,7173.0,609.0,52272.0,13086.0,12283.0,0.0,0.0,-29162.0,-0.0,552372.0,803.0,0.0,264115.0,0.0,-29162.0,0.0,0.0,757.0,-4930.0,8959.0,0.0,0.0,751.0
Wed -21 Jul 2027 14:00,46864.0,46864.0,6366.0,321.0,52272.0,34454.0,15946.0,0.0,0.0,-47643.0,-0.0,552372.0,18508.0,0.0,282735.0,0.0,-46549.0,0.0,0.0,2280.0,-4594.0,10223.0,0.0,0.0,356.0
Wed -21 Jul 2027 14:30,48650.0,48650.0,7173.0,609.0,45361.0,34930.0,17340.0,0.0,0.0,-39423.0,-0.0,552372.0,17590.0,0.0,298504.0,0.0,-39423.0,0.0,0.0,1482.0,-3547.0,10014.0,0.0,0.0,522.0
Wed -21 Jul 2027 15:00,52051.0,52051.0,7173.0,609.0,45361.0,34930.0,17340.0,0.0,0.0,-36021.0,-0.0,552372.0,17590.0,0.0,312912.0,0.0,-36021.0,0.0,0.0,1553.0,-3956.0,11055.0,0.0,0.0,446.0
Wed -21 Jul 2027 15:30,54478.0,54478.0,7173.0,609.0,23860.0,35338.0,17113.0,0.0,0.0,-12502.0,-0.0,552372.0,18225.0,0.0,317913.0,0.0,-12502.0,0.0,0.0,-79.0,-4305.0,11422.0,0.0,0.0,400.0
Wed -21 Jul 2027 16:00,57509.0,57509.0,7173.0,609.0,23860.0,35338.0,17113.0,0.0,0.0,-9471.0,-0.0,552372.0,18225.0,0.0,321701.0,0.0,-9471.0,0.0,0.0,-76.0,-4531.0,12282.0,0.0,0.0,343.0
Wed -21 Jul 2027 16:30,58059.0,58059.0,7173.0,609.0,610.0,36486.0,17675.0,13181.0,0.0,0.0,-0.0,545781.0,18812.0,0.0,315111.0,13181.0,-0.0,0.0,0.0,-3954.0,-145.0,10579.0,0.0,0.0,522.0
Wed -21 Jul 2027 17:00,62067.0,62067.0,7173.0,609.0,610.0,36486.0,17675.0,17189.0,0.0,0.0,-0.0,537187.0,18812.0,0.0,306516.0,17189.0,-0.0,0.0,0.0,-4092.0,-971.0,11970.0,0.0,0.0,438.0
Wed -21 Jul 2027 17:30,63248.0,63248.0,7173.0,609.0,0.0,38532.0,19419.0,16934.0,0.0,0.0,-0.0,528719.0,19113.0,0.0,298049.0,16934.0,-0.0,0.0,0.0,-5393.0,-181.0,12065.0,0.0,0.0,402.0
Wed -21 Jul 2027 18:00,62341.0,62341.0,7173.0,609.0,0.0,38532.0,19419.0,16027.0,0.0,0.0,-0.0,520706.0,19113.0,0.0,290036.0,16027.0,-0.0,0.0,0.0,-5482.0,192.0,11926.0,0.0,0.0,432.0
Wed -21 Jul 2027 18:30,58728.0,58728.0,7173.0,609.0,0.0,44064.0,26165.0,6883.0,0.0,0.0,-0.0,517264.0,17899.0,0.0,286594.0,6883.0,-0.0,0.0,0.0,-10384.0,1405.0,11748.0,0.0,0.0,367.0
Wed -21 Jul 2027 19:00,55491.0,55491.0,7173.0,609.0,0.0,44064.0,26165.0,3646.0,0.0,0.0,-0.0,515441.0,17899.0,0.0,284771.0,3646.0,-0.0,0.0,0.0,-10497.0,1858.0,11282.0,0.0,0.0,396.0
Wed -21 Jul 2027 19:30,52208.0,52208.0,7173.0,609.0,0.0,47891.0,28323.0,0.0,0.0,0.0,-3464.0,516827.0,19568.0,0.0,286157.0,0.0,-3464.0,0.0,0.0,-11055.0,2383.0,11059.0,0.0,0.0,371.0
Wed -21 Jul 2027 20:00,50322.0,50322.0,7173.0,609.0,0.0,47891.0,28323.0,0.0,0.0,0.0,-5350.0,518967.0,19568.0,0.0,288297.0,0.0,-5350.0,0.0,0.0,-10993.0,2565.0,10832.0,0.0,0.0,396.0
Wed -21 Jul 2027 20:30,49077.0,49077.0,7173.0,609.0,0.0,49064.0,30362.0,0.0,0.0,0.0,-7768.0,522075.0,18702.0,0.0,291404.0,0.0,-7768.0,0.0,0.0,-12222.0,2247.0,10885.0,0.0,0.0,379.0
Wed -21 Jul 2027 21:00,47162.0,47162.0,7173.0,609.0,0.0,49064.0,30362.0,0.0,0.0,0.0,-9683.0,525948.0,18702.0,0.0,295278.0,0.0,-9683.0,0.0,0.0,-12670.0,2587.0,10813.0,0.0,0.0,398.0
Wed -21 Jul 2027 21:30,45540.0,45540.0,7173.0,609.0,0.0,49012.0,31307.0,0.0,0.0,0.0,-11253.0,530449.0,17705.0,0.0,299779.0,0.0,-11253.0,0.0,0.0,-13534.0,2794.0,10442.0,0.0,0.0,438.0
Wed -21 Jul 2027 22:00,44239.0,44239.0,7173.0,609.0,0.0,49012.0,31307.0,0.0,0.0,0.0,-12555.0,535471.0,17705.0,0.0,304801.0,0.0,-12555.0,0.0,0.0,-13987.0,2922.0,10642.0,0.0,0.0,461.0
Wed -21 Jul 2027 22:30,42582.0,42582.0,7173.0,609.0,0.0,47474.0,31294.0,0.0,0.0,0.0,-12673.0,540540.0,16180.0,0.0,309870.0,0.0,-12673.0,0.0,0.0,-14380.0,2725.0,10247.0,0.0,0.0,525.0
Wed -21 Jul 2027 23:00,41941.0,41941.0,7173.0,609.0,0.0,47474.0,31294.0,0.0,0.0,0.0,-13314.0,545866.0,16180.0,0.0,315196.0,0.0,-13314.0,0.0,0.0,-14561.0,2674.0,10561.0,0.0,0.0,574.0
Wed -21 Jul 2027 23:30,42402.0,42402.0,7173.0,609.0,0.0,46503.0,31473.0,0.0,0.0,0.0,-11883.0,550619.0,15029.0,0.0,319949.0,0.0,-11883.0,0.0,0.0,-14898.0,2575.0,10469.0,0.0,0.0,626.0
Thu -22 Jul 2027 00:00,40131.0,40131.0,7173.0,609.0,0.0,14235.0,12891.0,18115.0,0.0,0.0,-0.0,541561.0,1344.0,0.0,310891.0,18115.0,-0.0,0.0,0.0,-5362.0,-3330.0,7981.0,0.0,0.0,1258.0
Thu -22 Jul 2027 00:30,39176.0,39176.0,7173.0,609.0,0.0,17239.0,15871.0,14156.0,0.0,0.0,-0.0,534484.0,1368.0,0.0,303813.0,14156.0,-0.0,0.0,0.0,-7817.0,-2466.0,8167.0,0.0,0.0,1191.0
Thu -22 Jul 2027 01:00,38791.0,38791.0,7173.0,609.0,0.0,17239.0,15871.0,13770.0,0.0,0.0,-0.0,527598.0,1368.0,0.0,296928.0,13770.0,-0.0,0.0,0.0,-7944.0,-2539.0,8419.0,0.0,0.0,1185.0
Thu -22 Jul 2027 01:30,38177.0,38177.0,7173.0,609.0,0.0,22532.0,21676.0,7864.0,0.0,0.0,-0.0,523666.0,856.0,0.0,292996.0,7864.0,-0.0,0.0,0.0,-13015.0,-1164.0,9216.0,0.0,0.0,1016.0
Thu -22 Jul 2027 02:00,37322.0,37322.0,7173.0,609.0,0.0,22532.0,21676.0,7009.0,0.0,0.0,-0.0,520162.0,856.0,0.0,289491.0,7009.0,-0.0,0.0,0.0,-12976.0,-1059.0,9099.0,0.0,0.0,996.0
Thu -22 Jul 2027 02:30,36678.0,36678.0,7173.0,609.0,0.0,24746.0,23243.0,4151.0,0.0,0.0,-0.0,518086.0,1503.0,0.0,287416.0,4151.0,-0.0,0.0,0.0,-14185.0,-393.0,9333.0,0.0,0.0,956.0
Thu -22 Jul 2027 03:00,36617.0,36617.0,7173.0,609.0,0.0,24746.0,23243.0,4090.0,0.0,0.0,-0.0,516041.0,1503.0,0.0,285371.0,4090.0,-0.0,0.0,0.0,-14153.0,-419.0,9474.0,0.0,0.0,914.0
Thu -22 Jul 2027 03:30,36527.0,36527.0,7173.0,609.0,0.0,27534.0,25488.0,1212.0,0.0,0.0,-0.0,515435.0,2046.0,0.0,284765.0,1212.0,-0.0,0.0,0.0,-16007.0,440.0,9837.0,0.0,0.0,866.0
Thu -22 Jul 2027 04:00,37345.0,37345.0,7173.0,609.0,0.0,27534.0,25488.0,2030.0,0.0,0.0,-0.0,514420.0,2046.0,0.0,283750.0,2030.0,-0.0,0.0,0.0,-15955.0,233.0,10111.0,0.0,0.0,854.0
Thu -22 Jul 2027 04:30,39043.0,39043.0,7173.0,609.0,0.0,29990.0,26275.0,1271.0,0.0,0.0,-0.0,513785.0,3715.0,0.0,283115.0,1271.0,-0.0,0.0,0.0,-16177.0,584.0,10705.0,0.0,0.0,790.0
Thu -22 Jul 2027 05:00,41655.0,41655.0,7173.0,609.0,0.0,29990.0,26275.0,3883.0,0.0,0.0,-0.0,511843.0,3715.0,0.0,281173.0,3883.0,-0.0,0.0,0.0,-16023.0,116.0,11223.0,0.0,0.0,787.0
Thu -22 Jul 2027 05:30,44131.0,44131.0,7173.0,609.0,0.0,26244.0,23047.0,10105.0,0.0,0.0,-0.0,506790.0,3197.0,0.0,276120.0,10105.0,-0.0,0.0,0.0,-13115.0,-1084.0,10915.0,0.0,0.0,875.0
Thu -22 Jul 2027 06:00,48461.0,48461.0,7173.0,609.0,0.0,26244.0,23047.0,14436.0,0.0,0.0,-0.0,499573.0,3197.0,0.0,268902.0,14436.0,-0.0,0.0,0.0,-12923.0,-1804.0,11623.0,0.0,0.0,798.0
Thu -22 Jul 2027 06:30,53630.0,53630.0,7173.0,609.0,25163.0,23071.0,20025.0,0.0,0.0,0.0,-2385.0,500527.0,3046.0,0.0,269857.0,0.0,-2385.0,0.0,0.0,-10321.0,2540.0,15739.0,0.0,0.0,307.0
Thu -22 Jul 2027 07:00,57248.0,57248.0,7173.0,609.0,25163.0,23071.0,20025.0,1233.0,0.0,0.0,-0.0,499910.0,3046.0,0.0,269240.0,1233.0,-0.0,0.0,0.0,-10158.0,2164.0,16240.0,0.0,0.0,208.0
Thu -22 Jul 2027 07:30,61712.0,61712.0,7173.0,609.0,56047.0,16998.0,15142.0,0.0,0.0,0.0,-19115.0,507556.0,1856.0,0.0,276886.0,0.0,-19115.0,0.0,0.0,-3073.0,-363.0,20734.0,0.0,0.0,-304.0
Thu -22 Jul 2027 08:00,62568.0,62568.0,7173.0,609.0,56047.0,16998.0,15142.0,0.0,0.0,0.0,-18258.0,514859.0,1856.0,0.0,284189.0,0.0,-18258.0,0.0,0.0,-2787.0,-121.0,20096.0,0.0,0.0,-300.0
Thu -22 Jul 2027 08:30,62068.0,62068.0,7173.0,609.0,66299.0,12221.0,10437.0,0.0,0.0,0.0,-24233.0,524553.0,1784.0,0.0,293883.0,0.0,-24233.0,0.0,0.0,1453.0,-3114.0,20753.0,0.0,0.0,-314.0
Thu -22 Jul 2027 09:00,53099.0,53099.0,7173.0,609.0,66299.0,12221.0,10437.0,0.0,0.0,0.0,-33203.0,537834.0,1784.0,0.0,307164.0,0.0,-33203.0,0.0,0.0,1288.0,-1145.0,17677.0,0.0,0.0,-187.0
Thu -22 Jul 2027 09:30,49301.0,49301.0,7173.0,609.0,67956.0,10108.0,9005.0,0.0,0.0,-199.0,-36344.0,552372.0,1103.0,0.0,321781.0,0.0,-36544.0,0.0,0.0,1933.0,-2383.0,17065.0,0.0,0.0,-128.0
Thu -22 Jul 2027 10:00,46281.0,46281.0,7173.0,609.0,67956.0,10108.0,9005.0,0.0,0.0,-39564.0,-0.0,552372.0,1103.0,0.0,337607.0,0.0,-39564.0,0.0,0.0,2461.0,-3511.0,11352.0,0.0,0.0,461.0
Thu -22 Jul 2027 10:30,44014.0,44014.0,7173.0,609.0,65469.0,12350.0,11357.0,0.0,0.0,-41587.0,-0.0,552372.0,993.0,0.0,354241.0,0.0,-41587.0,0.0,0.0,1246.0,-1528.0,10636.0,0.0,0.0,520.0
Thu -22 Jul 2027 11:00,43908.0,43908.0,7173.0,609.0,65469.0,12350.0,11357.0,0.0,0.0,-41693.0,-0.0,552372.0,993.0,0.0,370919.0,0.0,-41693.0,0.0,0.0,1423.0,-1677.0,10634.0,0.0,0.0,530.0
Thu -22 Jul 2027 11:30,42841.0,42841.0,7173.0,609.0,56977.0,15617.0,13436.0,0.0,0.0,-37534.0,-0.0,552372.0,2181.0,0.0,385932.0,0.0,-37534.0,0.0,0.0,110.0,260.0,10016.0,0.0,0.0,620.0
Thu -22 Jul 2027 12:00,43338.0,43338.0,7173.0,609.0,56977.0,15617.0,13436.0,0.0,0.0,-37037.0,-0.0,552372.0,2181.0,0.0,400747.0,0.0,-37037.0,0.0,0.0,338.0,132.0,10042.0,0.0,0.0,607.0
Thu -22 Jul 2027 12:30,42775.0,42775.0,7173.0,609.0,57747.0,14478.0,11754.0,0.0,0.0,-37232.0,-0.0,552372.0,2725.0,0.0,415640.0,0.0,-37232.0,0.0,0.0,1404.0,-924.0,9701.0,0.0,0.0,655.0
Thu -22 Jul 2027 13:00,43459.0,43459.0,7173.0,609.0,57747.0,14478.0,11754.0,0.0,0.0,-36548.0,-0.0,552372.0,2725.0,0.0,430259.0,0.0,-36548.0,0.0,0.0,1508.0,-1152.0,9928.0,0.0,0.0,651.0
Thu -22 Jul 2027 13:30,43382.0,43382.0,7173.0,609.0,60554.0,13126.0,10420.0,0.0,0.0,-38080.0,-0.0,552372.0,2706.0,0.0,445491.0,0.0,-38080.0,0.0,0.0,2653.0,-3293.0,9767.0,0.0,0.0,697.0
Thu -22 Jul 2027 14:00,46177.0,46177.0,7173.0,609.0,60554.0,13086.0,12283.0,0.0,0.0,-35244.0,-0.0,552372.0,803.0,0.0,459588.0,0.0,-35244.0,0.0,0.0,2082.0,-4156.0,10698.0,0.0,0.0,653.0
Thu -22 Jul 2027 14:30,47629.0,47629.0,7173.0,609.0,49028.0,13141.0,12262.0,0.0,0.0,-22322.0,-0.0,552372.0,880.0,0.0,468517.0,0.0,-22322.0,0.0,0.0,1254.0,-4846.0,10954.0,0.0,0.0,671.0
Thu -22 Jul 2027 15:00,50890.0,50890.0,7173.0,609.0,49028.0,13141.0,12262.0,0.0,0.0,-19061.0,-0.0,552372.0,880.0,0.0,476142.0,0.0,-19061.0,0.0,0.0,1121.0,-5383.0,11962.0,0.0,0.0,607.0
Thu -22 Jul 2027 15:30,53475.0,53475.0,7173.0,609.0,24153.0,13713.0,12794.0,7827.0,0.0,0.0,-0.0,548458.0,919.0,0.0,472228.0,7827.0,-0.0,0.0,0.0,-2001.0,-7365.0,11385.0,0.0,0.0,866.0
Thu -22 Jul 2027 16:00,55796.0,55796.0,7173.0,609.0,24153.0,13713.0,12794.0,10149.0,0.0,0.0,-0.0,543384.0,919.0,0.0,467154.0,10149.0,-0.0,0.0,0.0,-1888.0,-7781.0,11859.0,0.0,0.0,819.0
Thu -22 Jul 2027 16:30,55941.0,55941.0,7173.0,609.0,607.0,11397.0,11215.0,36156.0,0.0,0.0,-0.0,525306.0,182.0,0.0,449076.0,36156.0,-0.0,0.0,0.0,-3546.0,-5321.0,8563.0,0.0,0.0,1112.0
Thu -22 Jul 2027 17:00,59484.0,59484.0,7173.0,609.0,607.0,11397.0,11215.0,39699.0,0.0,0.0,-0.0,505456.0,182.0,0.0,429226.0,39699.0,-0.0,0.0,0.0,-3648.0,-6058.0,9756.0,0.0,0.0,1023.0
Thu -22 Jul 2027 17:30,60458.0,60458.0,7173.0,609.0,0.0,10607.0,10259.0,42070.0,0.0,0.0,-0.0,484421.0,348.0,0.0,408191.0,42070.0,-0.0,0.0,0.0,-2923.0,-5911.0,9637.0,0.0,0.0,952.0
