5.097679926687241903e-01,2.576502494288224199e+00,1.118859258594330441e+00,1.217470800574126599e+00,4.664756132103864417e+00,2.317745124392757816e+00,9.611771607691999009e-01,3.486313402837186715e+00,8.599455393780885970e-02,1.046337229338270447e+00,3.193522078883574977e-01,3.047639821852143882e-01,8.060798020819390786e-01,3.056976529994148706e+00,7.140996915012614465e+00,7.595137653259325816e+01
5.097679926687241903e-01,2.576502494288224199e+00,1.118859258594330441e+00,1.217470800574126599e+00,4.664756132103864417e+00,2.317745124392757816e+00,9.611771607691999009e-01,3.486313402837186715e+00,8.599455393780885970e-02,1.046337229338270447e+00,3.193522078883574977e-01,3.047639821852143882e-01,8.060798020819390786e-01,3.056976529994148706e+00,7.140996915012614465e+00,7.595137653259325816e+01
5.097679926687241903e-01,2.576502494288224199e+00,1.118859258594330441e+00,1.217470800574126599e+00,4.664756132103864417e+00,2.317745124392757816e+00,9.611771607691999009e-01,3.486313402837186715e+00,8.599455393780885970e-02,1.046337229338270447e+00,3.193522078883574977e-01,3.047639821852143882e-01,8.060798020819390786e-01,3.056976529994148706e+00,7.140996915012614465e+00,7.595137653259325816e+01
5.097679926687241903e-01,2.576502494288224199e+00,1.118859258594330441e+00,1.217470800574126599e+00,4.664756132103864417e+00,2.317745124392757816e+00,9.611771607691999009e-01,3.486313402837186715e+00,8.599455393780885970e-02,1.046337229338270447e+00,3.193522078883574977e-01,3.047639821852143882e-01,8.060798020819390786e-01,3.056976529994148706e+00,7.140996915012614465e+00,7.595137653259325816e+01
5.097679926687241903e-01,2.576502494288224199e+00,1.118859258594330441e+00,1.217470800574126599e+00,4.664756132103864417e+00,2.317745124392757816e+00,9.611771607691999009e-01,3.486313402837186715e+00,8.599455393780885970e-02,1.046337229338270447e+00,3.193522078883574977e-01,3.047639821852143882e-01,8.060798020819390786e-01,3.056976529994148706e+00,7.140996915012614465e+00,7.595137653259325816e+01
5.097679926687241903e-01,2.576502494288224199e+00,1.118859258594330441e+00,1.217470800574126599e+00,4.664756132103864417e+00,2.317745124392757816e+00,9.611771607691999009e-01,3.486313402837186715e+00,8.599455393780885970e-02,1.046337229338270447e+00,3.193522078883574977e-01,3.047639821852143882e-01,8.060798020819390786e-01,3.056976529994148706e+00,7.140996915012614465e+00,7.595137653259325816e+01
5.097679926687241903e-01,2.576502494288224199e+00,1.118859258594330441e+00,1.217470800574126599e+00,4.664756132103864417e+00,2.317745124392757816e+00,9.611771607691999009e-01,3.486313402837186715e+00,8.599455393780885970e-02,1.046337229338270447e+00,3.193522078883574977e-01,3.047639821852143882e-01,8.060798020819390786e-01,3.056976529994148706e+00,7.140996915012614465e+00,7.595137653259325816e+01
5.097679926687241903e-01,2.576502494288224199e+00,1.118859258594330441e+00,1.217470800574126599e+00,4.664756132103864417e+00,2.317745124392757816e+00,9.611771607691999009e-01,3.486313402837186715e+00,8.599455393780885970e-02,1.046337229338270447e+00,3.193522078883574977e-01,3.047639821852143882e-01,8.060798020819390786e-01,3.056976529994148706e+00,7.140996915012614465e+00,7.595137653259325816e+01
5.097679926687241903e-01,2.576502494288224199e+00,1.118859258594330441e+00,1.217470800574126599e+00,4.664756132103864417e+00,2.317745124392757816e+00,9.611771607691999009e-01,3.486313402837186715e+00,8.599455393780885970e-02,1.046337229338270447e+00,3.193522078883574977e-01,3.047639821852143882e-01,8.060798020819390786e-01,3.056976529994148706e+00,7.140996915012614465e+00,7.595137653259325816e+01
5.097679926687241903e-01,2.576502494288224199e+00,1.118859258594330441e+00,1.217470800574126599e+00,4.664756132103864417e+00,2.317745124392757816e+00,9.611771607691999009e-01,3.486313402837186715e+00,8.599455393780885970e-02,1.046337229338270447e+00,3.193522078883574977e-01,3.047639821852143882e-01,8.060798020819390786e-01,3.056976529994148706e+00,7.140996915012614465e+00,7.595137653259325816e+01
5.097679926687241903e-01,2.576502494288224199e+00,1.118859258594330441e+00,1.217470800574126599e+00,4.664756132103864417e+00,2.317745124392757816e+00,9.611771607691999009e-01,3.486313402837186715e+00,8.599455393780885970e-02,1.046337229338270447e+00,3.193522078883574977e-01,3.047639821852143882e-01,8.060798020819390786e-01,3.056976529994148706e+00,7.140996915012614465e+00,7.595137653259325816e+01
5.097679926687241903e-01,2.576502494288224199e+00,1.118859258594330441e+00,1.217470800574126599e+00,4.664756132103864417e+00,2.317745124392757816e+00,9.611771607691999009e-01,3.486313402837186715e+00,8.599455393780885970e-02,1.046337229338270447e+00,3.193522078883574977e-01,3.047639821852143882e-01,8.060798020819390786e-01,3.056976529994148706e+00,7.140996915012614465e+00,7.595137653259325816e+01
5.097679926687241903e-01,2.576502494288224199e+00,1.118859258594330441e+00,1.217470800574126599e+00,4.664756132103864417e+00,2.317745124392757816e+00,9.611771607691999009e-01,3.486313402837186715e+00,8.599455393780885970e-02,1.046337229338270447e+00,3.193522078883574977e-01,3.047639821852143882e-01,8.060798020819390786e-01,3.056976529994148706e+00,7.140996915012614465e+00,7.595137653259325816e+01
5.097679926687241903e-01,2.576502494288224199e+00,1.118859258594330441e+00,1.217470800574126599e+00,4.664756132103864417e+00,2.317745124392757816e+00,9.611771607691999009e-01,3.486313402837186715e+00,8.599455393780885970e-02,1.046337229338270447e+00,3.193522078883574977e-01,3.047639821852143882e-01,8.060798020819390786e-01,3.056976529994148706e+00,7.140996915012614465e+00,7.595137653259325816e+01
5.097679926687241903e-01,2.576502494288224199e+00,1.118859258594330441e+00,1.217470800574126599e+00,4.664756132103864417e+00,2.317745124392757816e+00,9.611771607691999009e-01,3.486313402837186715e+00,8.599455393780885970e-02,1.046337229338270447e+00,3.193522078883574977e-01,3.047639821852143882e-01,8.060798020819390786e-01,3.056976529994148706e+00,7.140996915012614465e+00,7.595137653259325816e+01
5.097679926687241903e-01,2.576502494288224199e+00,1.118859258594330441e+00,1.217470800574126599e+00,4.664756132103864417e+00,2.317745124392757816e+00,9.611771607691999009e-01,3.486313402837186715e+00,8.599455393780885970e-02,1.046337229338270447e+00,3.193522078883574977e-01,3.047639821852143882e-01,8.060798020819390786e-01,3.056976529994148706e+00,7.140996915012614465e+00,7.595137653259325816e+01
5.097679926687241903e-01,2.576502494288224199e+00,1.118859258594330441e+00,1.217470800574126599e+00,4.664756132103864417e+00,2.317745124392757816e+00,9.611771607691999009e-01,3.486313402837186715e+00,8.599455393780885970e-02,1.046337229338270447e+00,3.193522078883574977e-01,3.047639821852143882e-01,8.060798020819390786e-01,3.056976529994148706e+00,7.140996915012614465e+00,7.595137653259325816e+01
5.097679926687241903e-01,2.576502494288224199e+00,1.118859258594330441e+00,1.217470800574126599e+00,4.664756132103864417e+00,2.317745124392757816e+00,9.611771607691999009e-01,3.486313402837186715e+00,8.599455393780885970e-02,1.046337229338270447e+00,3.193522078883574977e-01,3.047639821852143882e-01,8.060798020819390786e-01,3.056976529994148706e+00,7.140996915012614465e+00,7.595137653259325816e+01
5.097679926687241903e-01,2.576502494288224199e+00,1.118859258594330441e+00,1.217470800574126599e+00,4.664756132103864417e+00,2.317745124392757816e+00,9.611771607691999009e-01,3.486313402837186715e+00,8.599455393780885970e-02,1.046337229338270447e+00,3.193522078883574977e-01,3.047639821852143882e-01,8.060798020819390786e-01,3.056976529994148706e+00,7.140996915012614465e+00,7.595137653259325816e+01
5.097679926687241903e-01,2.576502494288224199e+00,1.118859258594330441e+00,1.217470800574126599e+00,4.664756132103864417e+00,2.317745124392757816e+00,9.611771607691999009e-01,3.486313402837186715e+00,8.599455393780885970e-02,1.046337229338270447e+00,3.193522078883574977e-01,3.047639821852143882e-01,8.060798020819390786e-01,3.056976529994148706e+00,7.140996915012614465e+00,7.595137653259325816e+01
5.097679926687241903e-01,2.576502494288224199e+00,1.118859258594330441e+00,1.217470800574126599e+00,4.664756132103864417e+00,2.317745124392757816e+00,9.611771607691999009e-01,3.486313402837186715e+00,8.599455393780885970e-02,1.046337229338270447e+00,3.193522078883574977e-01,3.047639821852143882e-01,8.060798020819390786e-01,3.056976529994148706e+00,7.140996915012614465e+00,7.595137653259325816e+01
5.097679926687241903e-01,2.576502494288224199e+00,1.118859258594330441e+00,1.217470800574126599e+00,4.664756132103864417e+00,2.317745124392757816e+00,9.611771607691999009e-01,3.486313402837186715e+00,8.599455393780885970e-02,1.046337229338270447e+00,3.193522078883574977e-01,3.047639821852143882e-01,8.060798020819390786e-01,3.056976529994148706e+00,7.140996915012614465e+00,7.595137653259325816e+01
5.097679926687241903e-01,2.576502494288224199e+00,1.118859258594330441e+00,1.217470800574126599e+00,4.664756132103864417e+00,2.317745124392757816e+00,9.611771607691999009e-01,3.486313402837186715e+00,8.599455393780885970e-02,1.046337229338270447e+00,3.193522078883574977e-01,3.047639821852143882e-01,8.060798020819390786e-01,3.056976529994148706e+00,7.140996915012614465e+00,7.595137653259325816e+01
5.097679926687241903e-01,2.576502494288224199e+00,1.118859258594330441e+00,1.217470800574126599e+00,4.664756132103864417e+00,2.317745124392757816e+00,9.611771607691999009e-01,3.486313402837186715e+00,8.599455393780885970e-02,1.046337229338270447e+00,3.193522078883574977e-01,3.047639821852143882e-01,8.060798020819390786e-01,3.056976529994148706e+00,7.140996915012614465e+00,7.595137653259325816e+01
5.097679926687241903e-01,2.576502494288224199e+00,1.118859258594330441e+00,1.217470800574126599e+00,4.664756132103864417e+00,2.317745124392757816e+00,9.611771607691999009e-01,3.486313402837186715e+00,8.599455393780885970e-02,1.046337229338270447e+00,3.193522078883574977e-01,3.047639821852143882e-01,8.060798020819390786e-01,3.056976529994148706e+00,7.140996915012614465e+00,7.595137653259325816e+01
5.097679926687241903e-01,2.576502494288224199e+00,1.118859258594330441e+00,1.217470800574126599e+00,4.664756132103864417e+00,2.317745124392757816e+00,9.611771607691999009e-01,3.486313402837186715e+00,8.599455393780885970e-02,1.046337229338270447e+00,3.193522078883574977e-01,3.047639821852143882e-01,8.060798020819390786e-01,3.056976529994148706e+00,7.140996915012614465e+00,7.595137653259325816e+01
5.097679926687241903e-01,2.576502494288224199e+00,1.118859258594330441e+00,1.217470800574126599e+00,4.664756132103864417e+00,2.317745124392757816e+00,9.611771607691999009e-01,3.486313402837186715e+00,8.599455393780885970e-02,1.046337229338270447e+00,3.193522078883574977e-01,3.047639821852143882e-01,8.060798020819390786e-01,3.056976529994148706e+00,7.140996915012614465e+00,7.595137653259325816e+01
5.097679926687241903e-01,2.576502494288224199e+00,1.118859258594330441e+00,1.217470800574126599e+00,4.664756132103864417e+00,2.317745124392757816e+00,9.611771607691999009e-01,3.486313402837186715e+00,8.599455393780885970e-02,1.046337229338270447e+00,3.193522078883574977e-01,3.047639821852143882e-01,8.060798020819390786e-01,3.056976529994148706e+00,7.140996915012614465e+00,7.595137653259325816e+01
5.097679926687241903e-01,2.576502494288224199e+00,1.118859258594330441e+00,1.217470800574126599e+00,4.664756132103864417e+00,2.317745124392757816e+00,9.611771607691999009e-01,3.486313402837186715e+00,8.599455393780885970e-02,1.046337229338270447e+00,3.193522078883574977e-01,3.047639821852143882e-01,8.060798020819390786e-01,3.056976529994148706e+00,7.140996915012614465e+00,7.595137653259325816e+01
2.060807351941669197e-01,2.339144463118842054e+00,1.173927953850139261e+00,6.067331648692260160e-01,4.967842917110264267e+00,5.583707129678099790e+00,1.035287982830013220e+00,3.146628376142029282e+00,1.213806553430689661e+00,1.250678895683510206e+00,1.969585363982631065e-01,6.272918276559025230e-02,2.709690342507329319e-01,6.508713843450095737e-01,6.065382804848169940e+00,9.843635430823223942e+01
2.060807351941669197e-01,2.339144463118842054e+00,1.173927953850139261e+00,6.067331648692260160e-01,4.967842917110264267e+00,5.583707129678099790e+00,1.035287982830013220e+00,3.146628376142029282e+00,1.213806553430689661e+00,1.250678895683510206e+00,1.969585363982631065e-01,6.272918276559025230e-02,2.709690342507329319e-01,6.508713843450095737e-01,6.065382804848169940e+00,9.843635430823223942e+01
2.060807351941669197e-01,2.339144463118842054e+00,1.173927953850139261e+00,6.067331648692260160e-01,4.967842917110264267e+00,5.583707129678099790e+00,1.035287982830013220e+00,3.146628376142029282e+00,1.213806553430689661e+00,1.250678895683510206e+00,1.969585363982631065e-01,6.272918276559025230e-02,2.709690342507329319e-01,6.508713843450095737e-01,6.065382804848169940e+00,9.843635430823223942e+01
2.060807351941669197e-01,2.339144463118842054e+00,1.173927953850139261e+00,6.067331648692260160e-01,4.967842917110264267e+00,5.583707129678099790e+00,1.035287982830013220e+00,3.146628376142029282e+00,1.213806553430689661e+00,1.250678895683510206e+00,1.969585363982631065e-01,6.272918276559025230e-02,2.709690342507329319e-01,6.508713843450095737e-01,6.065382804848169940e+00,9.843635430823223942e+01
2.060807351941669197e-01,2.339144463118842054e+00,1.173927953850139261e+00,6.067331648692260160e-01,4.967842917110264267e+00,5.583707129678099790e+00,1.035287982830013220e+00,3.146628376142029282e+00,1.213806553430689661e+00,1.250678895683510206e+00,1.969585363982631065e-01,6.272918276559025230e-02,2.709690342507329319e-01,6.508713843450095737e-01,6.065382804848169940e+00,9.843635430823223942e+01
2.060807351941669197e-01,2.339144463118842054e+00,1.173927953850139261e+00,6.067331648692260160e-01,4.967842917110264267e+00,5.583707129678099790e+00,1.035287982830013220e+00,3.146628376142029282e+00,1.213806553430689661e+00,1.250678895683510206e+00,1.969585363982631065e-01,6.272918276559025230e-02,2.709690342507329319e-01,6.508713843450095737e-01,6.065382804848169940e+00,9.843635430823223942e+01
2.060807351941669197e-01,2.339144463118842054e+00,1.173927953850139261e+00,6.067331648692260160e-01,4.967842917110264267e+00,5.583707129678099790e+00,1.035287982830013220e+00,3.146628376142029282e+00,1.213806553430689661e+00,1.250678895683510206e+00,1.969585363982631065e-01,6.272918276559025230e-02,2.709690342507329319e-01,6.508713843450095737e-01,6.065382804848169940e+00,9.843635430823223942e+01
2.060807351941669197e-01,2.339144463118842054e+00,1.173927953850139261e+00,6.067331648692260160e-01,4.967842917110264267e+00,5.583707129678099790e+00,1.035287982830013220e+00,3.146628376142029282e+00,1.213806553430689661e+00,1.250678895683510206e+00,1.969585363982631065e-01,6.272918276559025230e-02,2.709690342507329319e-01,6.508713843450095737e-01,6.065382804848169940e+00,9.843635430823223942e+01
2.060807351941669197e-01,2.339144463118842054e+00,1.173927953850139261e+00,6.067331648692260160e-01,4.967842917110264267e+00,5.583707129678099790e+00,1.035287982830013220e+00,3.146628376142029282e+00,1.213806553430689661e+00,1.250678895683510206e+00,1.969585363982631065e-01,6.272918276559025230e-02,2.709690342507329319e-01,6.508713843450095737e-01,6.065382804848169940e+00,9.843635430823223942e+01
2.060807351941669197e-01,2.339144463118842054e+00,7.132919596422873099e-01,6.067331648692260160e-01,4.967842917110264267e+00,5.583707129678099790e+00,1.035287982830013220e+00,1.942992886691524035e+00,2.691797711705810059e-01,1.250678895683510206e+00,2.059894163655830113e+00,6.272918276559025230e-02,2.709690342507329319e-01,9.623980440787889279e-01,6.065382804848169940e+00,9.843635430823223942e+01
8.093006681211534215e-01,2.597832608572471003e+00,1.520995034995515027e+00,5.160464723556046351e-02,3.113649199812936530e+00,4.522594090783453424e+00,4.429544501804656420e-01,1.416912189418614076e+00,5.556421338696182488e-02,6.739892885425220470e-01,2.428101823485135924e+00,4.653583740716769057e-01,2.739910348363213899e+00,1.002438010124933498e+00,5.918523475906752651e+00,6.482134984349568185e+01
8.093006681211534215e-01,2.597832608572471003e+00,1.520995034995515027e+00,5.160464723556046351e-02,3.113649199812936530e+00,4.522594090783453424e+00,4.429544501804656420e-01,1.416912189418614076e+00,5.556421338696182488e-02,6.739892885425220470e-01,2.428101823485135924e+00,4.653583740716769057e-01,2.739910348363213899e+00,1.002438010124933498e+00,5.918523475906752651e+00,6.482134984349568185e+01
4.658516217184889285e-01,2.542012819312013505e+00,7.132919596422873099e-01,6.067331648692260160e-01,4.967842917110264267e+00,5.583707129678099790e+00,4.781025215418743812e-01,1.942992886691524035e+00,2.691797711705810059e-01,1.250678895683510206e+00,2.129654501786223619e+00,5.944553516475039601e-01,2.709690342507329319e-01,3.247717583511118278e-01,6.065382804848169940e+00,9.843635430823223942e+01
5.783709058725300167e+00,1.852794554401036464e+00,5.204611129129581570e-01,1.108297271960992703e+00,2.906868050157523697e+00,3.989950927179723550e+00,1.125267372620005091e+00,9.734120547656921474e-01,6.470098968191351219e-02,2.648834303133188683e+00,6.727967058965624858e-01,8.180205806010398817e-01,1.450808318282561515e-01,1.441528150388045049e-01,4.254499976829460905e+00,1.065441247628241399e+02
3.169640771637531884e+00,2.542012819312013505e+00,7.132919596422873099e-01,6.067331648692260160e-01,4.967842917110264267e+00,2.869973616273597372e+00,4.781025215418743812e-01,1.295008597831824204e+00,2.691797711705810059e-01,1.250678895683510206e+00,1.450160200287019308e+00,5.944553516475039601e-01,2.709690342507329319e-01,3.247717583511118278e-01,4.905185990735272838e+00,7.762433852970434600e+01
3.169640771637531884e+00,2.542012819312013505e+00,7.132919596422873099e-01,6.067331648692260160e-01,4.967842917110264267e+00,2.869973616273597372e+00,4.781025215418743812e-01,1.295008597831824204e+00,2.691797711705810059e-01,1.250678895683510206e+00,1.450160200287019308e+00,5.944553516475039601e-01,2.709690342507329319e-01,3.247717583511118278e-01,4.905185990735272838e+00,7.762433852970434600e+01
3.169640771637531884e+00,2.542012819312013505e+00,7.132919596422873099e-01,6.067331648692260160e-01,4.967842917110264267e+00,2.869973616273597372e+00,4.781025215418743812e-01,1.295008597831824204e+00,2.691797711705810059e-01,1.250678895683510206e+00,1.450160200287019308e+00,5.944553516475039601e-01,2.709690342507329319e-01,3.247717583511118278e-01,4.905185990735272838e+00,7.762433852970434600e+01
3.169640771637531884e+00,2.542012819312013505e+00,7.132919596422873099e-01,6.067331648692260160e-01,4.967842917110264267e+00,2.869973616273597372e+00,4.781025215418743812e-01,1.295008597831824204e+00,2.691797711705810059e-01,1.250678895683510206e+00,1.450160200287019308e+00,5.944553516475039601e-01,2.709690342507329319e-01,3.247717583511118278e-01,4.905185990735272838e+00,7.762433852970434600e+01
3.169640771637531884e+00,2.542012819312013505e+00,7.132919596422873099e-01,6.067331648692260160e-01,4.967842917110264267e+00,2.869973616273597372e+00,4.781025215418743812e-01,1.295008597831824204e+00,2.691797711705810059e-01,1.250678895683510206e+00,1.450160200287019308e+00,5.944553516475039601e-01,2.709690342507329319e-01,3.247717583511118278e-01,4.905185990735272838e+00,7.762433852970434600e+01
3.169640771637531884e+00,2.542012819312013505e+00,7.132919596422873099e-01,6.067331648692260160e-01,4.967842917110264267e+00,2.869973616273597372e+00,4.781025215418743812e-01,1.295008597831824204e+00,2.691797711705810059e-01,1.250678895683510206e+00,1.450160200287019308e+00,5.944553516475039601e-01,2.709690342507329319e-01,3.247717583511118278e-01,4.905185990735272838e+00,7.762433852970434600e+01
2.375259945067558220e+00,2.666596392622050615e+00,7.938544942142193861e-01,5.814033396703699452e-01,2.591641304101884202e+00,2.543217759072440742e+00,5.827476428286075816e-01,2.110700765819686353e-01,2.459462620410803879e-01,6.841837592089987652e-01,2.210287479291313417e+00,5.620215713753538012e-01,3.104895935490397108e-01,1.853923957169577363e+00,4.849574197259009622e+00,1.208138908542377976e+02
2.883843924087905464e-01,3.042324342941316928e+00,3.863163336208224052e-01,1.916240361816576865e-01,4.674547312651437636e+00,2.370212214358975444e+00,1.439496568395135512e-01,1.810292072888426418e+00,2.821491058774512339e-01,1.325022181955585410e+00,6.358351181367254412e-01,6.157635298652479605e-01,3.009020516483715824e-01,1.422839057758277903e+00,4.888021059643278932e+00,9.931488245406944770e+01
2.883843924087905464e-01,3.042324342941316928e+00,3.863163336208224052e-01,1.916240361816576865e-01,4.674547312651437636e+00,2.370212214358975444e+00,1.439496568395135512e-01,1.810292072888426418e+00,2.821491058774512339e-01,1.325022181955585410e+00,6.358351181367254412e-01,6.157635298652479605e-01,3.009020516483715824e-01,1.422839057758277903e+00,4.888021059643278932e+00,9.931488245406944770e+01
2.883843924087905464e-01,3.042324342941316928e+00,3.863163336208224052e-01,1.916240361816576865e-01,4.674547312651437636e+00,2.370212214358975444e+00,1.439496568395135512e-01,1.810292072888426418e+00,2.821491058774512339e-01,1.325022181955585410e+00,6.358351181367254412e-01,6.157635298652479605e-01,3.009020516483715824e-01,1.422839057758277903e+00,4.888021059643278932e+00,9.931488245406944770e+01
2.883843924087905464e-01,3.042324342941316928e+00,3.863163336208224052e-01,1.916240361816576865e-01,4.674547312651437636e+00,2.370212214358975444e+00,1.439496568395135512e-01,1.810292072888426418e+00,2.821491058774512339e-01,1.325022181955585410e+00,6.358351181367254412e-01,6.157635298652479605e-01,3.009020516483715824e-01,1.422839057758277903e+00,4.888021059643278932e+00,9.931488245406944770e+01
8.093006681211534215e-01,3.061814874262410058e+00,9.928912662066835537e-02,5.160464723556046351e-02,3.677543148086027003e+00,2.620774406079771524e+00,2.771481016457890689e-01,1.166536955215367044e+00,5.413882986999851710e-03,1.389261163484693640e+00,6.061853323382813130e-01,9.469853268312107275e-01,3.225580141343087348e-01,1.905064372414226881e+00,4.785420018800277120e+00,6.482134984349568185e+01
6.966365429197658443e-01,3.170993231417707392e+00,1.994893238647286182e-01,4.889937759864615430e-01,3.443210789556637508e+00,3.131121250249474741e+00,8.403001915692698276e-02,1.123302995652952774e+00,1.321172304150607602e+00,1.302726495522605887e+00,2.766231225208670708e-01,4.303259175315048424e-01,1.061128932153074800e-01,3.729845577284507385e-02,4.872691491605724678e+00,1.062025292879902736e+02
6.966365429197658443e-01,3.170993231417707392e+00,1.994893238647286182e-01,4.889937759864615430e-01,3.443210789556637508e+00,3.131121250249474741e+00,8.403001915692698276e-02,1.123302995652952774e+00,1.321172304150607602e+00,1.302726495522605887e+00,2.766231225208670708e-01,4.303259175315048424e-01,1.061128932153074800e-01,3.729845577284507385e-02,4.872691491605724678e+00,1.062025292879902736e+02
6.966365429197658443e-01,3.170993231417707392e+00,1.994893238647286182e-01,4.889937759864615430e-01,3.443210789556637508e+00,3.131121250249474741e+00,8.403001915692698276e-02,1.123302995652952774e+00,1.321172304150607602e+00,1.302726495522605887e+00,2.766231225208670708e-01,4.303259175315048424e-01,1.061128932153074800e-01,3.729845577284507385e-02,4.872691491605724678e+00,1.062025292879902736e+02
6.966365429197658443e-01,3.170993231417707392e+00,1.994893238647286182e-01,4.889937759864615430e-01,3.443210789556637508e+00,3.131121250249474741e+00,8.403001915692698276e-02,1.123302995652952774e+00,1.321172304150607602e+00,1.302726495522605887e+00,2.766231225208670708e-01,4.303259175315048424e-01,1.061128932153074800e-01,3.729845577284507385e-02,4.872691491605724678e+00,1.062025292879902736e+02
6.966365429197658443e-01,3.170993231417707392e+00,1.994893238647286182e-01,4.889937759864615430e-01,3.443210789556637508e+00,3.131121250249474741e+00,8.403001915692698276e-02,1.123302995652952774e+00,1.321172304150607602e+00,1.302726495522605887e+00,2.766231225208670708e-01,4.303259175315048424e-01,1.061128932153074800e-01,3.729845577284507385e-02,4.872691491605724678e+00,1.062025292879902736e+02
6.966365429197658443e-01,3.170993231417707392e+00,1.994893238647286182e-01,4.889937759864615430e-01,3.443210789556637508e+00,3.131121250249474741e+00,8.403001915692698276e-02,1.123302995652952774e+00,1.321172304150607602e+00,1.302726495522605887e+00,2.766231225208670708e-01,4.303259175315048424e-01,1.061128932153074800e-01,3.729845577284507385e-02,4.872691491605724678e+00,1.062025292879902736e+02
6.966365429197658443e-01,3.170993231417707392e+00,1.994893238647286182e-01,4.889937759864615430e-01,3.443210789556637508e+00,3.131121250249474741e+00,8.403001915692698276e-02,1.123302995652952774e+00,1.321172304150607602e+00,1.302726495522605887e+00,2.766231225208670708e-01,4.303259175315048424e-01,1.061128932153074800e-01,3.729845577284507385e-02,4.872691491605724678e+00,1.062025292879902736e+02
6.966365429197658443e-01,3.170993231417707392e+00,1.994893238647286182e-01,4.889937759864615430e-01,3.443210789556637508e+00,3.131121250249474741e+00,8.403001915692698276e-02,1.123302995652952774e+00,1.321172304150607602e+00,1.302726495522605887e+00,2.766231225208670708e-01,4.303259175315048424e-01,1.061128932153074800e-01,3.729845577284507385e-02,4.872691491605724678e+00,1.062025292879902736e+02
6.966365429197658443e-01,3.170993231417707392e+00,1.994893238647286182e-01,4.889937759864615430e-01,3.443210789556637508e+00,3.131121250249474741e+00,8.403001915692698276e-02,1.123302995652952774e+00,1.321172304150607602e+00,1.302726495522605887e+00,2.766231225208670708e-01,4.303259175315048424e-01,1.061128932153074800e-01,3.729845577284507385e-02,4.872691491605724678e+00,1.062025292879902736e+02
6.966365429197658443e-01,3.170993231417707392e+00,1.994893238647286182e-01,4.889937759864615430e-01,3.443210789556637508e+00,3.131121250249474741e+00,8.403001915692698276e-02,1.123302995652952774e+00,1.321172304150607602e+00,1.302726495522605887e+00,2.766231225208670708e-01,4.303259175315048424e-01,1.061128932153074800e-01,3.729845577284507385e-02,4.872691491605724678e+00,1.062025292879902736e+02
8.719180827377144283e-01,2.718815132348851193e+00,7.938544942142193861e-01,4.159028350595406209e-01,2.459557105153439949e+00,2.543217759072440742e+00,5.827476428286075816e-01,1.377708307279903011e+00,2.459462620410803879e-01,9.168326138578670736e-01,7.234387695555355435e-02,5.620215713753538012e-01,1.477063515303704833e-01,6.397952091029779353e-01,4.849574197259009622e+00,1.208138908542377976e+02
8.719180827377144283e-01,2.718815132348851193e+00,7.938544942142193861e-01,4.159028350595406209e-01,2.459557105153439949e+00,2.543217759072440742e+00,5.827476428286075816e-01,1.377708307279903011e+00,2.459462620410803879e-01,9.168326138578670736e-01,7.234387695555355435e-02,5.620215713753538012e-01,1.477063515303704833e-01,6.397952091029779353e-01,4.849574197259009622e+00,1.208138908542377976e+02
8.719180827377144283e-01,2.718815132348851193e+00,7.938544942142193861e-01,4.159028350595406209e-01,2.459557105153439949e+00,2.543217759072440742e+00,5.827476428286075816e-01,1.377708307279903011e+00,2.459462620410803879e-01,9.168326138578670736e-01,7.234387695555355435e-02,5.620215713753538012e-01,1.477063515303704833e-01,6.397952091029779353e-01,4.849574197259009622e+00,1.208138908542377976e+02
8.719180827377144283e-01,2.718815132348851193e+00,7.938544942142193861e-01,4.159028350595406209e-01,2.459557105153439949e+00,2.543217759072440742e+00,5.827476428286075816e-01,1.377708307279903011e+00,2.459462620410803879e-01,9.168326138578670736e-01,7.234387695555355435e-02,5.620215713753538012e-01,1.477063515303704833e-01,6.397952091029779353e-01,4.849574197259009622e+00,1.208138908542377976e+02
8.719180827377144283e-01,2.718815132348851193e+00,7.938544942142193861e-01,4.159028350595406209e-01,2.459557105153439949e+00,2.543217759072440742e+00,5.827476428286075816e-01,1.377708307279903011e+00,2.459462620410803879e-01,9.168326138578670736e-01,7.234387695555355435e-02,5.620215713753538012e-01,1.477063515303704833e-01,6.397952091029779353e-01,4.849574197259009622e+00,1.208138908542377976e+02
8.719180827377144283e-01,2.718815132348851193e+00,7.938544942142193861e-01,4.159028350595406209e-01,2.459557105153439949e+00,2.543217759072440742e+00,5.827476428286075816e-01,1.377708307279903011e+00,2.459462620410803879e-01,9.168326138578670736e-01,7.234387695555355435e-02,5.620215713753538012e-01,1.477063515303704833e-01,6.397952091029779353e-01,4.849574197259009622e+00,1.208138908542377976e+02
8.719180827377144283e-01,2.718815132348851193e+00,7.938544942142193861e-01,4.159028350595406209e-01,2.459557105153439949e+00,2.543217759072440742e+00,5.827476428286075816e-01,1.377708307279903011e+00,2.459462620410803879e-01,9.168326138578670736e-01,7.234387695555355435e-02,5.620215713753538012e-01,1.477063515303704833e-01,6.397952091029779353e-01,4.849574197259009622e+00,1.208138908542377976e+02
8.719180827377144283e-01,2.718815132348851193e+00,7.938544942142193861e-01,4.159028350595406209e-01,2.459557105153439949e+00,2.543217759072440742e+00,5.827476428286075816e-01,1.377708307279903011e+00,2.459462620410803879e-01,9.168326138578670736e-01,7.234387695555355435e-02,5.620215713753538012e-01,1.477063515303704833e-01,6.397952091029779353e-01,4.849574197259009622e+00,1.208138908542377976e+02
9.105656453307453546e-01,2.785507502716331629e+00,5.615232270850825103e-01,8.135335545686928072e-02,3.351227515722062122e+00,2.302462022832106214e+00,5.098057154174924221e-01,1.378985247742349429e+00,3.496689126628638178e-01,7.782392094975953967e-01,3.750411433795868277e-01,3.734339952298988408e-01,1.107139716130589591e-02,5.813784804657409211e-01,4.673633693554297253e+00,1.232364330148820954e+02
9.105656453307453546e-01,2.785507502716331629e+00,5.615232270850825103e-01,8.135335545686928072e-02,3.351227515722062122e+00,2.302462022832106214e+00,5.098057154174924221e-01,1.378985247742349429e+00,3.496689126628638178e-01,7.782392094975953967e-01,3.750411433795868277e-01,3.734339952298988408e-01,1.107139716130589591e-02,5.813784804657409211e-01,4.673633693554297253e+00,1.232364330148820954e+02
9.105656453307453546e-01,2.785507502716331629e+00,5.615232270850825103e-01,8.135335545686928072e-02,3.351227515722062122e+00,2.302462022832106214e+00,5.098057154174924221e-01,1.378985247742349429e+00,3.496689126628638178e-01,7.782392094975953967e-01,3.750411433795868277e-01,3.734339952298988408e-01,1.107139716130589591e-02,5.813784804657409211e-01,4.673633693554297253e+00,1.232364330148820954e+02
9.105656453307453546e-01,2.785507502716331629e+00,5.615232270850825103e-01,8.135335545686928072e-02,3.351227515722062122e+00,2.302462022832106214e+00,5.098057154174924221e-01,1.378985247742349429e+00,3.496689126628638178e-01,7.782392094975953967e-01,3.750411433795868277e-01,3.734339952298988408e-01,1.107139716130589591e-02,5.813784804657409211e-01,4.673633693554297253e+00,1.232364330148820954e+02
9.105656453307453546e-01,2.864426630955129838e+00,7.695567372077256607e-01,8.135335545686928072e-02,4.598517074744158606e+00,1.354452275293077435e+00,5.098057154174924221e-01,9.240251776816066354e-01,4.371634252321108249e-01,7.782392094975953967e-01,3.750411433795868277e-01,3.734339952298988408e-01,1.107139716130589591e-02,5.813784804657409211e-01,4.673633693554297253e+00,1.232364330148820954e+02
9.105656453307453546e-01,2.864426630955129838e+00,7.695567372077256607e-01,8.135335545686928072e-02,4.598517074744158606e+00,1.354452275293077435e+00,5.098057154174924221e-01,9.240251776816066354e-01,4.371634252321108249e-01,7.782392094975953967e-01,3.750411433795868277e-01,3.734339952298988408e-01,1.107139716130589591e-02,5.813784804657409211e-01,4.673633693554297253e+00,1.232364330148820954e+02
9.105656453307453546e-01,2.864426630955129838e+00,7.695567372077256607e-01,8.135335545686928072e-02,4.598517074744158606e+00,1.354452275293077435e+00,5.098057154174924221e-01,9.240251776816066354e-01,4.371634252321108249e-01,7.782392094975953967e-01,3.750411433795868277e-01,3.734339952298988408e-01,1.107139716130589591e-02,5.813784804657409211e-01,4.673633693554297253e+00,1.232364330148820954e+02
9.105656453307453546e-01,2.864426630955129838e+00,7.695567372077256607e-01,8.135335545686928072e-02,4.598517074744158606e+00,1.354452275293077435e+00,5.098057154174924221e-01,9.240251776816066354e-01,4.371634252321108249e-01,7.782392094975953967e-01,3.750411433795868277e-01,3.734339952298988408e-01,1.107139716130589591e-02,5.813784804657409211e-01,4.673633693554297253e+00,1.232364330148820954e+02
9.105656453307453546e-01,2.665000189129191455e+00,7.695567372077256607e-01,1.178440876312691898e-03,4.598517074744158606e+00,1.354452275293077435e+00,4.383741549824584638e-01,9.240251776816066354e-01,5.074171247004670704e-01,7.797208878071408833e-01,3.750411433795868277e-01,3.734339952298988408e-01,1.107139716130589591e-02,5.813784804657409211e-01,4.673633693554297253e+00,1.304709785064696916e+02
8.639894996817147899e-01,2.941862323794367740e+00,8.120914674668675559e-01,2.553179049316440796e-01,4.769126638230353876e+00,1.050839297306374931e+00,5.257901001175113720e-02,9.792981296825580273e-01,5.761426226704280396e-01,6.659013329761833688e-01,2.684473903693564978e-01,2.190062110252490868e-01,7.601438715465391738e-02,8.585327559353217453e-01,4.570212025351857221e+00,1.308123701373287986e+02
9.105656453307453546e-01,2.665000189129191455e+00,7.695567372077256607e-01,1.178440876312691898e-03,6.439609879927456149e+00,4.752064141154512811e-01,6.487680185953337286e-02,9.240251776816066354e-01,5.074171247004670704e-01,7.797208878071408833e-01,3.750411433795868277e-01,2.237173574787298946e-01,1.107139716130589591e-02,3.382211238664183384e-01,4.673633693554297253e+00,1.304709785064696916e+02
6.031971940178060265e-01,2.941862323794367740e+00,8.120914674668675559e-01,3.456741518745580777e-01,4.769126638230353876e+00,1.050839297306374931e+00,5.257901001175113720e-02,9.792981296825580273e-01,5.761426226704280396e-01,4.806865273916542947e-01,2.684473903693564978e-01,2.190062110252490868e-01,7.601438715465391738e-02,8.585327559353217453e-01,4.870428884329250252e+00,1.308123701373287986e+02
6.031971940178060265e-01,2.941862323794367740e+00,8.120914674668675559e-01,3.456741518745580777e-01,4.769126638230353876e+00,1.050839297306374931e+00,5.257901001175113720e-02,9.792981296825580273e-01,5.761426226704280396e-01,4.806865273916542947e-01,2.684473903693564978e-01,2.190062110252490868e-01,7.601438715465391738e-02,8.585327559353217453e-01,4.870428884329250252e+00,1.308123701373287986e+02
6.031971940178060265e-01,2.941862323794367740e+00,8.120914674668675559e-01,3.456741518745580777e-01,4.769126638230353876e+00,1.050839297306374931e+00,5.257901001175113720e-02,9.792981296825580273e-01,5.761426226704280396e-01,4.806865273916542947e-01,2.684473903693564978e-01,2.190062110252490868e-01,7.601438715465391738e-02,8.585327559353217453e-01,4.870428884329250252e+00,1.308123701373287986e+02
6.031971940178060265e-01,2.941862323794367740e+00,8.120914674668675559e-01,3.456741518745580777e-01,4.769126638230353876e+00,1.050839297306374931e+00,5.257901001175113720e-02,9.792981296825580273e-01,5.761426226704280396e-01,4.806865273916542947e-01,2.684473903693564978e-01,2.190062110252490868e-01,7.601438715465391738e-02,8.585327559353217453e-01,4.870428884329250252e+00,1.308123701373287986e+02
6.031971940178060265e-01,2.941862323794367740e+00,8.120914674668675559e-01,3.456741518745580777e-01,4.769126638230353876e+00,1.050839297306374931e+00,5.257901001175113720e-02,9.792981296825580273e-01,5.761426226704280396e-01,4.806865273916542947e-01,2.684473903693564978e-01,2.190062110252490868e-01,7.601438715465391738e-02,8.585327559353217453e-01,4.870428884329250252e+00,1.308123701373287986e+02
9.105656453307453546e-01,2.665000189129191455e+00,8.873740399078222651e-01,1.178440876312691898e-03,5.970160698642036579e+00,4.752064141154512811e-01,6.487680185953337286e-02,9.240251776816066354e-01,5.074171247004670704e-01,7.797208878071408833e-01,3.750411433795868277e-01,2.964737800876875440e-01,1.107139716130589591e-02,3.382211238664183384e-01,4.673633693554297253e+00,1.304709785064696916e+02
9.105656453307453546e-01,2.665000189129191455e+00,8.873740399078222651e-01,1.178440876312691898e-03,5.970160698642036579e+00,4.752064141154512811e-01,6.487680185953337286e-02,9.240251776816066354e-01,5.074171247004670704e-01,7.797208878071408833e-01,3.750411433795868277e-01,2.964737800876875440e-01,1.107139716130589591e-02,3.382211238664183384e-01,4.673633693554297253e+00,1.304709785064696916e+02
9.105656453307453546e-01,2.665000189129191455e+00,8.873740399078222651e-01,1.178440876312691898e-03,5.970160698642036579e+00,4.752064141154512811e-01,6.487680185953337286e-02,9.240251776816066354e-01,5.074171247004670704e-01,7.797208878071408833e-01,3.750411433795868277e-01,2.964737800876875440e-01,1.107139716130589591e-02,3.382211238664183384e-01,4.673633693554297253e+00,1.304709785064696916e+02
9.105656453307453546e-01,2.665000189129191455e+00,8.873740399078222651e-01,1.178440876312691898e-03,5.970160698642036579e+00,4.752064141154512811e-01,6.487680185953337286e-02,9.240251776816066354e-01,5.074171247004670704e-01,7.797208878071408833e-01,3.750411433795868277e-01,2.964737800876875440e-01,1.107139716130589591e-02,3.382211238664183384e-01,4.673633693554297253e+00,1.304709785064696916e+02
9.105656453307453546e-01,2.665000189129191455e+00,8.873740399078222651e-01,1.178440876312691898e-03,5.970160698642036579e+00,4.752064141154512811e-01,6.487680185953337286e-02,9.240251776816066354e-01,5.074171247004670704e-01,7.797208878071408833e-01,3.750411433795868277e-01,2.964737800876875440e-01,1.107139716130589591e-02,3.382211238664183384e-01,4.673633693554297253e+00,1.304709785064696916e+02
9.105656453307453546e-01,2.665000189129191455e+00,8.873740399078222651e-01,1.178440876312691898e-03,5.970160698642036579e+00,4.752064141154512811e-01,6.487680185953337286e-02,9.240251776816066354e-01,5.074171247004670704e-01,7.797208878071408833e-01,3.750411433795868277e-01,2.964737800876875440e-01,1.107139716130589591e-02,3.382211238664183384e-01,4.673633693554297253e+00,1.304709785064696916e+02
9.105656453307453546e-01,2.665000189129191455e+00,8.873740399078222651e-01,1.178440876312691898e-03,5.970160698642036579e+00,4.752064141154512811e-01,6.487680185953337286e-02,9.240251776816066354e-01,5.074171247004670704e-01,7.797208878071408833e-01,3.750411433795868277e-01,2.964737800876875440e-01,1.107139716130589591e-02,3.382211238664183384e-01,4.673633693554297253e+00,1.304709785064696916e+02
9.105656453307453546e-01,2.665000189129191455e+00,8.873740399078222651e-01,1.178440876312691898e-03,5.970160698642036579e+00,4.752064141154512811e-01,6.487680185953337286e-02,9.240251776816066354e-01,5.074171247004670704e-01,7.797208878071408833e-01,3.750411433795868277e-01,2.964737800876875440e-01,1.107139716130589591e-02,3.382211238664183384e-01,4.673633693554297253e+00,1.304709785064696916e+02
9.105656453307453546e-01,2.665000189129191455e+00,8.873740399078222651e-01,1.178440876312691898e-03,5.970160698642036579e+00,4.752064141154512811e-01,6.487680185953337286e-02,9.240251776816066354e-01,5.074171247004670704e-01,7.797208878071408833e-01,3.750411433795868277e-01,2.964737800876875440e-01,1.107139716130589591e-02,3.382211238664183384e-01,4.673633693554297253e+00,1.304709785064696916e+02
9.105656453307453546e-01,2.665000189129191455e+00,8.873740399078222651e-01,1.178440876312691898e-03,5.970160698642036579e+00,4.752064141154512811e-01,6.487680185953337286e-02,9.240251776816066354e-01,5.074171247004670704e-01,7.797208878071408833e-01,3.750411433795868277e-01,2.964737800876875440e-01,1.107139716130589591e-02,3.382211238664183384e-01,4.673633693554297253e+00,1.304709785064696916e+02
9.105656453307453546e-01,2.665000189129191455e+00,8.873740399078222651e-01,1.178440876312691898e-03,5.970160698642036579e+00,4.752064141154512811e-01,6.487680185953337286e-02,9.240251776816066354e-01,5.074171247004670704e-01,7.797208878071408833e-01,3.750411433795868277e-01,2.964737800876875440e-01,1.107139716130589591e-02,3.382211238664183384e-01,4.673633693554297253e+00,1.304709785064696916e+02
9.105656453307453546e-01,2.665000189129191455e+00,8.873740399078222651e-01,1.178440876312691898e-03,5.970160698642036579e+00,4.752064141154512811e-01,6.487680185953337286e-02,9.240251776816066354e-01,5.074171247004670704e-01,7.797208878071408833e-01,3.750411433795868277e-01,2.964737800876875440e-01,1.107139716130589591e-02,3.382211238664183384e-01,4.673633693554297253e+00,1.304709785064696916e+02
9.105656453307453546e-01,2.665000189129191455e+00,8.873740399078222651e-01,1.178440876312691898e-03,5.970160698642036579e+00,4.752064141154512811e-01,6.487680185953337286e-02,9.240251776816066354e-01,5.074171247004670704e-01,7.797208878071408833e-01,3.750411433795868277e-01,2.964737800876875440e-01,1.107139716130589591e-02,3.382211238664183384e-01,4.673633693554297253e+00,1.304709785064696916e+02
9.105656453307453546e-01,2.665000189129191455e+00,8.873740399078222651e-01,1.178440876312691898e-03,5.970160698642036579e+00,4.752064141154512811e-01,6.487680185953337286e-02,9.240251776816066354e-01,5.074171247004670704e-01,7.797208878071408833e-01,3.750411433795868277e-01,2.964737800876875440e-01,1.107139716130589591e-02,3.382211238664183384e-01,4.673633693554297253e+00,1.304709785064696916e+02
9.105656453307453546e-01,2.665000189129191455e+00,8.873740399078222651e-01,1.178440876312691898e-03,5.970160698642036579e+00,4.752064141154512811e-01,6.487680185953337286e-02,9.240251776816066354e-01,5.074171247004670704e-01,7.797208878071408833e-01,3.750411433795868277e-01,2.964737800876875440e-01,1.107139716130589591e-02,3.382211238664183384e-01,4.673633693554297253e+00,1.304709785064696916e+02
9.105656453307453546e-01,2.665000189129191455e+00,8.873740399078222651e-01,1.178440876312691898e-03,5.970160698642036579e+00,4.752064141154512811e-01,6.487680185953337286e-02,9.240251776816066354e-01,5.074171247004670704e-01,7.797208878071408833e-01,3.750411433795868277e-01,2.964737800876875440e-01,1.107139716130589591e-02,3.382211238664183384e-01,4.673633693554297253e+00,1.304709785064696916e+02
9.105656453307453546e-01,2.665000189129191455e+00,8.873740399078222651e-01,1.178440876312691898e-03,5.970160698642036579e+00,4.752064141154512811e-01,6.487680185953337286e-02,9.240251776816066354e-01,5.074171247004670704e-01,7.797208878071408833e-01,3.750411433795868277e-01,2.964737800876875440e-01,1.107139716130589591e-02,3.382211238664183384e-01,4.673633693554297253e+00,1.304709785064696916e+02
9.105656453307453546e-01,2.665000189129191455e+00,8.873740399078222651e-01,1.178440876312691898e-03,5.970160698642036579e+00,4.752064141154512811e-01,6.487680185953337286e-02,9.240251776816066354e-01,5.074171247004670704e-01,7.797208878071408833e-01,3.750411433795868277e-01,2.964737800876875440e-01,1.107139716130589591e-02,3.382211238664183384e-01,4.673633693554297253e+00,1.304709785064696916e+02
9.105656453307453546e-01,2.665000189129191455e+00,8.873740399078222651e-01,1.178440876312691898e-03,5.970160698642036579e+00,4.752064141154512811e-01,6.487680185953337286e-02,9.240251776816066354e-01,5.074171247004670704e-01,7.797208878071408833e-01,3.750411433795868277e-01,2.964737800876875440e-01,1.107139716130589591e-02,3.382211238664183384e-01,4.673633693554297253e+00,1.304709785064696916e+02
5.706015678156362014e-01,2.665000189129191455e+00,8.873740399078222651e-01,1.178440876312691898e-03,5.970160698642036579e+00,4.752064141154512811e-01,6.487680185953337286e-02,9.240251776816066354e-01,5.074171247004670704e-01,7.797208878071408833e-01,3.750411433795868277e-01,3.602182849221300387e-01,1.107139716130589591e-02,3.466383565455153359e-01,4.673633693554297253e+00,1.336768766885979858e+02
5.706015678156362014e-01,2.665000189129191455e+00,8.873740399078222651e-01,1.178440876312691898e-03,5.970160698642036579e+00,4.752064141154512811e-01,6.487680185953337286e-02,9.240251776816066354e-01,5.074171247004670704e-01,7.797208878071408833e-01,3.750411433795868277e-01,3.602182849221300387e-01,1.107139716130589591e-02,3.466383565455153359e-01,4.673633693554297253e+00,1.336768766885979858e+02
5.706015678156362014e-01,2.665000189129191455e+00,8.873740399078222651e-01,1.178440876312691898e-03,5.970160698642036579e+00,4.752064141154512811e-01,6.487680185953337286e-02,9.240251776816066354e-01,5.074171247004670704e-01,7.797208878071408833e-01,3.750411433795868277e-01,3.602182849221300387e-01,1.107139716130589591e-02,3.466383565455153359e-01,4.673633693554297253e+00,1.336768766885979858e+02
5.706015678156362014e-01,2.665000189129191455e+00,8.873740399078222651e-01,1.178440876312691898e-03,5.970160698642036579e+00,4.752064141154512811e-01,6.487680185953337286e-02,9.240251776816066354e-01,5.074171247004670704e-01,7.797208878071408833e-01,3.750411433795868277e-01,3.602182849221300387e-01,1.107139716130589591e-02,3.466383565455153359e-01,4.673633693554297253e+00,1.336768766885979858e+02
5.706015678156362014e-01,2.665000189129191455e+00,8.873740399078222651e-01,1.178440876312691898e-03,5.970160698642036579e+00,4.752064141154512811e-01,6.487680185953337286e-02,9.240251776816066354e-01,5.074171247004670704e-01,7.797208878071408833e-01,3.750411433795868277e-01,3.602182849221300387e-01,1.107139716130589591e-02,3.466383565455153359e-01,4.673633693554297253e+00,1.336768766885979858e+02
5.706015678156362014e-01,2.665000189129191455e+00,8.873740399078222651e-01,1.178440876312691898e-03,5.970160698642036579e+00,4.752064141154512811e-01,6.487680185953337286e-02,9.240251776816066354e-01,5.074171247004670704e-01,7.797208878071408833e-01,3.750411433795868277e-01,3.602182849221300387e-01,1.107139716130589591e-02,3.466383565455153359e-01,4.673633693554297253e+00,1.336768766885979858e+02
6.881550271826846199e-01,2.889526688846046909e+00,6.348109289749679363e-01,9.515559425463102627e-01,5.411591334944276355e+00,4.022046591060366438e-01,2.152737702831188926e-01,8.135538652723290909e-01,5.141422341389620954e-01,8.727743677462136418e-01,1.854813584904562163e-01,1.972623296979243435e-01,8.670741046792329598e-03,4.595898526584072386e-01,4.779550143640761917e+00,1.256993975490668163e+02
6.881550271826846199e-01,2.889526688846046909e+00,6.348109289749679363e-01,9.515559425463102627e-01,5.411591334944276355e+00,4.022046591060366438e-01,2.152737702831188926e-01,8.135538652723290909e-01,5.141422341389620954e-01,8.727743677462136418e-01,1.854813584904562163e-01,1.972623296979243435e-01,8.670741046792329598e-03,4.595898526584072386e-01,4.779550143640761917e+00,1.256993975490668163e+02
6.881550271826846199e-01,2.889526688846046909e+00,6.348109289749679363e-01,9.515559425463102627e-01,5.411591334944276355e+00,4.022046591060366438e-01,2.152737702831188926e-01,8.135538652723290909e-01,5.141422341389620954e-01,8.727743677462136418e-01,1.854813584904562163e-01,1.972623296979243435e-01,8.670741046792329598e-03,4.595898526584072386e-01,4.779550143640761917e+00,1.256993975490668163e+02
6.881550271826846199e-01,2.889526688846046909e+00,6.348109289749679363e-01,9.515559425463102627e-01,5.411591334944276355e+00,4.022046591060366438e-01,2.152737702831188926e-01,8.135538652723290909e-01,5.141422341389620954e-01,8.727743677462136418e-01,1.854813584904562163e-01,1.972623296979243435e-01,8.670741046792329598e-03,4.595898526584072386e-01,4.779550143640761917e+00,1.256993975490668163e+02
6.881550271826846199e-01,2.889526688846046909e+00,6.348109289749679363e-01,9.515559425463102627e-01,5.411591334944276355e+00,4.022046591060366438e-01,2.152737702831188926e-01,8.135538652723290909e-01,5.141422341389620954e-01,8.727743677462136418e-01,1.854813584904562163e-01,1.972623296979243435e-01,8.670741046792329598e-03,4.595898526584072386e-01,4.779550143640761917e+00,1.256993975490668163e+02
6.881550271826846199e-01,2.889526688846046909e+00,6.348109289749679363e-01,9.515559425463102627e-01,5.411591334944276355e+00,4.022046591060366438e-01,2.152737702831188926e-01,8.135538652723290909e-01,5.141422341389620954e-01,8.727743677462136418e-01,1.854813584904562163e-01,1.972623296979243435e-01,8.670741046792329598e-03,4.595898526584072386e-01,4.779550143640761917e+00,1.256993975490668163e+02
6.881550271826846199e-01,2.889526688846046909e+00,6.348109289749679363e-01,9.515559425463102627e-01,5.411591334944276355e+00,4.022046591060366438e-01,2.152737702831188926e-01,8.135538652723290909e-01,5.141422341389620954e-01,8.727743677462136418e-01,1.854813584904562163e-01,1.972623296979243435e-01,8.670741046792329598e-03,4.595898526584072386e-01,4.779550143640761917e+00,1.256993975490668163e+02
6.881550271826846199e-01,2.889526688846046909e+00,6.348109289749679363e-01,9.515559425463102627e-01,5.411591334944276355e+00,4.022046591060366438e-01,2.152737702831188926e-01,8.135538652723290909e-01,5.141422341389620954e-01,8.727743677462136418e-01,1.854813584904562163e-01,1.972623296979243435e-01,8.670741046792329598e-03,4.595898526584072386e-01,4.779550143640761917e+00,1.256993975490668163e+02
6.881550271826846199e-01,2.889526688846046909e+00,6.348109289749679363e-01,9.515559425463102627e-01,5.411591334944276355e+00,4.022046591060366438e-01,2.152737702831188926e-01,8.135538652723290909e-01,5.141422341389620954e-01,8.727743677462136418e-01,1.854813584904562163e-01,1.972623296979243435e-01,8.670741046792329598e-03,4.595898526584072386e-01,4.779550143640761917e+00,1.256993975490668163e+02
6.881550271826846199e-01,2.889526688846046909e+00,6.348109289749679363e-01,9.515559425463102627e-01,5.411591334944276355e+00,4.022046591060366438e-01,2.152737702831188926e-01,8.135538652723290909e-01,5.141422341389620954e-01,8.727743677462136418e-01,1.854813584904562163e-01,1.972623296979243435e-01,8.670741046792329598e-03,4.595898526584072386e-01,4.779550143640761917e+00,1.256993975490668163e+02
8.060320629854409447e-01,2.949230275691835601e+00,3.440238611594352847e-01,2.860028470589988103e-01,5.398240574390317903e+00,1.075919590068409093e+00,3.298373842364625830e-01,3.877940334677312251e-01,7.165087392268070232e-01,7.855894164052728001e-01,1.897543521627973462e-01,3.163111505266655854e-01,1.134922439900165614e-02,8.069173106552973707e-01,4.638522384955809486e+00,1.149930534185905344e+02
8.060320629854409447e-01,2.949230275691835601e+00,3.440238611594352847e-01,2.860028470589988103e-01,5.398240574390317903e+00,1.075919590068409093e+00,3.298373842364625830e-01,3.877940334677312251e-01,7.165087392268070232e-01,7.855894164052728001e-01,1.897543521627973462e-01,3.163111505266655854e-01,1.134922439900165614e-02,8.069173106552973707e-01,4.638522384955809486e+00,1.149930534185905344e+02
8.060320629854409447e-01,2.949230275691835601e+00,3.440238611594352847e-01,2.860028470589988103e-01,5.398240574390317903e+00,1.075919590068409093e+00,3.298373842364625830e-01,3.877940334677312251e-01,7.165087392268070232e-01,7.855894164052728001e-01,1.897543521627973462e-01,3.163111505266655854e-01,1.134922439900165614e-02,8.069173106552973707e-01,4.638522384955809486e+00,1.149930534185905344e+02
8.060320629854409447e-01,2.949230275691835601e+00,3.440238611594352847e-01,2.860028470589988103e-01,5.398240574390317903e+00,1.075919590068409093e+00,3.298373842364625830e-01,3.877940334677312251e-01,7.165087392268070232e-01,7.855894164052728001e-01,1.897543521627973462e-01,3.163111505266655854e-01,1.134922439900165614e-02,8.069173106552973707e-01,4.638522384955809486e+00,1.149930534185905344e+02
8.060320629854409447e-01,2.949230275691835601e+00,3.440238611594352847e-01,2.860028470589988103e-01,5.398240574390317903e+00,1.075919590068409093e+00,3.298373842364625830e-01,3.877940334677312251e-01,7.165087392268070232e-01,7.855894164052728001e-01,1.897543521627973462e-01,3.163111505266655854e-01,1.134922439900165614e-02,8.069173106552973707e-01,4.638522384955809486e+00,1.149930534185905344e+02
8.060320629854409447e-01,2.949230275691835601e+00,3.440238611594352847e-01,2.860028470589988103e-01,5.398240574390317903e+00,1.075919590068409093e+00,3.298373842364625830e-01,3.877940334677312251e-01,7.165087392268070232e-01,7.855894164052728001e-01,1.897543521627973462e-01,3.163111505266655854e-01,1.134922439900165614e-02,8.069173106552973707e-01,4.638522384955809486e+00,1.149930534185905344e+02
8.060320629854409447e-01,2.949230275691835601e+00,3.440238611594352847e-01,2.860028470589988103e-01,5.398240574390317903e+00,1.075919590068409093e+00,3.298373842364625830e-01,3.877940334677312251e-01,7.165087392268070232e-01,7.855894164052728001e-01,1.897543521627973462e-01,3.163111505266655854e-01,1.134922439900165614e-02,8.069173106552973707e-01,4.638522384955809486e+00,1.149930534185905344e+02
8.060320629854409447e-01,2.949230275691835601e+00,3.440238611594352847e-01,2.860028470589988103e-01,5.398240574390317903e+00,1.075919590068409093e+00,3.298373842364625830e-01,3.877940334677312251e-01,7.165087392268070232e-01,7.855894164052728001e-01,1.897543521627973462e-01,3.163111505266655854e-01,1.134922439900165614e-02,8.069173106552973707e-01,4.638522384955809486e+00,1.149930534185905344e+02
8.060320629854409447e-01,2.949230275691835601e+00,3.440238611594352847e-01,2.860028470589988103e-01,5.398240574390317903e+00,1.075919590068409093e+00,3.298373842364625830e-01,3.877940334677312251e-01,7.165087392268070232e-01,7.855894164052728001e-01,1.897543521627973462e-01,3.163111505266655854e-01,1.134922439900165614e-02,8.069173106552973707e-01,4.638522384955809486e+00,1.149930534185905344e+02
8.060320629854409447e-01,2.949230275691835601e+00,3.440238611594352847e-01,2.860028470589988103e-01,5.398240574390317903e+00,1.075919590068409093e+00,3.298373842364625830e-01,3.877940334677312251e-01,7.165087392268070232e-01,7.855894164052728001e-01,1.897543521627973462e-01,3.163111505266655854e-01,1.134922439900165614e-02,8.069173106552973707e-01,4.638522384955809486e+00,1.149930534185905344e+02
8.214212329817698333e-01,2.949230275691835601e+00,3.440238611594352847e-01,2.860028470589988103e-01,5.398240574390317903e+00,1.075919590068409093e+00,3.298373842364625830e-01,3.877940334677312251e-01,7.165087392268070232e-01,7.841942798177754526e-01,2.427175523824693926e-01,2.176197379634920992e-01,1.134922439900165614e-02,8.069173106552973707e-01,4.613729265907270616e+00,1.163051549278038692e+02
8.214212329817698333e-01,2.949230275691835601e+00,3.440238611594352847e-01,2.860028470589988103e-01,5.398240574390317903e+00,1.075919590068409093e+00,3.298373842364625830e-01,3.877940334677312251e-01,7.165087392268070232e-01,7.841942798177754526e-01,2.427175523824693926e-01,2.176197379634920992e-01,1.134922439900165614e-02,8.069173106552973707e-01,4.613729265907270616e+00,1.163051549278038692e+02
8.214212329817698333e-01,2.949230275691835601e+00,3.440238611594352847e-01,2.860028470589988103e-01,5.398240574390317903e+00,1.075919590068409093e+00,3.298373842364625830e-01,3.877940334677312251e-01,7.165087392268070232e-01,7.841942798177754526e-01,2.427175523824693926e-01,2.176197379634920992e-01,1.134922439900165614e-02,8.069173106552973707e-01,4.613729265907270616e+00,1.163051549278038692e+02
8.214212329817698333e-01,2.949230275691835601e+00,3.440238611594352847e-01,2.860028470589988103e-01,5.398240574390317903e+00,1.075919590068409093e+00,3.298373842364625830e-01,3.877940334677312251e-01,7.165087392268070232e-01,7.841942798177754526e-01,2.427175523824693926e-01,2.176197379634920992e-01,1.134922439900165614e-02,8.069173106552973707e-01,4.613729265907270616e+00,1.163051549278038692e+02
8.214212329817698333e-01,2.949230275691835601e+00,3.440238611594352847e-01,2.860028470589988103e-01,5.398240574390317903e+00,1.075919590068409093e+00,3.298373842364625830e-01,3.877940334677312251e-01,7.165087392268070232e-01,7.841942798177754526e-01,2.427175523824693926e-01,2.176197379634920992e-01,1.134922439900165614e-02,8.069173106552973707e-01,4.613729265907270616e+00,1.163051549278038692e+02
8.214212329817698333e-01,2.949230275691835601e+00,3.440238611594352847e-01,2.860028470589988103e-01,5.398240574390317903e+00,1.075919590068409093e+00,3.298373842364625830e-01,3.877940334677312251e-01,7.165087392268070232e-01,7.841942798177754526e-01,2.427175523824693926e-01,2.176197379634920992e-01,1.134922439900165614e-02,8.069173106552973707e-01,4.613729265907270616e+00,1.163051549278038692e+02
8.214212329817698333e-01,2.949230275691835601e+00,3.440238611594352847e-01,2.860028470589988103e-01,5.398240574390317903e+00,1.075919590068409093e+00,3.298373842364625830e-01,3.877940334677312251e-01,7.165087392268070232e-01,7.841942798177754526e-01,2.427175523824693926e-01,2.176197379634920992e-01,1.134922439900165614e-02,8.069173106552973707e-01,4.613729265907270616e+00,1.163051549278038692e+02
8.214212329817698333e-01,2.949230275691835601e+00,3.440238611594352847e-01,2.860028470589988103e-01,5.398240574390317903e+00,1.075919590068409093e+00,3.298373842364625830e-01,3.877940334677312251e-01,7.165087392268070232e-01,7.841942798177754526e-01,2.427175523824693926e-01,2.176197379634920992e-01,1.134922439900165614e-02,8.069173106552973707e-01,4.613729265907270616e+00,1.163051549278038692e+02
8.214212329817698333e-01,2.949230275691835601e+00,3.440238611594352847e-01,2.860028470589988103e-01,5.398240574390317903e+00,1.075919590068409093e+00,3.298373842364625830e-01,3.877940334677312251e-01,7.165087392268070232e-01,7.841942798177754526e-01,2.427175523824693926e-01,2.176197379634920992e-01,1.134922439900165614e-02,8.069173106552973707e-01,4.613729265907270616e+00,1.163051549278038692e+02
8.214212329817698333e-01,2.949230275691835601e+00,3.440238611594352847e-01,2.860028470589988103e-01,5.398240574390317903e+00,1.075919590068409093e+00,3.298373842364625830e-01,3.877940334677312251e-01,7.165087392268070232e-01,7.841942798177754526e-01,2.427175523824693926e-01,2.176197379634920992e-01,1.134922439900165614e-02,8.069173106552973707e-01,4.613729265907270616e+00,1.163051549278038692e+02
8.214212329817698333e-01,2.949230275691835601e+00,3.440238611594352847e-01,2.860028470589988103e-01,5.398240574390317903e+00,1.075919590068409093e+00,3.298373842364625830e-01,3.877940334677312251e-01,7.165087392268070232e-01,7.841942798177754526e-01,2.427175523824693926e-01,2.176197379634920992e-01,1.134922439900165614e-02,8.069173106552973707e-01,4.613729265907270616e+00,1.163051549278038692e+02
8.214212329817698333e-01,2.949230275691835601e+00,3.440238611594352847e-01,2.860028470589988103e-01,5.398240574390317903e+00,1.075919590068409093e+00,3.298373842364625830e-01,3.877940334677312251e-01,7.165087392268070232e-01,7.841942798177754526e-01,2.427175523824693926e-01,2.176197379634920992e-01,1.134922439900165614e-02,8.069173106552973707e-01,4.613729265907270616e+00,1.163051549278038692e+02
8.214212329817698333e-01,2.949230275691835601e+00,3.440238611594352847e-01,2.860028470589988103e-01,5.398240574390317903e+00,1.075919590068409093e+00,3.298373842364625830e-01,3.877940334677312251e-01,7.165087392268070232e-01,7.841942798177754526e-01,2.427175523824693926e-01,2.176197379634920992e-01,1.134922439900165614e-02,8.069173106552973707e-01,4.613729265907270616e+00,1.163051549278038692e+02
8.214212329817698333e-01,2.949230275691835601e+00,3.440238611594352847e-01,2.860028470589988103e-01,5.398240574390317903e+00,1.075919590068409093e+00,3.298373842364625830e-01,3.877940334677312251e-01,7.165087392268070232e-01,7.841942798177754526e-01,2.427175523824693926e-01,2.176197379634920992e-01,1.134922439900165614e-02,8.069173106552973707e-01,4.613729265907270616e+00,1.163051549278038692e+02
8.214212329817698333e-01,2.949230275691835601e+00,3.440238611594352847e-01,2.860028470589988103e-01,5.398240574390317903e+00,1.075919590068409093e+00,3.298373842364625830e-01,3.877940334677312251e-01,7.165087392268070232e-01,7.841942798177754526e-01,2.427175523824693926e-01,2.176197379634920992e-01,1.134922439900165614e-02,8.069173106552973707e-01,4.613729265907270616e+00,1.163051549278038692e+02
6.645958503121249805e-01,2.064687648437839584e+00,6.830417138752373774e-01,5.561568969209673696e-03,5.784380072804559347e+00,1.148172906715203112e+00,3.770007890651250193e-01,4.776941543842418980e-01,7.104039450846926229e-01,7.416276415965405988e-01,9.045838781779735882e-02,2.035757768058594763e-01,5.365934089724788691e-02,9.734138015005484590e-01,4.578472326236031620e+00,1.228043413555451480e+02
